scenario_id,candidate_id,inner_angle_deg,outer_angle_deg,current_angle_deg,ia_a,ib_a,ic_a,raw_gap_torque_nm,comparison_torque_nm
phase_p120,low_tavg,0,0,120.0,-1.7499999999999991,3.5,-1.7500000000000016,-0.8225569447241405,1.645113889448281
phase_p120,low_tavg,3,0,132.0,-2.341957122256004,3.42351660256832,-1.0815594803123165,-0.754852798476956,1.509705596953912
phase_p120,low_tavg,6,0,144.0,-2.8315594803123156,3.197409101749103,-0.3658496214367868,-1.08314363730653,2.16628727461306
phase_p120,low_tavg,9,0,156.0,-3.197409101749103,2.831559480312316,0.36584962143678545,-0.6747700715343071,1.3495401430686143
phase_p120,low_tavg,12,0,168.0,-3.42351660256832,2.341957122256004,1.0815594803123152,-0.9532449202138319,1.9064898404276638
phase_p120,low_tavg,15,0,180.0,-3.5,1.7500000000000004,1.7500000000000004,-0.8228426937608844,1.6456853875217687
phase_p120,median_tavg,0,0,120.0,-1.7499999999999991,3.5,-1.7500000000000016,-1.671410712280374,3.342821424560748
phase_p120,median_tavg,3,0,132.0,-2.341957122256004,3.42351660256832,-1.0815594803123165,-1.348258145463691,2.696516290927382
phase_p120,median_tavg,6,0,144.0,-2.8315594803123156,3.197409101749103,-0.3658496214367868,-1.6847199877755,3.369439975551
phase_p120,median_tavg,9,0,156.0,-3.197409101749103,2.831559480312316,0.36584962143678545,-1.441838141082374,2.883676282164748
phase_p120,median_tavg,12,0,168.0,-3.42351660256832,2.341957122256004,1.0815594803123152,-1.727725315027227,3.455450630054454
phase_p120,median_tavg,15,0,180.0,-3.5,1.7500000000000004,1.7500000000000004,-1.669991857262958,3.339983714525916
phase_p120,high_tavg,0,0,120.0,-1.7499999999999991,3.5,-1.7500000000000016,-1.85219808834781,3.70439617669562
phase_p120,high_tavg,3,0,132.0,-2.341957122256004,3.42351660256832,-1.0815594803123165,-1.802987760616998,3.605975521233996
phase_p120,high_tavg,6,0,144.0,-2.8315594803123156,3.197409101749103,-0.3658496214367868,-2.10661287475984,4.21322574951968
phase_p120,high_tavg,9,0,156.0,-3.197409101749103,2.831559480312316,0.36584962143678545,-1.840444960312129,3.680889920624258
phase_p120,high_tavg,12,0,168.0,-3.42351660256832,2.341957122256004,1.0815594803123152,-1.963148240893205,3.92629648178641
phase_p120,high_tavg,15,0,180.0,-3.5,1.7500000000000004,1.7500000000000004,-1.853054471647228,3.706108943294456
phase_p120,final_low_tavg,0,0,120.0,-1.7499999999999991,3.5,-1.7500000000000016,-1.514922623683236,3.029845247366472
phase_p120,final_low_tavg,3,0,132.0,-2.341957122256004,3.42351660256832,-1.0815594803123165,-1.708725233657837,3.417450467315674
phase_p120,final_low_tavg,6,0,144.0,-2.8315594803123156,3.197409101749103,-0.3658496214367868,-1.639223459321425,3.27844691864285
phase_p120,final_low_tavg,9,0,156.0,-3.197409101749103,2.831559480312316,0.36584962143678545,-1.491115982983093,2.982231965966186
phase_p120,final_low_tavg,12,0,168.0,-3.42351660256832,2.341957122256004,1.0815594803123152,-1.467770912217416,2.935541824434832
phase_p120,final_low_tavg,15,0,180.0,-3.5,1.7500000000000004,1.7500000000000004,-1.515359524662111,3.030719049324222
phase_p120,final_high_tavg,0,0,120.0,-1.7499999999999991,3.5,-1.7500000000000016,-1.675221346162884,3.350442692325768
phase_p120,final_high_tavg,3,0,132.0,-2.341957122256004,3.42351660256832,-1.0815594803123165,-2.071396862527357,4.142793725054714
phase_p120,final_high_tavg,6,0,144.0,-2.8315594803123156,3.197409101749103,-0.3658496214367868,-2.119973023518127,4.239946047036254
phase_p120,final_high_tavg,9,0,156.0,-3.197409101749103,2.831559480312316,0.36584962143678545,-1.960546790968785,3.92109358193757
phase_p120,final_high_tavg,12,0,168.0,-3.42351660256832,2.341957122256004,1.0815594803123152,-1.609176393938858,3.218352787877716
phase_p120,final_high_tavg,15,0,180.0,-3.5,1.7500000000000004,1.7500000000000004,-1.675983117980562,3.351966235961124
phase_m3,low_tavg,0,0,-3.0,3.4952033716410082,-1.9062366225525949,-1.5889667490884136,-0.7467283257481004,1.4934566514962009
phase_m3,low_tavg,3,0,9.0,3.456909192082982,-1.2542878234085508,-2.2026213686744303,-0.936822088375499,1.873644176750998
phase_m3,low_tavg,6,0,21.0,3.267531492740206,-0.5475206276408079,-2.720010865099398,-0.7831341844268138,1.5662683688536276
phase_m3,low_tavg,9,0,33.0,2.935346987808984,0.1831758468503039,-3.118522834659287,-0.8152501737283073,1.6305003474566147
phase_m3,low_tavg,12,0,45.0,2.4748737341529163,0.9058666578588226,-3.380740392011739,-0.6115290555858789,1.2230581111717578
phase_m3,low_tavg,15,0,57.0,1.9062366225525949,1.5889667490884138,-3.4952033716410082,-0.745578306196792,1.491156612393584
phase_m3,median_tavg,0,0,-3.0,3.4952033716410082,-1.9062366225525949,-1.5889667490884136,-1.566828786125507,3.133657572251014
phase_m3,median_tavg,3,0,9.0,3.456909192082982,-1.2542878234085508,-2.2026213686744303,-1.378037785542603,2.756075571085206
phase_m3,median_tavg,6,0,21.0,3.267531492740206,-0.5475206276408079,-2.720010865099398,-1.350414031445114,2.700828062890228
phase_m3,median_tavg,9,0,33.0,2.935346987808984,0.1831758468503039,-3.118522834659287,-1.447999498532291,2.895998997064582
phase_m3,median_tavg,12,0,45.0,2.4748737341529163,0.9058666578588226,-3.380740392011739,-1.45252480253743,2.90504960507486
phase_m3,median_tavg,15,0,57.0,1.9062366225525949,1.5889667490884138,-3.4952033716410082,-1.567500015278223,3.135000030556446
phase_m3,high_tavg,0,0,-3.0,3.4952033716410082,-1.9062366225525949,-1.5889667490884136,-1.837340938765687,3.674681877531374
phase_m3,high_tavg,3,0,9.0,3.456909192082982,-1.2542878234085508,-2.2026213686744303,-1.848948730391554,3.697897460783108
phase_m3,high_tavg,6,0,21.0,3.267531492740206,-0.5475206276408079,-2.720010865099398,-1.892493719853418,3.784987439706836
phase_m3,high_tavg,9,0,33.0,2.935346987808984,0.1831758468503039,-3.118522834659287,-1.624260159371798,3.248520318743596
phase_m3,high_tavg,12,0,45.0,2.4748737341529163,0.9058666578588226,-3.380740392011739,-1.693764824623156,3.387529649246312
phase_m3,high_tavg,15,0,57.0,1.9062366225525949,1.5889667490884138,-3.4952033716410082,-1.84036034051519,3.68072068103038
phase_m3,final_low_tavg,0,0,-3.0,3.4952033716410082,-1.9062366225525949,-1.5889667490884136,-1.427035181940637,2.854070363881274
phase_m3,final_low_tavg,3,0,9.0,3.456909192082982,-1.2542878234085508,-2.2026213686744303,-1.672891222258429,3.345782444516858
phase_m3,final_low_tavg,6,0,21.0,3.267531492740206,-0.5475206276408079,-2.720010865099398,-1.312530799322659,2.625061598645318
phase_m3,final_low_tavg,9,0,33.0,2.935346987808984,0.1831758468503039,-3.118522834659287,-1.499704320422307,2.999408640844614
phase_m3,final_low_tavg,12,0,45.0,2.4748737341529163,0.9058666578588226,-3.380740392011739,-1.24361177694842,2.48722355389684
phase_m3,final_low_tavg,15,0,57.0,1.9062366225525949,1.5889667490884138,-3.4952033716410082,-1.428636947913577,2.857273895827154
phase_m3,final_high_tavg,0,0,-3.0,3.4952033716410082,-1.9062366225525949,-1.5889667490884136,-1.637563327146268,3.275126654292536
phase_m3,final_high_tavg,3,0,9.0,3.456909192082982,-1.2542878234085508,-2.2026213686744303,-2.169065757647985,4.33813151529597
phase_m3,final_high_tavg,6,0,21.0,3.267531492740206,-0.5475206276408079,-2.720010865099398,-1.880672046415755,3.76134409283151
phase_m3,final_high_tavg,9,0,33.0,2.935346987808984,0.1831758468503039,-3.118522834659287,-1.792071618469188,3.584143236938376
phase_m3,final_high_tavg,12,0,45.0,2.4748737341529163,0.9058666578588226,-3.380740392011739,-1.296119508774718,2.592239017549436
phase_m3,final_high_tavg,15,0,57.0,1.9062366225525949,1.5889667490884138,-3.4952033716410082,-1.640368492675581,3.280736985351162
phase_m1,low_tavg,0,0,-1.0,3.4994669330473696,-1.80263326218519,-1.6968336708621794,-0.7974017544666746,1.5948035089333492
phase_m1,low_tavg,3,0,11.0,3.435695142066824,-1.1394885406000483,-2.2962066014667752,-0.9869228987212245,1.973845797442449
phase_m1,low_tavg,6,0,23.0,3.2217669870835413,-0.4265427019180158,-2.795224285165525,-0.839443443301051,1.678886886602102
phase_m1,low_tavg,9,0,35.0,2.8670321550114712,0.3050450996168035,-3.1720772546282747,-0.8674603789881772,1.7349207579763544
phase_m1,low_tavg,12,0,47.0,2.386994260218745,1.0233009665295787,-3.410295226748323,-0.6665325672992107,1.3330651345984215
phase_m1,low_tavg,15,0,59.0,1.8026332621851895,1.6968336708621798,-3.4994669330473696,-0.7962586164059101,1.5925172328118202
phase_m1,median_tavg,0,0,-1.0,3.4994669330473696,-1.80263326218519,-1.6968336708621794,-1.672694026169373,3.345388052338746
phase_m1,median_tavg,3,0,11.0,3.435695142066824,-1.1394885406000483,-2.2962066014667752,-1.471777706921991,2.943555413843982
phase_m1,median_tavg,6,0,23.0,3.2217669870835413,-0.4265427019180158,-2.795224285165525,-1.446726055117407,2.893452110234814
phase_m1,median_tavg,9,0,35.0,2.8670321550114712,0.3050450996168035,-3.1720772546282747,-1.541664304217984,3.083328608435968
phase_m1,median_tavg,12,0,47.0,2.386994260218745,1.0233009665295787,-3.410295226748323,-1.550029567540431,3.100059135080862
phase_m1,median_tavg,15,0,59.0,1.8026332621851895,1.6968336708621798,-3.4994669330473696,-1.673315087846557,3.346630175693114
phase_m1,high_tavg,0,0,-1.0,3.4994669330473696,-1.80263326218519,-1.6968336708621794,-1.961824034702497,3.923648069404994
phase_m1,high_tavg,3,0,11.0,3.435695142066824,-1.1394885406000483,-2.2962066014667752,-1.965628327249466,3.931256654498932
phase_m1,high_tavg,6,0,23.0,3.2217669870835413,-0.4265427019180158,-2.795224285165525,-2.010879791129461,4.021759582258922
phase_m1,high_tavg,9,0,35.0,2.8670321550114712,0.3050450996168035,-3.1720772546282747,-1.744772740190596,3.489545480381192
phase_m1,high_tavg,12,0,47.0,2.386994260218745,1.0233009665295787,-3.410295226748323,-1.817024017102544,3.634048034205088
phase_m1,high_tavg,15,0,59.0,1.8026332621851895,1.6968336708621798,-3.4994669330473696,-1.964799387884288,3.929598775768576
phase_m1,final_low_tavg,0,0,-1.0,3.4994669330473696,-1.80263326218519,-1.6968336708621794,-1.523769944115608,3.047539888231216
phase_m1,final_low_tavg,3,0,11.0,3.435695142066824,-1.1394885406000483,-2.2962066014667752,-1.769980459192149,3.539960918384298
phase_m1,final_low_tavg,6,0,23.0,3.2217669870835413,-0.4265427019180158,-2.795224285165525,-1.409165991522279,2.818331983044558
phase_m1,final_low_tavg,9,0,35.0,2.8670321550114712,0.3050450996168035,-3.1720772546282747,-1.594083418282752,3.188166836565504
phase_m1,final_low_tavg,12,0,47.0,2.386994260218745,1.0233009665295787,-3.410295226748323,-1.344012616705289,2.688025233410578
phase_m1,final_low_tavg,15,0,59.0,1.8026332621851895,1.6968336708621798,-3.4994669330473696,-1.525284795612012,3.050569591224024
phase_m1,final_high_tavg,0,0,-1.0,3.4994669330473696,-1.80263326218519,-1.6968336708621794,-1.748904944730381,3.497809889460762
phase_m1,final_high_tavg,3,0,11.0,3.435695142066824,-1.1394885406000483,-2.2962066014667752,-2.281665715056502,4.563331430113004
phase_m1,final_high_tavg,6,0,23.0,3.2217669870835413,-0.4265427019180158,-2.795224285165525,-2.003977250311752,4.007954500623504
phase_m1,final_high_tavg,9,0,35.0,2.8670321550114712,0.3050450996168035,-3.1720772546282747,-1.917876271075571,3.835752542151142
phase_m1,final_high_tavg,12,0,47.0,2.386994260218745,1.0233009665295787,-3.410295226748323,-1.41895252753391,2.83790505506782
phase_m1,final_high_tavg,15,0,59.0,1.8026332621851895,1.6968336708621798,-3.4994669330473696,-1.751703964300071,3.503407928600142
phase_p1,low_tavg,0,0,1.0,3.4994669330473696,-1.6968336708621794,-1.80263326218519,-0.8471089586325716,1.6942179172651433
phase_p1,low_tavg,3,0,13.0,3.4102952267483233,-1.0233009665295782,-2.3869942602187444,-1.035856766555692,2.071713533111384
phase_p1,low_tavg,6,0,25.0,3.1720772546282747,-0.3050450996168038,-2.8670321550114717,-0.8948502012049944,1.7897004024099887
phase_p1,low_tavg,9,0,37.0,2.795224285165525,0.42654270191801624,-3.2217669870835413,-0.9184949855835478,1.8369899711670956
phase_p1,low_tavg,12,0,49.0,2.2962066014667757,1.1394885406000486,-3.435695142066824,-0.7206830190315672,1.4413660380631343
phase_p1,low_tavg,15,0,61.0,1.6968336708621798,1.8026332621851895,-3.4994669330473696,-0.8459714314854887,1.6919428629709774
phase_p1,median_tavg,0,0,1.0,3.4994669330473696,-1.6968336708621794,-1.80263326218519,-1.77646825504201,3.55293651008402
phase_p1,median_tavg,3,0,13.0,3.4102952267483233,-1.0233009665295782,-2.3869942602187444,-1.563561188198327,3.127122376396654
phase_p1,median_tavg,6,0,25.0,3.1720772546282747,-0.3050450996168038,-2.8670321550114717,-1.541363038139025,3.08272607627805
phase_p1,median_tavg,9,0,37.0,2.795224285165525,0.42654270191801624,-3.2217669870835413,-1.633425720677207,3.266851441354414
phase_p1,median_tavg,12,0,49.0,2.2962066014667757,1.1394885406000486,-3.435695142066824,-1.645753979006919,3.291507958013838
phase_p1,median_tavg,15,0,61.0,1.6968336708621798,1.8026332621851895,-3.4994669330473696,-1.777037622178348,3.554075244356696
phase_p1,high_tavg,0,0,1.0,3.4994669330473696,-1.6968336708621794,-1.80263326218519,-2.083876600997829,4.167753201995658
phase_p1,high_tavg,3,0,13.0,3.4102952267483233,-1.0233009665295782,-2.3869942602187444,-2.079851211309776,4.159702422619552
phase_p1,high_tavg,6,0,25.0,3.1720772546282747,-0.3050450996168038,-2.8670321550114717,-2.127009260920864,4.254018521841728
phase_p1,high_tavg,9,0,37.0,2.795224285165525,0.42654270191801624,-3.2217669870835413,-1.863065782766739,3.726131565533478
phase_p1,high_tavg,12,0,49.0,2.2962066014667757,1.1394885406000486,-3.435695142066824,-1.938126413747063,3.876252827494126
phase_p1,high_tavg,15,0,61.0,1.6968336708621798,1.8026332621851895,-3.4994669330473696,-2.08680581978521,4.17361163957042
phase_p1,final_low_tavg,0,0,1.0,3.4994669330473696,-1.6968336708621794,-1.80263326218519,-1.618618282067762,3.237236564135524
phase_p1,final_low_tavg,3,0,13.0,3.4102952267483233,-1.0233009665295782,-2.3869942602187444,-1.865097616393832,3.730195232787664
phase_p1,final_low_tavg,6,0,25.0,3.1720772546282747,-0.3050450996168038,-2.8670321550114717,-1.504123008211325,3.00824601642265
phase_p1,final_low_tavg,9,0,37.0,2.795224285165525,0.42654270191801624,-3.2217669870835413,-1.686563605212359,3.373127210424718
phase_p1,final_low_tavg,12,0,49.0,2.2962066014667757,1.1394885406000486,-3.435695142066824,-1.442550415295096,2.885100830590192
phase_p1,final_low_tavg,15,0,61.0,1.6968336708621798,1.8026332621851895,-3.4994669330473696,-1.620044355073424,3.240088710146848
phase_p1,final_high_tavg,0,0,1.0,3.4994669330473696,-1.6968336708621794,-1.80263326218519,-1.858127753387936,3.716255506775872
phase_p1,final_high_tavg,3,0,13.0,3.4102952267483233,-1.0233009665295782,-2.3869942602187444,-2.391857779604051,4.783715559208102
phase_p1,final_high_tavg,6,0,25.0,3.1720772546282747,-0.3050450996168038,-2.8670321550114717,-2.12490405614637,4.24980811229274
phase_p1,final_high_tavg,9,0,37.0,2.795224285165525,0.42654270191801624,-3.2217669870835413,-2.041340953071536,4.082681906143072
phase_p1,final_high_tavg,12,0,49.0,2.2962066014667757,1.1394885406000486,-3.435695142066824,-1.539765713744616,3.079531427489232
phase_p1,final_high_tavg,15,0,61.0,1.6968336708621798,1.8026332621851895,-3.4994669330473696,-1.860920504202034,3.721841008404068
phase_p3,low_tavg,0,0,3.0,3.4952033716410082,-1.5889667490884136,-1.9062366225525949,-0.895789601134076,1.791579202268152
phase_p3,low_tavg,3,0,15.0,3.380740392011739,-0.905866657858823,-2.474873734152916,-1.083565529991429,2.167131059982858
phase_p3,low_tavg,6,0,27.0,3.1185228346592875,-0.18317584685030344,-2.935346987808984,-0.9492873338344516,1.8985746676689033
phase_p3,low_tavg,9,0,39.0,2.720010865099398,0.5475206276408082,-3.267531492740206,-0.968292461246989,1.936584922493978
phase_p3,low_tavg,12,0,51.0,2.202621368674431,1.2542878234085513,-3.456909192082982,-0.7739148351426216,1.5478296702852432
phase_p3,low_tavg,15,0,63.0,1.5889667490884138,1.9062366225525949,-3.4952033716410082,-0.8946564723862079,1.7893129447724159
phase_p3,median_tavg,0,0,3.0,3.4952033716410082,-1.5889667490884136,-1.9062366225525949,-1.878033390065951,3.756066780131902
phase_p3,median_tavg,3,0,15.0,3.380740392011739,-0.905866657858823,-2.474873734152916,-1.653286989154253,3.306573978308506
phase_p3,median_tavg,6,0,27.0,3.1185228346592875,-0.18317584685030344,-2.935346987808984,-1.63421824758203,3.26843649516406
phase_p3,median_tavg,9,0,39.0,2.720010865099398,0.5475206276408082,-3.267531492740206,-1.723172541064272,3.446345082128544
phase_p3,median_tavg,12,0,51.0,2.202621368674431,1.2542878234085513,-3.456909192082982,-1.739582661636764,3.479165323273528
phase_p3,median_tavg,15,0,63.0,1.5889667490884138,1.9062366225525949,-3.4952033716410082,-1.878549654241019,3.757099308482038
phase_p3,high_tavg,0,0,3.0,3.4952033716410082,-1.5889667490884136,-1.9062366225525949,-2.203360610398707,4.406721220797414
phase_p3,high_tavg,3,0,15.0,3.380740392011739,-0.905866657858823,-2.474873734152916,-2.191496412912955,4.38299282582591
phase_p3,high_tavg,6,0,27.0,3.1185228346592875,-0.18317584685030344,-2.935346987808984,-2.240750745791539,4.481501491583078
phase_p3,high_tavg,9,0,39.0,2.720010865099398,0.5475206276408082,-3.267531492740206,-1.978994826259136,3.957989652518272
phase_p3,high_tavg,12,0,51.0,2.202621368674431,1.2542878234085513,-3.456909192082982,-2.056929703320964,4.113859406641928
phase_p3,high_tavg,15,0,63.0,1.5889667490884138,1.9062366225525949,-3.4952033716410082,-2.206242503778363,4.412485007556726
phase_p3,final_low_tavg,0,0,3.0,3.4952033716410082,-1.5889667490884136,-1.9062366225525949,-1.711470178694121,3.422940357388242
phase_p3,final_low_tavg,3,0,15.0,3.380740392011739,-0.905866657858823,-2.474873734152916,-1.958139225476224,3.916278450952448
phase_p3,final_low_tavg,6,0,27.0,3.1185228346592875,-0.18317584685030344,-2.935346987808984,-1.597294959420326,3.194589918840652
phase_p3,final_low_tavg,9,0,39.0,2.720010865099398,0.5475206276408082,-3.267531492740206,-1.777032297118826,3.554064594237652
phase_p3,final_low_tavg,12,0,51.0,2.202621368674431,1.2542878234085513,-3.456909192082982,-1.539106901321733,3.078213802643466
phase_p3,final_low_tavg,15,0,63.0,1.5889667490884138,1.9062366225525949,-3.4952033716410082,-1.712805740122228,3.425611480244456
phase_p3,final_high_tavg,0,0,3.0,3.4952033716410082,-1.5889667490884136,-1.9062366225525949,-1.965107729530718,3.930215459061436
phase_p3,final_high_tavg,3,0,15.0,3.380740392011739,-0.905866657858823,-2.474873734152916,-2.499527326020764,4.999054652041528
phase_p3,final_high_tavg,6,0,27.0,3.1185228346592875,-0.18317584685030344,-2.935346987808984,-2.243318915298761,4.486637830597522
phase_p3,final_high_tavg,9,0,39.0,2.720010865099398,0.5475206276408082,-3.267531492740206,-2.162311360381656,4.324622720763312
phase_p3,final_high_tavg,12,0,51.0,2.202621368674431,1.2542878234085513,-3.456909192082982,-1.65840673473786,3.31681346947572
phase_p3,final_high_tavg,15,0,63.0,1.5889667490884138,1.9062366225525949,-3.4952033716410082,-1.967893396190923,3.935786792381846
