fem_path,candidate_mat_path,score,matching_evidence,conflicting_evidence
CLONALG/best_J0.150072_20251230_212929.fem,IA_test/1230.3/best_result_20251230_212929.mat,50,"共享运行/时间标签: 20251230_212929；共享数字标识: 20251230, 212929",
CLONALG/best_J0.150072_20251230_212929.fem,IA_test_groupA/1230.3/best_result_20251230_212929.mat,50,"共享运行/时间标签: 20251230_212929；共享数字标识: 20251230, 212929",
CLONALG/best_J0.157009_20251230_165105.fem,IA_test/1230.2/best_result_20251230_165105.mat,58,"共享运行/时间标签: 20251230_165105；共享数字标识: 165105, 20251230；修改时间相差 32.4 分钟",
CLONALG/best_J0.157009_20251230_165105.fem,IA_test_groupA/1230.2/best_result_20251230_165105.mat,58,"共享运行/时间标签: 20251230_165105；共享数字标识: 165105, 20251230；修改时间相差 32.4 分钟",
CLONALG/best_J0.166453_20251230_130901.fem,IA_test/1230/best_result_20251230_130901.mat,50,"共享运行/时间标签: 20251230_130901；共享数字标识: 130901, 20251230",
CLONALG/best_J0.166453_20251230_130901.fem,IA_test_groupA/1230/best_result_20251230_130901.mat,50,"共享运行/时间标签: 20251230_130901；共享数字标识: 130901, 20251230",
IA_test/0109 groupA2 best/best_J0.080216_20260109_165414.fem,IA_test/0109 groupA2 best/best_bits_coarse.mat,27,位于同一目录；修改时间相差 14 秒,
IA_test/0109 groupA2 best/best_J0.080216_20260109_165414.fem,IA_test/0109 groupA2 best/best_result_group4 100gen.mat,27,位于同一目录；修改时间相差 14 秒,
IA_test/1228/best_J0.222504_20251229_005752.fem,IA_test/best_result_20251229_005752.mat,70,"共享运行/时间标签: 20251229_005752；共享数字标识: 005752, 20251229；位于父子目录；修改时间相差 26 秒",
IA_test/1228/best_J0.222504_20251229_005752.fem,IA_test/无优化组/best_result_20251229_005752.mat,66,"共享运行/时间标签: 20251229_005752；共享数字标识: 005752, 20251229；位于相邻目录；修改时间相差 26 秒",
IA_test/1228/best_J0.222504_20251229_005752.fem,IA_test_groupA/best_result_20251229_005752.mat,62,"共享运行/时间标签: 20251229_005752；共享数字标识: 005752, 20251229；修改时间相差 26 秒",
IA_test/best_J0.113614_20260103_045247.fem,IA_test/best_result_20260103_045247.mat,73,"共享运行/时间标签: 20260103_045247；共享数字标识: 045247, 20260103；位于同一目录；修改时间相差 2.6 分钟",
IA_test/best_J0.113614_20260103_045247.fem,IA_test/无优化组/best_result_20260103_045247.mat,66,"共享运行/时间标签: 20260103_045247；共享数字标识: 045247, 20260103；位于父子目录；修改时间相差 2.6 分钟",
IA_test/best_J0.238035_20251229_211603.fem,IA_test/best_result_20251229_211603.mat,77,"共享运行/时间标签: 20251229_211603；共享数字标识: 20251229, 211603；位于同一目录；修改时间相差 20 秒",
IA_test/best_J0.238035_20251229_211603.fem,IA_test/无优化组/best_result_20251229_211603.mat,70,"共享运行/时间标签: 20251229_211603；共享数字标识: 20251229, 211603；位于父子目录；修改时间相差 20 秒",
IA_test/best_J0.257147_20251228_164352.fem,IA_test/best_result_20251228_164352.mat,77,"共享运行/时间标签: 20251228_164352；共享数字标识: 164352, 20251228；位于同一目录；修改时间相差 52 秒",
IA_test/best_J0.257147_20251228_164352.fem,IA_test/无优化组/best_result_20251228_164352.mat,70,"共享运行/时间标签: 20251228_164352；共享数字标识: 164352, 20251228；位于父子目录；修改时间相差 52 秒",
IA_test/无优化组/best_J0.113614_20260103_045247.fem,IA_test/无优化组/best_result_20260103_045247.mat,73,"共享运行/时间标签: 20260103_045247；共享数字标识: 045247, 20260103；位于同一目录；修改时间相差 2.6 分钟",
IA_test/无优化组/best_J0.113614_20260103_045247.fem,IA_test/best_result_20260103_045247.mat,66,"共享运行/时间标签: 20260103_045247；共享数字标识: 045247, 20260103；位于父子目录；修改时间相差 2.6 分钟",
IA_test/无优化组/best_J0.238035_20251229_211603.fem,IA_test/无优化组/best_result_20251229_211603.mat,77,"共享运行/时间标签: 20251229_211603；共享数字标识: 20251229, 211603；位于同一目录；修改时间相差 20 秒",
IA_test/无优化组/best_J0.238035_20251229_211603.fem,IA_test/best_result_20251229_211603.mat,70,"共享运行/时间标签: 20251229_211603；共享数字标识: 20251229, 211603；位于父子目录；修改时间相差 20 秒",
IA_test/无优化组/best_J0.257147_20251228_164352.fem,IA_test/无优化组/best_result_20251228_164352.mat,77,"共享运行/时间标签: 20251228_164352；共享数字标识: 164352, 20251228；位于同一目录；修改时间相差 52 秒",
IA_test/无优化组/best_J0.257147_20251228_164352.fem,IA_test/best_result_20251228_164352.mat,70,"共享运行/时间标签: 20251228_164352；共享数字标识: 164352, 20251228；位于父子目录；修改时间相差 52 秒",
IA_test_Float/0227 30gen/best_J0.120593_20260227_125153.fem,IA_test_Float/0227 30gen/best_result_20260227_125153.mat,77,"共享运行/时间标签: 20260227_125153；共享数字标识: 125153, 20260227；位于同一目录；修改时间相差 90 秒",
IA_test_Float/0227 30gen/best_J0.120593_20260227_125153.fem,IA_test_Float/0227 30gen/trace_all_20260227_125153.mat,77,"共享运行/时间标签: 20260227_125153；共享数字标识: 125153, 20260227；位于同一目录；修改时间相差 90 秒",
IA_test_Float/0228 50gen/best_J0.114586_20260228_124726.fem,IA_test_Float/0228 50gen/best_result_20260228_124726.mat,77,"共享运行/时间标签: 20260228_124726；共享数字标识: 124726, 20260228；位于同一目录；修改时间相差 82 秒",
IA_test_Float/0228 50gen/best_J0.114586_20260228_124726.fem,IA_test_Float/0228 50gen/trace_all_20260228_124726.mat,77,"共享运行/时间标签: 20260228_124726；共享数字标识: 124726, 20260228；位于同一目录；修改时间相差 82 秒",
IA_test_Float/0228 70gen-140gen/best_J0.113564_20260228_180032.fem,IA_test_Float/0228 70gen-140gen/best_result_20260228_180032.mat,77,"共享运行/时间标签: 20260228_180032；共享数字标识: 180032, 20260228；位于同一目录；修改时间相差 104 秒",
IA_test_Float/0228 70gen-140gen/best_J0.113564_20260228_180032.fem,IA_test_Float/0228 70gen-140gen/trace_all_20260228_180032.mat,77,"共享运行/时间标签: 20260228_180032；共享数字标识: 180032, 20260228；位于同一目录；修改时间相差 104 秒",
IA_test_Float/0228 70gen-140gen/best_J0.113564_20260301_172121.fem,IA_test_Float/0228 70gen-140gen/best_result_20260301_172121.mat,77,"共享运行/时间标签: 20260301_172121；共享数字标识: 172121, 20260301；位于同一目录；修改时间相差 100 秒",
IA_test_Float/0228 70gen-140gen/best_J0.113564_20260301_172121.fem,IA_test_Float/0228 70gen-140gen/trace_all_20260301_172121.mat,77,"共享运行/时间标签: 20260301_172121；共享数字标识: 172121, 20260301；位于同一目录；修改时间相差 98 秒",
IA_test_Float/0228 70gen-140gen/best_J0.113564_20260301_224723.fem,IA_test_Float/0228 70gen-140gen/best_result_20260301_224723.mat,65,"共享运行/时间标签: 20260301_224723；共享数字标识: 20260301, 224723；位于同一目录",
IA_test_Float/0228 70gen-140gen/best_J0.113564_20260301_224723.fem,IA_test_Float/0228 70gen-140gen/trace_all_20260301_224723.mat,65,"共享运行/时间标签: 20260301_224723；共享数字标识: 20260301, 224723；位于同一目录",
IA_test_Float/0302 160gen-200gen/best_J0.111733_20260302_114631.fem,IA_test_Float/0302 160gen-200gen/best_result_20260302_114631.mat,77,"共享运行/时间标签: 20260302_114631；共享数字标识: 114631, 20260302；位于同一目录；修改时间相差 10 秒",
IA_test_Float/0302 160gen-200gen/best_J0.111733_20260302_114631.fem,IA_test_Float/0302 160gen-200gen/trace_all_20260302_114631.mat,77,"共享运行/时间标签: 20260302_114631；共享数字标识: 114631, 20260302；位于同一目录；修改时间相差 10 秒",
IA_test_Float/0302 300gen/best_J0.105091_20260302_173331.fem,IA_test_Float/0302 300gen/best_result_20260302_173331.mat,77,"共享运行/时间标签: 20260302_173331；共享数字标识: 173331, 20260302；位于同一目录；修改时间相差 10 秒",
IA_test_Float/0302 300gen/best_J0.105091_20260302_173331.fem,IA_test_Float/0302 300gen/trace_all_20260302_173331.mat,77,"共享运行/时间标签: 20260302_173331；共享数字标识: 173331, 20260302；位于同一目录；修改时间相差 10 秒",
IA_test_Float/0302 400gen-500gen/best_J0.0980357_20260302_213720.fem,IA_test_Float/0302 400gen-500gen/best_result_20260302_213720.mat,77,"共享运行/时间标签: 20260302_213720；共享数字标识: 20260302, 213720；位于同一目录；修改时间相差 10 秒",
IA_test_Float/0302 400gen-500gen/best_J0.0980357_20260302_213720.fem,IA_test_Float/0302 400gen-500gen/trace_all_20260302_213720.mat,77,"共享运行/时间标签: 20260302_213720；共享数字标识: 20260302, 213720；位于同一目录；修改时间相差 10 秒",
IA_test_Float/0303 700gen/best_J0.0961933_20260303_215010.fem,IA_test_Float/0303 700gen/best_result_20260303_215010.mat,77,"共享运行/时间标签: 20260303_215010；共享数字标识: 20260303, 215010；位于同一目录；修改时间相差 10 秒",
IA_test_Float/0303 700gen/best_J0.0961933_20260303_215010.fem,IA_test_Float/0303 700gen/trace_all_20260303_215010.mat,77,"共享运行/时间标签: 20260303_215010；共享数字标识: 20260303, 215010；位于同一目录；修改时间相差 10 秒",
IA_test_Float/0303 700gen/best_J0.0980357_20260303_161511.fem,IA_test_Float/0303 700gen/best_result_20260303_161511.mat,77,"共享运行/时间标签: 20260303_161511；共享数字标识: 161511, 20260303；位于同一目录；修改时间相差 12 秒",
IA_test_Float/0303 700gen/best_J0.0980357_20260303_161511.fem,IA_test_Float/0303 700gen/trace_all_20260303_161511.mat,77,"共享运行/时间标签: 20260303_161511；共享数字标识: 161511, 20260303；位于同一目录；修改时间相差 12 秒",
IA_test_Float/0304 800gen/best_J0.092999_20260304_220254.fem,IA_test_Float/0304 800gen/best_result_20260304_220254.mat,77,"共享运行/时间标签: 20260304_220254；共享数字标识: 20260304, 220254；位于同一目录；修改时间相差 10 秒",
IA_test_Float/0304 800gen/best_J0.092999_20260304_220254.fem,IA_test_Float/0304 800gen/trace_all_20260304_220254.mat,77,"共享运行/时间标签: 20260304_220254；共享数字标识: 20260304, 220254；位于同一目录；修改时间相差 10 秒",
IA_test_Float/0305 900gen/best_J0.0924955_20260305_173935.fem,IA_test_Float/0305 900gen/best_result_20260305_173935.mat,77,"共享运行/时间标签: 20260305_173935；共享数字标识: 173935, 20260305；位于同一目录；修改时间相差 10 秒",
IA_test_Float/0305 900gen/best_J0.0924955_20260305_173935.fem,IA_test_Float/0305 900gen/trace_all_20260305_173935.mat,77,"共享运行/时间标签: 20260305_173935；共享数字标识: 173935, 20260305；位于同一目录；修改时间相差 10 秒",
IA_test_Float/best_J0.0924955_20260306_174158.fem,IA_test_Float/best_result_20260306_174158.mat,77,"共享运行/时间标签: 20260306_174158；共享数字标识: 174158, 20260306；位于同一目录；修改时间相差 10 秒",
IA_test_Float/best_J0.0924955_20260306_174158.fem,IA_test_Float/trace_all_20260306_174158.mat,77,"共享运行/时间标签: 20260306_174158；共享数字标识: 174158, 20260306；位于同一目录；修改时间相差 10 秒",
IA_test_group4/best_J0.121914_20260205_172915.fem,IA_test_group4/best_result_20260205_172915.mat,77,"共享运行/时间标签: 20260205_172915；共享数字标识: 172915, 20260205；位于同一目录；修改时间相差 94 秒",
IA_test_group4/best_J0.121914_20260205_172915.fem,IA_test_group4/trace_all_20260205_172915.mat,77,"共享运行/时间标签: 20260205_172915；共享数字标识: 172915, 20260205；位于同一目录；修改时间相差 94 秒",
IA_test_group4/best_J0.123215_20260205_145651.fem,IA_test_group4/best_result_20260205_145651.mat,77,"共享运行/时间标签: 20260205_145651；共享数字标识: 145651, 20260205；位于同一目录；修改时间相差 56 秒",
IA_test_group4/best_J0.123215_20260205_145651.fem,IA_test_group4/trace_all_20260205_145651.mat,77,"共享运行/时间标签: 20260205_145651；共享数字标识: 145651, 20260205；位于同一目录；修改时间相差 50 秒",
免疫算法测试/03.10/best_J0.0924955_20260306_174158.fem,IA_test_Float/best_result_20260306_174158.mat,62,"共享运行/时间标签: 20260306_174158；共享数字标识: 174158, 20260306；修改时间相差 10 秒",
免疫算法测试/03.10/best_J0.0924955_20260306_174158.fem,IA_test_Float/trace_all_20260306_174158.mat,62,"共享运行/时间标签: 20260306_174158；共享数字标识: 174158, 20260306；修改时间相差 10 秒",
