sample_id,geometry_id,operating_point_id,simulation_id,fem_path,mat_path,match_status,match_score,problem_type,length_unit,axial_length,material_names,geometry_bbox,operating_current,current_angle,speed_rpm,rotor_position,candidate_target_names,validation_status,notes
SAMPLE_0001,GEOM_0001,OP_db5410d5c6,SIM_c15a3a423803,blank_9x5.FEM,,unmatched,11,planar,millimeters,36,Air|Pure Iron|Copper|N40|Air|N40|Air,"[0.0,0.0,74.0,74.0]",0,,,,,pending_review,operating_current 来源: FEM circuit max_abs(current_re)
SAMPLE_0002,GEOM_0002,OP_27e025d016,SIM_a34e526113e0,CLONALG/25.12.15_1.fem,,unmatched,20,planar,millimeters,36,Air|Pure Iron|Copper|N40|Air|N40|Air,"[0.0,0.0,74.0,74.0]",8.66025403784,,,,,pending_review,operating_current 来源: FEM circuit max_abs(current_re)
SAMPLE_0003,GEOM_0003,OP_69bb88fd98,SIM_d500cbec8e4b,CLONALG/best_J0.080216_20260109_165414.fem,,unmatched,18,planar,millimeters,36,Air|Pure Iron|Copper|N40|Air|N40|Air,"[0.0,0.0,74.0,74.0]",3.03108891325,,,,,pending_review,operating_current 来源: FEM circuit max_abs(current_re)
SAMPLE_0004,GEOM_0004,OP_db5410d5c6,SIM_9b3488d6e5e7,CLONALG/best_J0.110898_20260103_164233.fem,IA_test/0103 groupB/best_result_20260103_164233.mat,uncertain,58,planar,millimeters,36,Air|Pure Iron|Copper|N40|Air|N40|Air,"[0.0,0.0,74.0,74.0]",0,,,,J_hist|bestOverall|best_bits|best_bits_hist,pending_review,需要人工复核配对；operating_current 来源: FEM circuit max_abs(current_re)
SAMPLE_0005,GEOM_0005,OP_69bb88fd98,SIM_7e3a8c3307da,CLONALG/best_J0.150072_20251230_212929.fem,IA_test/1230.3/best_result_20251230_212929.mat,uncertain,50,planar,millimeters,36,Air|Pure Iron|Copper|N40|Air|N40|Air,"[0.0,0.0,74.0,74.0]",3.03108891325,,,,J_hist|bestOverall|best_bits|best_bits_hist,pending_review,需要人工复核配对；operating_current 来源: FEM circuit max_abs(current_re)
SAMPLE_0006,GEOM_0006,OP_db5410d5c6,SIM_2d06b0990293,CLONALG/best_J0.157009_20251230_165105.fem,IA_test/1230.2/best_result_20251230_165105.mat,uncertain,58,planar,millimeters,36,Air|Pure Iron|Copper|N40|Air|N40|Air,"[0.0,0.0,74.0,74.0]",0,,,,J_hist|bestOverall|best_bits|best_bits_hist,pending_review,需要人工复核配对；operating_current 来源: FEM circuit max_abs(current_re)
SAMPLE_0007,GEOM_0007,OP_db5410d5c6,SIM_23a058591911,CLONALG/best_J0.166453_20251230_130901.fem,IA_test/1230/best_result_20251230_130901.mat,uncertain,50,planar,millimeters,36,Air|Pure Iron|Copper|N40|Air|N40|Air,"[0.0,0.0,74.0,74.0]",0,,,,J_hist|bestOverall|best_bits|best_bits_hist,pending_review,需要人工复核配对；operating_current 来源: FEM circuit max_abs(current_re)
SAMPLE_0008,GEOM_0008,OP_db5410d5c6,SIM_898017b6d978,CLONALG/blank.FEM,,unmatched,18,planar,millimeters,36,Air|Pure Iron|Copper|N40|Air|N40|Air,"[0.0,0.0,74.0,74.0]",0,,,,,pending_review,operating_current 来源: FEM circuit max_abs(current_re)
SAMPLE_0009,GEOM_0009,OP_db5410d5c6,SIM_001bc3dcb354,CLONALG/blank9x5.FEM,,unmatched,15,planar,millimeters,36,Air|Pure Iron|Copper|N40|Air|N40|Air,"[0.0,0.0,74.0,74.0]",0,,,,,pending_review,operating_current 来源: FEM circuit max_abs(current_re)
SAMPLE_0010,GEOM_0010,OP_db5410d5c6,SIM_ae8248eaac07,CLONALG/blank_18x10.FEM,,unmatched,20,planar,millimeters,36,Air|Pure Iron|Copper|N40|Air|N40|Air,"[0.0,0.0,74.0,74.0]",0,,,,,pending_review,operating_current 来源: FEM circuit max_abs(current_re)
SAMPLE_0011,GEOM_0011,OP_69bb88fd98,SIM_e91e1a8f2a35,CLONALG/blank_9x5.FEM,,unmatched,15,planar,millimeters,36,Air|Pure Iron|Copper|N40|Air|N40|Air,"[0.0,0.0,74.0,74.0]",3.03108891325,,,,,pending_review,operating_current 来源: FEM circuit max_abs(current_re)
SAMPLE_0012,GEOM_0010,OP_db5410d5c6,SIM_efcb64eb754f,CLONALG/blank_inset_18x10.FEM,,unmatched,20,planar,millimeters,36,Air|Pure Iron|Copper|N40|Air|N40|Air,"[0.0,0.0,74.0,74.0]",0,,,,,pending_review,operating_current 来源: FEM circuit max_abs(current_re)
SAMPLE_0013,GEOM_0012,OP_69bb88fd98,SIM_2ee9f0ddcd3f,CLONALG/blank_inset_9x5.FEM,,unmatched,18,planar,millimeters,36,Air|Pure Iron|Copper|N40|Air|N40|Air,"[0.0,0.0,74.0,74.0]",3.03108891325,,,,,pending_review,operating_current 来源: FEM circuit max_abs(current_re)
SAMPLE_0014,GEOM_0013,OP_69bb88fd98,SIM_c1b8231eef40,CLONALG/model.fem,,unmatched,23,planar,millimeters,36,Air|Pure Iron|Copper|N40|Air|N40|Air,"[0.0,0.0,74.0,74.0]",3.03108891325,,,,,pending_review,operating_current 来源: FEM circuit max_abs(current_re)
SAMPLE_0015,GEOM_0014,OP_69bb88fd98,SIM_53b66550b9e0,CLONALG/seed_bits_fine.FEM,CLONALG/seed_bits_fine.mat,confirmed,95,planar,millimeters,36,Air|Pure Iron|Copper|N40|Air|N40|Air,"[0.0,0.0,74.0,74.0]",3.03108891325,,,,,auto_high_confidence,operating_current 来源: FEM circuit max_abs(current_re)
SAMPLE_0016,GEOM_0015,OP_69bb88fd98,SIM_845c1e1deec9,CLONALG/strukturFemm.fem,,unmatched,18,planar,millimeters,36,Air|Pure Iron|Copper|Copper|Copper|Copper|Copper|Copper|Air|Air|Pure Iron|Air|N40|Air|N40|Air,"[0.0,0.0,74.0,74.0]",3.03108891325,,,,,pending_review,operating_current 来源: FEM circuit max_abs(current_re)
SAMPLE_0017,GEOM_0015,OP_69bb88fd98,SIM_3d058c8d6dd2,CLONALG/temp_airgap_scan.fem,,unmatched,15,planar,millimeters,36,Air|Pure Iron|Copper|Copper|Copper|Copper|Copper|Copper|Air|Air|Pure Iron|Air|N40|Air|N40|Air,"[0.0,0.0,74.0,74.0]",3.03108891325,,,,,pending_review,operating_current 来源: FEM circuit max_abs(current_re)
SAMPLE_0018,GEOM_0016,OP_27e025d016,SIM_5696d3708534,CLONALG/test.fem,,unmatched,18,planar,millimeters,36,Air|Pure Iron|Copper|N40|Air|N40|Air,"[0.0,0.0,74.0,74.0]",8.66025403784,,,,,pending_review,operating_current 来源: FEM circuit max_abs(current_re)
SAMPLE_0019,GEOM_0004,OP_db5410d5c6,SIM_9b3488d6e5e7,IA_test/0103 groupB/best_J0.110898_20260103_164233.fem,IA_test/0103 groupB/best_result_20260103_164233.mat,probable,77,planar,millimeters,36,Air|Pure Iron|Copper|N40|Air|N40|Air,"[0.0,0.0,74.0,74.0]",0,,,,J_hist|bestOverall|best_bits|best_bits_hist,pending_review,operating_current 来源: FEM circuit max_abs(current_re)
SAMPLE_0020,GEOM_0017,OP_db5410d5c6,SIM_9f9e5567f2dc,IA_test/0104 groupA/best_J0.0994011_20260105_081953.fem,IA_test/0104 groupA/best_result_20260105_081953.mat,probable,77,planar,millimeters,36,Air|Pure Iron|Copper|N40|Air|N40|Air,"[0.0,0.0,74.0,74.0]",0,,,,J_hist|bestOverall|best_bits|best_bits_hist,pending_review,operating_current 来源: FEM circuit max_abs(current_re)
SAMPLE_0021,GEOM_0018,OP_db5410d5c6,SIM_1d8923e5a152,IA_test/0104 groupB/best_J0.106306_20260104_150857.fem,IA_test/0104 groupB/best_result_20260104_150857.mat,probable,77,planar,millimeters,36,Air|Pure Iron|Copper|N40|Air|N40|Air,"[0.0,0.0,74.0,74.0]",0,,,,J_hist|bestOverall|best_bits|best_bits_hist,pending_review,operating_current 来源: FEM circuit max_abs(current_re)
SAMPLE_0022,GEOM_0019,OP_db5410d5c6,SIM_b6f4e81d56cd,IA_test/0107 groupA2/best_J0.082148_20260107_145512.fem,IA_test/0107 groupA2/best_result_20260107_145512.mat,probable,77,planar,millimeters,36,Air|Pure Iron|Copper|N40|Air|N40|Air,"[0.0,0.0,74.0,74.0]",0,,,,J_hist|bestOverall|best_bits|best_bits_hist,pending_review,operating_current 来源: FEM circuit max_abs(current_re)
SAMPLE_0023,GEOM_0003,OP_db5410d5c6,SIM_68c521805b75,IA_test/0109 groupA2 best/best_J0.080216_20260109_165414.fem,IA_test/0109 groupA2 best/best_bits_coarse.mat,uncertain,27,planar,millimeters,36,Air|Pure Iron|Copper|N40|Air|N40|Air,"[0.0,0.0,74.0,74.0]",0,,,,bestOverall|best_bits,pending_review,需要人工复核配对；operating_current 来源: FEM circuit max_abs(current_re)
SAMPLE_0024,GEOM_0020,OP_69bb88fd98,SIM_54ebfd519bab,IA_test/0118 groupA2/tmp_eval_20260119_004747212_814724.fem,,unmatched,18,planar,millimeters,36,Air|Pure Iron|Copper|N40|Air|N40|Air,"[0.0,0.0,74.0,74.0]",3.03108891325,,,,,pending_review,operating_current 来源: FEM circuit max_abs(current_re)
SAMPLE_0025,GEOM_0021,OP_69bb88fd98,SIM_113bad4cc061,IA_test/0120/tmp_eval_20260121_103344220_905792.fem,,unmatched,23,planar,millimeters,36,Air|Pure Iron|Copper|N40|Air|N40|Air,"[0.0,0.0,74.0,74.0]",3.03108891325,,,,,pending_review,operating_current 来源: FEM circuit max_abs(current_re)
SAMPLE_0026,GEOM_0022,OP_db5410d5c6,SIM_e02f3c7be294,IA_test/12.21 N3G10/w01/blank_inset_9x5_w01.fem,,unmatched,8,planar,millimeters,36,Air|Pure Iron|Copper|N40|Air|N40|Air,"[0.0,0.0,74.0,74.0]",0,,,,,pending_review,operating_current 来源: FEM circuit max_abs(current_re)
SAMPLE_0027,GEOM_0023,OP_27e025d016,SIM_32b79f73bcf1,IA_test/12.21 N3G10/w01/case_000001.fem,,unmatched,11,planar,millimeters,36,Air|Pure Iron|Copper|N40|Air|N40|Air,"[0.0,0.0,74.0,74.0]",8.66025403784,,,,,pending_review,operating_current 来源: FEM circuit max_abs(current_re)
SAMPLE_0028,GEOM_0024,OP_27e025d016,SIM_a1464cca03bb,IA_test/12.21 N3G10/w01/case_05963250-a8c1-4677-b3e3-be5039f26d1d.fem,,unmatched,11,planar,millimeters,36,Air|Pure Iron|Copper|N40|Air|N40|Air,"[0.0,0.0,74.0,74.0]",8.66025403784,,,,,pending_review,operating_current 来源: FEM circuit max_abs(current_re)
SAMPLE_0029,GEOM_0025,OP_27e025d016,SIM_eb29165d8275,IA_test/12.21 N3G10/w01/case_1141e6dc-b050-48d0-87ac-9a58316d5c79.fem,,unmatched,16,planar,millimeters,36,Air|Pure Iron|Copper|N40|Air|N40|Air,"[0.0,0.0,74.0,74.0]",8.66025403784,,,,,pending_review,operating_current 来源: FEM circuit max_abs(current_re)
SAMPLE_0030,GEOM_0026,OP_27e025d016,SIM_0c7025ea1926,IA_test/12.21 N3G10/w01/case_115ad528-f65b-4929-bfa4-daf3ca841231.fem,,unmatched,11,planar,millimeters,36,Air|Pure Iron|Copper|N40|Air|N40|Air,"[0.0,0.0,74.0,74.0]",8.66025403784,,,,,pending_review,operating_current 来源: FEM circuit max_abs(current_re)
SAMPLE_0031,GEOM_0027,OP_27e025d016,SIM_a5515a4716ea,IA_test/12.21 N3G10/w01/case_159544e8-63cb-4408-9973-e9d2ad3a60bd.fem,,unmatched,11,planar,millimeters,36,Air|Pure Iron|Copper|N40|Air|N40|Air,"[0.0,0.0,74.0,74.0]",8.66025403784,,,,,pending_review,operating_current 来源: FEM circuit max_abs(current_re)
SAMPLE_0032,GEOM_0028,OP_27e025d016,SIM_89fb3740d9be,IA_test/12.21 N3G10/w01/case_1915b143-be46-4c57-85bf-b92b1c59bba4.fem,,unmatched,11,planar,millimeters,36,Air|Pure Iron|Copper|N40|Air|N40|Air,"[0.0,0.0,74.0,74.0]",8.66025403784,,,,,pending_review,operating_current 来源: FEM circuit max_abs(current_re)
SAMPLE_0033,GEOM_0029,OP_27e025d016,SIM_4f5d8b4ed2ea,IA_test/12.21 N3G10/w01/case_26334935-dc9f-4603-8b42-fe82caaf8ec9.fem,,unmatched,11,planar,millimeters,36,Air|Pure Iron|Copper|N40|Air|N40|Air,"[0.0,0.0,74.0,74.0]",8.66025403784,,,,,pending_review,operating_current 来源: FEM circuit max_abs(current_re)
SAMPLE_0034,GEOM_0030,OP_27e025d016,SIM_0f163fd0e5da,IA_test/12.21 N3G10/w01/case_2b2a547c-f178-454b-9e44-02c863fd6322.fem,,unmatched,11,planar,millimeters,36,Air|Pure Iron|Copper|N40|Air|N40|Air,"[0.0,0.0,74.0,74.0]",8.66025403784,,,,,pending_review,operating_current 来源: FEM circuit max_abs(current_re)
SAMPLE_0035,GEOM_0031,OP_27e025d016,SIM_1b68fb1fa2a4,IA_test/12.21 N3G10/w01/case_3881750a-9f02-446d-911b-1e57fa0eca81.fem,,unmatched,11,planar,millimeters,36,Air|Pure Iron|Copper|N40|Air|N40|Air,"[0.0,0.0,74.0,74.0]",8.66025403784,,,,,pending_review,operating_current 来源: FEM circuit max_abs(current_re)
SAMPLE_0036,GEOM_0032,OP_27e025d016,SIM_09e954cb8f0a,IA_test/12.21 N3G10/w01/case_3a720ac5-09fc-4fb1-a0ba-2dca1089d401.fem,,unmatched,11,planar,millimeters,36,Air|Pure Iron|Copper|N40|Air|N40|Air,"[0.0,0.0,74.0,74.0]",8.66025403784,,,,,pending_review,operating_current 来源: FEM circuit max_abs(current_re)
SAMPLE_0037,GEOM_0033,OP_27e025d016,SIM_2780486a94d2,IA_test/12.21 N3G10/w01/case_3ac07a5b-3e67-4c68-895f-a1c664264ced.fem,,unmatched,11,planar,millimeters,36,Air|Pure Iron|Copper|N40|Air|N40|Air,"[0.0,0.0,74.0,74.0]",8.66025403784,,,,,pending_review,operating_current 来源: FEM circuit max_abs(current_re)
SAMPLE_0038,GEOM_0034,OP_27e025d016,SIM_08dab8795ebc,IA_test/12.21 N3G10/w01/case_435bdce4-b8b9-421e-926e-a54b11a7b00b.fem,,unmatched,11,planar,millimeters,36,Air|Pure Iron|Copper|N40|Air|N40|Air,"[0.0,0.0,74.0,74.0]",8.66025403784,,,,,pending_review,operating_current 来源: FEM circuit max_abs(current_re)
SAMPLE_0039,GEOM_0035,OP_27e025d016,SIM_a7be61fc9245,IA_test/12.21 N3G10/w01/case_529bb037-4ab6-4ecd-a709-ad9308af1d2f.fem,,unmatched,16,planar,millimeters,36,Air|Pure Iron|Copper|N40|Air|N40|Air,"[0.0,0.0,74.0,74.0]",8.66025403784,,,,,pending_review,operating_current 来源: FEM circuit max_abs(current_re)
SAMPLE_0040,GEOM_0036,OP_27e025d016,SIM_c4621db71b3e,IA_test/12.21 N3G10/w01/case_5788955c-1a7b-42ad-9bb5-3897f1f1a6b4.fem,,unmatched,11,planar,millimeters,36,Air|Pure Iron|Copper|N40|Air|N40|Air,"[0.0,0.0,74.0,74.0]",8.66025403784,,,,,pending_review,operating_current 来源: FEM circuit max_abs(current_re)
SAMPLE_0041,GEOM_0037,OP_27e025d016,SIM_beab8976d356,IA_test/12.21 N3G10/w01/case_5990fe76-0532-4c4c-a616-1dc97f2c102d.fem,,unmatched,11,planar,millimeters,36,Air|Pure Iron|Copper|N40|Air|N40|Air,"[0.0,0.0,74.0,74.0]",8.66025403784,,,,,pending_review,operating_current 来源: FEM circuit max_abs(current_re)
SAMPLE_0042,GEOM_0038,OP_27e025d016,SIM_00481d162c19,IA_test/12.21 N3G10/w01/case_605aa08e-3688-4deb-b757-aead046701a8.fem,,unmatched,11,planar,millimeters,36,Air|Pure Iron|Copper|N40|Air|N40|Air,"[0.0,0.0,74.0,74.0]",8.66025403784,,,,,pending_review,operating_current 来源: FEM circuit max_abs(current_re)
SAMPLE_0043,GEOM_0039,OP_27e025d016,SIM_53819f8283c0,IA_test/12.21 N3G10/w01/case_6ea6528f-1564-4893-8bfc-b1396461dd94.fem,,unmatched,11,planar,millimeters,36,Air|Pure Iron|Copper|N40|Air|N40|Air,"[0.0,0.0,74.0,74.0]",8.66025403784,,,,,pending_review,operating_current 来源: FEM circuit max_abs(current_re)
SAMPLE_0044,GEOM_0040,OP_27e025d016,SIM_915956e3d82b,IA_test/12.21 N3G10/w01/case_7027617d-4c95-41c7-a3e3-467928059793.fem,,unmatched,11,planar,millimeters,36,Air|Pure Iron|Copper|N40|Air|N40|Air,"[0.0,0.0,74.0,74.0]",8.66025403784,,,,,pending_review,operating_current 来源: FEM circuit max_abs(current_re)
SAMPLE_0045,GEOM_0041,OP_27e025d016,SIM_609fe2083f6f,IA_test/12.21 N3G10/w01/case_7c635f09-76c8-4c6d-8b57-2013080f7f33.fem,,unmatched,11,planar,millimeters,36,Air|Pure Iron|Copper|N40|Air|N40|Air,"[0.0,0.0,74.0,74.0]",8.66025403784,,,,,pending_review,operating_current 来源: FEM circuit max_abs(current_re)
SAMPLE_0046,GEOM_0042,OP_27e025d016,SIM_ef01d607d89d,IA_test/12.21 N3G10/w01/case_7cc4f036-aae5-4a5b-99ca-ab8d40ea2659.fem,,unmatched,11,planar,millimeters,36,Air|Pure Iron|Copper|N40|Air|N40|Air,"[0.0,0.0,74.0,74.0]",8.66025403784,,,,,pending_review,operating_current 来源: FEM circuit max_abs(current_re)
SAMPLE_0047,GEOM_0043,OP_27e025d016,SIM_63cd0a52df37,IA_test/12.21 N3G10/w01/case_845bec1a-d7c1-4128-971a-228fe0cf726e.fem,,unmatched,11,planar,millimeters,36,Air|Pure Iron|Copper|N40|Air|N40|Air,"[0.0,0.0,74.0,74.0]",8.66025403784,,,,,pending_review,operating_current 来源: FEM circuit max_abs(current_re)
SAMPLE_0048,GEOM_0044,OP_27e025d016,SIM_34077c73de72,IA_test/12.21 N3G10/w01/case_8513135f-ba52-4e31-afc6-966c01f1b3bc.fem,,unmatched,11,planar,millimeters,36,Air|Pure Iron|Copper|N40|Air|N40|Air,"[0.0,0.0,74.0,74.0]",8.66025403784,,,,,pending_review,operating_current 来源: FEM circuit max_abs(current_re)
SAMPLE_0049,GEOM_0039,OP_27e025d016,SIM_53819f8283c0,IA_test/12.21 N3G10/w01/case_924cd090-aa4f-49ba-8a04-282f6d2b4f1d.fem,,unmatched,11,planar,millimeters,36,Air|Pure Iron|Copper|N40|Air|N40|Air,"[0.0,0.0,74.0,74.0]",8.66025403784,,,,,pending_review,operating_current 来源: FEM circuit max_abs(current_re)
SAMPLE_0050,GEOM_0045,OP_27e025d016,SIM_d2b4ad7ce947,IA_test/12.21 N3G10/w01/case_96dab361-cb17-4e91-a8eb-655d2308954d.fem,,unmatched,11,planar,millimeters,36,Air|Pure Iron|Copper|N40|Air|N40|Air,"[0.0,0.0,74.0,74.0]",8.66025403784,,,,,pending_review,operating_current 来源: FEM circuit max_abs(current_re)
SAMPLE_0051,GEOM_0046,OP_27e025d016,SIM_7df23dab62b9,IA_test/12.21 N3G10/w01/case_a4dead31-1a55-488e-9fab-d4706f6eb981.fem,,unmatched,11,planar,millimeters,36,Air|Pure Iron|Copper|N40|Air|N40|Air,"[0.0,0.0,74.0,74.0]",8.66025403784,,,,,pending_review,operating_current 来源: FEM circuit max_abs(current_re)
SAMPLE_0052,GEOM_0047,OP_27e025d016,SIM_a28f0d9e5ca0,IA_test/12.21 N3G10/w01/case_a749e1e3-7a3a-4188-87da-d4e965f4a648.fem,,unmatched,11,planar,millimeters,36,Air|Pure Iron|Copper|N40|Air|N40|Air,"[0.0,0.0,74.0,74.0]",8.66025403784,,,,,pending_review,operating_current 来源: FEM circuit max_abs(current_re)
SAMPLE_0053,GEOM_0031,OP_27e025d016,SIM_1b68fb1fa2a4,IA_test/12.21 N3G10/w01/case_adb29ec9-52ac-44de-b362-c9583ca2d6b5.fem,,unmatched,11,planar,millimeters,36,Air|Pure Iron|Copper|N40|Air|N40|Air,"[0.0,0.0,74.0,74.0]",8.66025403784,,,,,pending_review,operating_current 来源: FEM circuit max_abs(current_re)
SAMPLE_0054,GEOM_0048,OP_27e025d016,SIM_6e65189b986e,IA_test/12.21 N3G10/w01/case_b7c711f4-abbd-4e3e-8ebb-c96276d96490.fem,,unmatched,11,planar,millimeters,36,Air|Pure Iron|Copper|N40|Air|N40|Air,"[0.0,0.0,74.0,74.0]",8.66025403784,,,,,pending_review,operating_current 来源: FEM circuit max_abs(current_re)
SAMPLE_0055,GEOM_0049,OP_27e025d016,SIM_14de8866cbf7,IA_test/12.21 N3G10/w01/case_b7e3f609-1358-4c27-aab2-25e3b8eccf83.fem,,unmatched,11,planar,millimeters,36,Air|Pure Iron|Copper|N40|Air|N40|Air,"[0.0,0.0,74.0,74.0]",8.66025403784,,,,,pending_review,operating_current 来源: FEM circuit max_abs(current_re)
SAMPLE_0056,GEOM_0050,OP_27e025d016,SIM_5c2799c910ae,IA_test/12.21 N3G10/w01/case_b96cec23-9ced-49cd-8cd5-b47aa69d4be2.fem,,unmatched,11,planar,millimeters,36,Air|Pure Iron|Copper|N40|Air|N40|Air,"[0.0,0.0,74.0,74.0]",8.66025403784,,,,,pending_review,operating_current 来源: FEM circuit max_abs(current_re)
SAMPLE_0057,GEOM_0051,OP_27e025d016,SIM_2a6033fff871,IA_test/12.21 N3G10/w01/case_bdd5c199-4644-4ed0-9e29-b1842e899ba6.fem,,unmatched,11,planar,millimeters,36,Air|Pure Iron|Copper|N40|Air|N40|Air,"[0.0,0.0,74.0,74.0]",8.66025403784,,,,,pending_review,operating_current 来源: FEM circuit max_abs(current_re)
SAMPLE_0058,GEOM_0052,OP_27e025d016,SIM_2457bb6347c1,IA_test/12.21 N3G10/w01/case_bf3cd316-91b0-4ef9-aaa9-71ae850fcad1.fem,,unmatched,11,planar,millimeters,36,Air|Pure Iron|Copper|N40|Air|N40|Air,"[0.0,0.0,74.0,74.0]",8.66025403784,,,,,pending_review,operating_current 来源: FEM circuit max_abs(current_re)
SAMPLE_0059,GEOM_0053,OP_27e025d016,SIM_cd5f250bf8d4,IA_test/12.21 N3G10/w01/case_c0c92f18-0cc9-47bb-92d3-3fa219d7f28e.fem,,unmatched,11,planar,millimeters,36,Air|Pure Iron|Copper|N40|Air|N40|Air,"[0.0,0.0,74.0,74.0]",8.66025403784,,,,,pending_review,operating_current 来源: FEM circuit max_abs(current_re)
SAMPLE_0060,GEOM_0054,OP_27e025d016,SIM_3a5bc5ac3955,IA_test/12.21 N3G10/w01/case_c55d66e1-d6c1-495f-871d-c7b32467c15c.fem,,unmatched,11,planar,millimeters,36,Air|Pure Iron|Copper|N40|Air|N40|Air,"[0.0,0.0,74.0,74.0]",8.66025403784,,,,,pending_review,operating_current 来源: FEM circuit max_abs(current_re)
SAMPLE_0061,GEOM_0043,OP_27e025d016,SIM_63cd0a52df37,IA_test/12.21 N3G10/w01/case_c5866522-4cf0-4a2a-b1a1-7cd7f573cc1a.fem,,unmatched,11,planar,millimeters,36,Air|Pure Iron|Copper|N40|Air|N40|Air,"[0.0,0.0,74.0,74.0]",8.66025403784,,,,,pending_review,operating_current 来源: FEM circuit max_abs(current_re)
SAMPLE_0062,GEOM_0055,OP_27e025d016,SIM_0adfe2091c83,IA_test/12.21 N3G10/w01/case_d913c8cd-1263-4f0d-b05e-0a8fab3137c5.fem,,unmatched,16,planar,millimeters,36,Air|Pure Iron|Copper|N40|Air|N40|Air,"[0.0,0.0,74.0,74.0]",8.66025403784,,,,,pending_review,operating_current 来源: FEM circuit max_abs(current_re)
SAMPLE_0063,GEOM_0056,OP_27e025d016,SIM_c4cf0c31037b,IA_test/12.21 N3G10/w01/case_dae5f276-1734-4152-ad34-77bd08daf795.fem,,unmatched,16,planar,millimeters,36,Air|Pure Iron|Copper|N40|Air|N40|Air,"[0.0,0.0,74.0,74.0]",8.66025403784,,,,,pending_review,operating_current 来源: FEM circuit max_abs(current_re)
SAMPLE_0064,GEOM_0057,OP_27e025d016,SIM_dc0bbbd52f7d,IA_test/12.21 N3G10/w01/case_dc30fb28-b7bc-4faf-9a24-649f92b0e581.fem,,unmatched,11,planar,millimeters,36,Air|Pure Iron|Copper|N40|Air|N40|Air,"[0.0,0.0,74.0,74.0]",8.66025403784,,,,,pending_review,operating_current 来源: FEM circuit max_abs(current_re)
SAMPLE_0065,GEOM_0030,OP_27e025d016,SIM_0f163fd0e5da,IA_test/12.21 N3G10/w01/case_e33f1d2d-0d7e-4924-a9d0-3977d35a0b95.fem,,unmatched,11,planar,millimeters,36,Air|Pure Iron|Copper|N40|Air|N40|Air,"[0.0,0.0,74.0,74.0]",8.66025403784,,,,,pending_review,operating_current 来源: FEM circuit max_abs(current_re)
SAMPLE_0066,GEOM_0034,OP_27e025d016,SIM_08dab8795ebc,IA_test/12.21 N3G10/w01/case_e4e2c761-d87a-4501-b0d7-4dc276a3fe44.fem,,unmatched,11,planar,millimeters,36,Air|Pure Iron|Copper|N40|Air|N40|Air,"[0.0,0.0,74.0,74.0]",8.66025403784,,,,,pending_review,operating_current 来源: FEM circuit max_abs(current_re)
SAMPLE_0067,GEOM_0058,OP_27e025d016,SIM_42113d23d1bb,IA_test/12.21 N3G10/w01/case_e51f9061-5028-4304-bded-31ea0ccc434c.fem,,unmatched,11,planar,millimeters,36,Air|Pure Iron|Copper|N40|Air|N40|Air,"[0.0,0.0,74.0,74.0]",8.66025403784,,,,,pending_review,operating_current 来源: FEM circuit max_abs(current_re)
SAMPLE_0068,GEOM_0059,OP_27e025d016,SIM_a7ba80dd0142,IA_test/12.21 N3G10/w01/case_e7958f48-6565-488f-8a32-ed6e9fdbbbee.fem,,unmatched,11,planar,millimeters,36,Air|Pure Iron|Copper|N40|Air|N40|Air,"[0.0,0.0,74.0,74.0]",8.66025403784,,,,,pending_review,operating_current 来源: FEM circuit max_abs(current_re)
SAMPLE_0069,GEOM_0060,OP_27e025d016,SIM_9550ef9c53bb,IA_test/12.21 N3G10/w01/case_e89c0421-6da4-4e3b-ab9d-837f509f1cc5.fem,,unmatched,11,planar,millimeters,36,Air|Pure Iron|Copper|N40|Air|N40|Air,"[0.0,0.0,74.0,74.0]",8.66025403784,,,,,pending_review,operating_current 来源: FEM circuit max_abs(current_re)
SAMPLE_0070,GEOM_0022,OP_db5410d5c6,SIM_e02f3c7be294,IA_test/12.21 N3G10/w02/blank_inset_9x5_w02.fem,,unmatched,8,planar,millimeters,36,Air|Pure Iron|Copper|N40|Air|N40|Air,"[0.0,0.0,74.0,74.0]",0,,,,,pending_review,operating_current 来源: FEM circuit max_abs(current_re)
SAMPLE_0071,GEOM_0061,OP_27e025d016,SIM_3908bd18446c,IA_test/12.21 N3G10/w02/case_000001.fem,,unmatched,11,planar,millimeters,36,Air|Pure Iron|Copper|N40|Air|N40|Air,"[0.0,0.0,74.0,74.0]",8.66025403784,,,,,pending_review,operating_current 来源: FEM circuit max_abs(current_re)
SAMPLE_0072,GEOM_0062,OP_27e025d016,SIM_48d0d8b68e24,IA_test/12.21 N3G10/w02/case_0704aed2-95f7-4488-b805-9fdc1df2a4b9.fem,,unmatched,16,planar,millimeters,36,Air|Pure Iron|Copper|N40|Air|N40|Air,"[0.0,0.0,74.0,74.0]",8.66025403784,,,,,pending_review,operating_current 来源: FEM circuit max_abs(current_re)
SAMPLE_0073,GEOM_0063,OP_27e025d016,SIM_659cfbeaf737,IA_test/12.21 N3G10/w02/case_07d06f9c-23de-489a-aa10-cde663a9bcea.fem,,unmatched,11,planar,millimeters,36,Air|Pure Iron|Copper|N40|Air|N40|Air,"[0.0,0.0,74.0,74.0]",8.66025403784,,,,,pending_review,operating_current 来源: FEM circuit max_abs(current_re)
SAMPLE_0074,GEOM_0064,OP_27e025d016,SIM_e795405fe5ed,IA_test/12.21 N3G10/w02/case_10bdf2e7-6933-4a50-8be9-536a0f4dfc6a.fem,,unmatched,11,planar,millimeters,36,Air|Pure Iron|Copper|N40|Air|N40|Air,"[0.0,0.0,74.0,74.0]",8.66025403784,,,,,pending_review,operating_current 来源: FEM circuit max_abs(current_re)
SAMPLE_0075,GEOM_0065,OP_27e025d016,SIM_0de290388ca3,IA_test/12.21 N3G10/w02/case_17c5fdbd-2370-4744-80bf-2a2f0a287340.fem,,unmatched,11,planar,millimeters,36,Air|Pure Iron|Copper|N40|Air|N40|Air,"[0.0,0.0,74.0,74.0]",8.66025403784,,,,,pending_review,operating_current 来源: FEM circuit max_abs(current_re)
SAMPLE_0076,GEOM_0066,OP_27e025d016,SIM_d6ec5978c3f1,IA_test/12.21 N3G10/w02/case_1a903502-eae2-44aa-b20d-f5a319beef36.fem,,unmatched,11,planar,millimeters,36,Air|Pure Iron|Copper|N40|Air|N40|Air,"[0.0,0.0,74.0,74.0]",8.66025403784,,,,,pending_review,operating_current 来源: FEM circuit max_abs(current_re)
SAMPLE_0077,GEOM_0067,OP_27e025d016,SIM_21c1e123dcaa,IA_test/12.21 N3G10/w02/case_278f70c1-be87-474f-bd88-9270d1b9edf9.fem,,unmatched,11,planar,millimeters,36,Air|Pure Iron|Copper|N40|Air|N40|Air,"[0.0,0.0,74.0,74.0]",8.66025403784,,,,,pending_review,operating_current 来源: FEM circuit max_abs(current_re)
SAMPLE_0078,GEOM_0068,OP_27e025d016,SIM_9724831c6c83,IA_test/12.21 N3G10/w02/case_2cc7bc73-cd5f-4e19-869d-9b67a5b8b5af.fem,,unmatched,11,planar,millimeters,36,Air|Pure Iron|Copper|N40|Air|N40|Air,"[0.0,0.0,74.0,74.0]",8.66025403784,,,,,pending_review,operating_current 来源: FEM circuit max_abs(current_re)
SAMPLE_0079,GEOM_0069,OP_27e025d016,SIM_b9c35094100c,IA_test/12.21 N3G10/w02/case_2efb83d5-5d0b-458b-b718-044c34efdc44.fem,,unmatched,11,planar,millimeters,36,Air|Pure Iron|Copper|N40|Air|N40|Air,"[0.0,0.0,74.0,74.0]",8.66025403784,,,,,pending_review,operating_current 来源: FEM circuit max_abs(current_re)
SAMPLE_0080,GEOM_0070,OP_27e025d016,SIM_acbec051e5ba,IA_test/12.21 N3G10/w02/case_3781bdbc-eb47-4019-9edd-e771f7eb5ab4.fem,,unmatched,11,planar,millimeters,36,Air|Pure Iron|Copper|N40|Air|N40|Air,"[0.0,0.0,74.0,74.0]",8.66025403784,,,,,pending_review,operating_current 来源: FEM circuit max_abs(current_re)
SAMPLE_0081,GEOM_0065,OP_27e025d016,SIM_0de290388ca3,IA_test/12.21 N3G10/w02/case_39c72458-418d-4b0c-8b68-5fc28c1f9ce2.fem,,unmatched,11,planar,millimeters,36,Air|Pure Iron|Copper|N40|Air|N40|Air,"[0.0,0.0,74.0,74.0]",8.66025403784,,,,,pending_review,operating_current 来源: FEM circuit max_abs(current_re)
SAMPLE_0082,GEOM_0071,OP_27e025d016,SIM_e316ab85c727,IA_test/12.21 N3G10/w02/case_3a323f0f-60ba-4182-ae91-0c7440176ebc.fem,,unmatched,11,planar,millimeters,36,Air|Pure Iron|Copper|N40|Air|N40|Air,"[0.0,0.0,74.0,74.0]",8.66025403784,,,,,pending_review,operating_current 来源: FEM circuit max_abs(current_re)
SAMPLE_0083,GEOM_0072,OP_27e025d016,SIM_862f684d22bb,IA_test/12.21 N3G10/w02/case_3f463c7e-3d8c-4c80-9e27-fb58c599e037.fem,,unmatched,11,planar,millimeters,36,Air|Pure Iron|Copper|N40|Air|N40|Air,"[0.0,0.0,74.0,74.0]",8.66025403784,,,,,pending_review,operating_current 来源: FEM circuit max_abs(current_re)
SAMPLE_0084,GEOM_0073,OP_27e025d016,SIM_b85a75e9cb23,IA_test/12.21 N3G10/w02/case_43941121-5520-4fab-a0e2-0ea2f23e15e3.fem,,unmatched,11,planar,millimeters,36,Air|Pure Iron|Copper|N40|Air|N40|Air,"[0.0,0.0,74.0,74.0]",8.66025403784,,,,,pending_review,operating_current 来源: FEM circuit max_abs(current_re)
SAMPLE_0085,GEOM_0074,OP_27e025d016,SIM_108ef62b0902,IA_test/12.21 N3G10/w02/case_45e42035-642a-401b-bb86-90917e928696.fem,,unmatched,11,planar,millimeters,36,Air|Pure Iron|Copper|N40|Air|N40|Air,"[0.0,0.0,74.0,74.0]",8.66025403784,,,,,pending_review,operating_current 来源: FEM circuit max_abs(current_re)
SAMPLE_0086,GEOM_0075,OP_27e025d016,SIM_4076e3bfb067,IA_test/12.21 N3G10/w02/case_5128b0bc-6616-42bc-948a-0526565a2964.fem,,unmatched,11,planar,millimeters,36,Air|Pure Iron|Copper|N40|Air|N40|Air,"[0.0,0.0,74.0,74.0]",8.66025403784,,,,,pending_review,operating_current 来源: FEM circuit max_abs(current_re)
SAMPLE_0087,GEOM_0076,OP_27e025d016,SIM_a4802f3a78b0,IA_test/12.21 N3G10/w02/case_54b7a8af-c961-4020-904c-27aee80cfda6.fem,,unmatched,11,planar,millimeters,36,Air|Pure Iron|Copper|N40|Air|N40|Air,"[0.0,0.0,74.0,74.0]",8.66025403784,,,,,pending_review,operating_current 来源: FEM circuit max_abs(current_re)
SAMPLE_0088,GEOM_0077,OP_27e025d016,SIM_1c1eccb6025d,IA_test/12.21 N3G10/w02/case_5cb4e85c-14dd-444a-9cc3-965f42880507.fem,,unmatched,11,planar,millimeters,36,Air|Pure Iron|Copper|N40|Air|N40|Air,"[0.0,0.0,74.0,74.0]",8.66025403784,,,,,pending_review,operating_current 来源: FEM circuit max_abs(current_re)
SAMPLE_0089,GEOM_0078,OP_27e025d016,SIM_fe3566fcaab1,IA_test/12.21 N3G10/w02/case_6dc6b2ab-4d29-44fa-a85f-5e86f0132a64.fem,,unmatched,11,planar,millimeters,36,Air|Pure Iron|Copper|N40|Air|N40|Air,"[0.0,0.0,74.0,74.0]",8.66025403784,,,,,pending_review,operating_current 来源: FEM circuit max_abs(current_re)
SAMPLE_0090,GEOM_0052,OP_27e025d016,SIM_2457bb6347c1,IA_test/12.21 N3G10/w02/case_6ea371ff-ec56-4ae1-90b7-9c6394e79cb8.fem,,unmatched,11,planar,millimeters,36,Air|Pure Iron|Copper|N40|Air|N40|Air,"[0.0,0.0,74.0,74.0]",8.66025403784,,,,,pending_review,operating_current 来源: FEM circuit max_abs(current_re)
SAMPLE_0091,GEOM_0079,OP_27e025d016,SIM_fb4e08026526,IA_test/12.21 N3G10/w02/case_7406642a-8a7f-44e5-a919-9d6bdcdf667f.fem,,unmatched,11,planar,millimeters,36,Air|Pure Iron|Copper|N40|Air|N40|Air,"[0.0,0.0,74.0,74.0]",8.66025403784,,,,,pending_review,operating_current 来源: FEM circuit max_abs(current_re)
SAMPLE_0092,GEOM_0080,OP_27e025d016,SIM_c51b607c5482,IA_test/12.21 N3G10/w02/case_749129f2-9526-483c-aeb7-23858e7b0e59.fem,,unmatched,11,planar,millimeters,36,Air|Pure Iron|Copper|N40|Air|N40|Air,"[0.0,0.0,74.0,74.0]",8.66025403784,,,,,pending_review,operating_current 来源: FEM circuit max_abs(current_re)
SAMPLE_0093,GEOM_0081,OP_27e025d016,SIM_fb344e72fd0f,IA_test/12.21 N3G10/w02/case_85e13400-b93f-41d7-a022-6af54ca5fdf6.fem,,unmatched,11,planar,millimeters,36,Air|Pure Iron|Copper|N40|Air|N40|Air,"[0.0,0.0,74.0,74.0]",8.66025403784,,,,,pending_review,operating_current 来源: FEM circuit max_abs(current_re)
SAMPLE_0094,GEOM_0057,OP_27e025d016,SIM_dc0bbbd52f7d,IA_test/12.21 N3G10/w02/case_8b670471-529a-4d49-9e45-f711c972ed03.fem,,unmatched,11,planar,millimeters,36,Air|Pure Iron|Copper|N40|Air|N40|Air,"[0.0,0.0,74.0,74.0]",8.66025403784,,,,,pending_review,operating_current 来源: FEM circuit max_abs(current_re)
SAMPLE_0095,GEOM_0082,OP_27e025d016,SIM_57785a1ec3b5,IA_test/12.21 N3G10/w02/case_9ea14e95-b1d5-4690-b666-91fd603a3230.fem,,unmatched,16,planar,millimeters,36,Air|Pure Iron|Copper|N40|Air|N40|Air,"[0.0,0.0,74.0,74.0]",8.66025403784,,,,,pending_review,operating_current 来源: FEM circuit max_abs(current_re)
SAMPLE_0096,GEOM_0083,OP_27e025d016,SIM_2a4fe25d8bfb,IA_test/12.21 N3G10/w02/case_a15f2e35-e60e-4aed-9a5f-94ee4990f15c.fem,,unmatched,16,planar,millimeters,36,Air|Pure Iron|Copper|N40|Air|N40|Air,"[0.0,0.0,74.0,74.0]",8.66025403784,,,,,pending_review,operating_current 来源: FEM circuit max_abs(current_re)
SAMPLE_0097,GEOM_0049,OP_27e025d016,SIM_14de8866cbf7,IA_test/12.21 N3G10/w02/case_a7ecd80d-fb62-407c-b380-670fa66c3f66.fem,,unmatched,11,planar,millimeters,36,Air|Pure Iron|Copper|N40|Air|N40|Air,"[0.0,0.0,74.0,74.0]",8.66025403784,,,,,pending_review,operating_current 来源: FEM circuit max_abs(current_re)
SAMPLE_0098,GEOM_0084,OP_27e025d016,SIM_82dffc72c1b3,IA_test/12.21 N3G10/w02/case_b387b2c3-8c37-4860-bddb-cac9004396a6.fem,,unmatched,11,planar,millimeters,36,Air|Pure Iron|Copper|N40|Air|N40|Air,"[0.0,0.0,74.0,74.0]",8.66025403784,,,,,pending_review,operating_current 来源: FEM circuit max_abs(current_re)
SAMPLE_0099,GEOM_0085,OP_27e025d016,SIM_81cd6b8c13b8,IA_test/12.21 N3G10/w02/case_bbd260f1-8d6a-4e88-bc2a-800810968b5c.fem,,unmatched,11,planar,millimeters,36,Air|Pure Iron|Copper|N40|Air|N40|Air,"[0.0,0.0,74.0,74.0]",8.66025403784,,,,,pending_review,operating_current 来源: FEM circuit max_abs(current_re)
SAMPLE_0100,GEOM_0029,OP_27e025d016,SIM_4f5d8b4ed2ea,IA_test/12.21 N3G10/w02/case_bc015e21-0860-4f7a-99ed-3a22058d8ee7.fem,,unmatched,11,planar,millimeters,36,Air|Pure Iron|Copper|N40|Air|N40|Air,"[0.0,0.0,74.0,74.0]",8.66025403784,,,,,pending_review,operating_current 来源: FEM circuit max_abs(current_re)
SAMPLE_0101,GEOM_0086,OP_27e025d016,SIM_04d73fa3d0fe,IA_test/12.21 N3G10/w02/case_bd182655-75e0-4b80-8bad-90b1cb383d32.fem,,unmatched,16,planar,millimeters,36,Air|Pure Iron|Copper|N40|Air|N40|Air,"[0.0,0.0,74.0,74.0]",8.66025403784,,,,,pending_review,operating_current 来源: FEM circuit max_abs(current_re)
SAMPLE_0102,GEOM_0027,OP_27e025d016,SIM_a5515a4716ea,IA_test/12.21 N3G10/w02/case_bf096598-6d7f-40f1-baff-576a499c62f8.fem,,unmatched,11,planar,millimeters,36,Air|Pure Iron|Copper|N40|Air|N40|Air,"[0.0,0.0,74.0,74.0]",8.66025403784,,,,,pending_review,operating_current 来源: FEM circuit max_abs(current_re)
SAMPLE_0103,GEOM_0077,OP_27e025d016,SIM_1c1eccb6025d,IA_test/12.21 N3G10/w02/case_c876b0c1-ceff-482e-9d89-1d2d2ed0610a.fem,,unmatched,11,planar,millimeters,36,Air|Pure Iron|Copper|N40|Air|N40|Air,"[0.0,0.0,74.0,74.0]",8.66025403784,,,,,pending_review,operating_current 来源: FEM circuit max_abs(current_re)
SAMPLE_0104,GEOM_0087,OP_27e025d016,SIM_3b032898c208,IA_test/12.21 N3G10/w02/case_ce520cd2-7cf9-421b-ba62-b8af3d02a342.fem,,unmatched,11,planar,millimeters,36,Air|Pure Iron|Copper|N40|Air|N40|Air,"[0.0,0.0,74.0,74.0]",8.66025403784,,,,,pending_review,operating_current 来源: FEM circuit max_abs(current_re)
SAMPLE_0105,GEOM_0088,OP_27e025d016,SIM_d268bb3250cc,IA_test/12.21 N3G10/w02/case_cfab5013-eb64-4989-a962-dd508f6cb161.fem,,unmatched,11,planar,millimeters,36,Air|Pure Iron|Copper|N40|Air|N40|Air,"[0.0,0.0,74.0,74.0]",8.66025403784,,,,,pending_review,operating_current 来源: FEM circuit max_abs(current_re)
SAMPLE_0106,GEOM_0089,OP_27e025d016,SIM_d4d5bf86f869,IA_test/12.21 N3G10/w02/case_e4af992a-7c33-4699-bed8-01c1709c43ce.fem,,unmatched,11,planar,millimeters,36,Air|Pure Iron|Copper|N40|Air|N40|Air,"[0.0,0.0,74.0,74.0]",8.66025403784,,,,,pending_review,operating_current 来源: FEM circuit max_abs(current_re)
SAMPLE_0107,GEOM_0090,OP_27e025d016,SIM_9f0c1a35fb56,IA_test/12.21 N3G10/w02/case_f101242a-3f2d-456a-82aa-760b9fc8948a.fem,,unmatched,11,planar,millimeters,36,Air|Pure Iron|Copper|N40|Air|N40|Air,"[0.0,0.0,74.0,74.0]",8.66025403784,,,,,pending_review,operating_current 来源: FEM circuit max_abs(current_re)
SAMPLE_0108,GEOM_0051,OP_27e025d016,SIM_2a6033fff871,IA_test/12.21 N3G10/w02/case_f1aab01c-3f34-43bd-b140-90988461ff8b.fem,,unmatched,11,planar,millimeters,36,Air|Pure Iron|Copper|N40|Air|N40|Air,"[0.0,0.0,74.0,74.0]",8.66025403784,,,,,pending_review,operating_current 来源: FEM circuit max_abs(current_re)
SAMPLE_0109,GEOM_0091,OP_27e025d016,SIM_7da36f215f26,IA_test/12.21 N3G10/w02/case_fea96c20-f768-4d65-83bf-57b62578b9b1.fem,,unmatched,11,planar,millimeters,36,Air|Pure Iron|Copper|N40|Air|N40|Air,"[0.0,0.0,74.0,74.0]",8.66025403784,,,,,pending_review,operating_current 来源: FEM circuit max_abs(current_re)
SAMPLE_0110,GEOM_0022,OP_db5410d5c6,SIM_e02f3c7be294,IA_test/12.21 N3G10/w03/blank_inset_9x5_w03.fem,,unmatched,8,planar,millimeters,36,Air|Pure Iron|Copper|N40|Air|N40|Air,"[0.0,0.0,74.0,74.0]",0,,,,,pending_review,operating_current 来源: FEM circuit max_abs(current_re)
SAMPLE_0111,GEOM_0092,OP_27e025d016,SIM_755d6ed3a288,IA_test/12.21 N3G10/w03/case_000001.fem,,unmatched,11,planar,millimeters,36,Air|Pure Iron|Copper|N40|Air|N40|Air,"[0.0,0.0,74.0,74.0]",8.66025403784,,,,,pending_review,operating_current 来源: FEM circuit max_abs(current_re)
SAMPLE_0112,GEOM_0081,OP_27e025d016,SIM_fb344e72fd0f,IA_test/12.21 N3G10/w03/case_0110943c-ca16-4544-815a-5016dd1279f1.fem,,unmatched,11,planar,millimeters,36,Air|Pure Iron|Copper|N40|Air|N40|Air,"[0.0,0.0,74.0,74.0]",8.66025403784,,,,,pending_review,operating_current 来源: FEM circuit max_abs(current_re)
SAMPLE_0113,GEOM_0068,OP_27e025d016,SIM_9724831c6c83,IA_test/12.21 N3G10/w03/case_07b5eb98-9a38-4771-b597-00e1c31895b2.fem,,unmatched,11,planar,millimeters,36,Air|Pure Iron|Copper|N40|Air|N40|Air,"[0.0,0.0,74.0,74.0]",8.66025403784,,,,,pending_review,operating_current 来源: FEM circuit max_abs(current_re)
SAMPLE_0114,GEOM_0059,OP_27e025d016,SIM_a7ba80dd0142,IA_test/12.21 N3G10/w03/case_0b166cbf-45e8-4aa7-9bcb-a44f87362407.fem,,unmatched,11,planar,millimeters,36,Air|Pure Iron|Copper|N40|Air|N40|Air,"[0.0,0.0,74.0,74.0]",8.66025403784,,,,,pending_review,operating_current 来源: FEM circuit max_abs(current_re)
SAMPLE_0115,GEOM_0093,OP_27e025d016,SIM_954a4f482e5b,IA_test/12.21 N3G10/w03/case_0be1acca-91d2-4158-98fd-0fd1eb36f24d.fem,,unmatched,11,planar,millimeters,36,Air|Pure Iron|Copper|N40|Air|N40|Air,"[0.0,0.0,74.0,74.0]",8.66025403784,,,,,pending_review,operating_current 来源: FEM circuit max_abs(current_re)
SAMPLE_0116,GEOM_0094,OP_27e025d016,SIM_eda79f522892,IA_test/12.21 N3G10/w03/case_1bb73884-c37c-428d-a599-1a10b170ec9a.fem,,unmatched,11,planar,millimeters,36,Air|Pure Iron|Copper|N40|Air|N40|Air,"[0.0,0.0,74.0,74.0]",8.66025403784,,,,,pending_review,operating_current 来源: FEM circuit max_abs(current_re)
SAMPLE_0117,GEOM_0095,OP_27e025d016,SIM_e8eac8934769,IA_test/12.21 N3G10/w03/case_271d3202-ee3a-4537-8732-f53064677824.fem,,unmatched,11,planar,millimeters,36,Air|Pure Iron|Copper|N40|Air|N40|Air,"[0.0,0.0,74.0,74.0]",8.66025403784,,,,,pending_review,operating_current 来源: FEM circuit max_abs(current_re)
SAMPLE_0118,GEOM_0096,OP_27e025d016,SIM_baa567002bd3,IA_test/12.21 N3G10/w03/case_2c3e8022-90a4-4ebd-9982-43ab040c88e4.fem,,unmatched,11,planar,millimeters,36,Air|Pure Iron|Copper|N40|Air|N40|Air,"[0.0,0.0,74.0,74.0]",8.66025403784,,,,,pending_review,operating_current 来源: FEM circuit max_abs(current_re)
SAMPLE_0119,GEOM_0097,OP_27e025d016,SIM_0b46aa000059,IA_test/12.21 N3G10/w03/case_30613252-6f1a-436a-953b-92a27e8260e4.fem,,unmatched,11,planar,millimeters,36,Air|Pure Iron|Copper|N40|Air|N40|Air,"[0.0,0.0,74.0,74.0]",8.66025403784,,,,,pending_review,operating_current 来源: FEM circuit max_abs(current_re)
SAMPLE_0120,GEOM_0098,OP_27e025d016,SIM_f652eedaec29,IA_test/12.21 N3G10/w03/case_3a8b1934-4441-4d43-b8e7-96228efff4aa.fem,,unmatched,11,planar,millimeters,36,Air|Pure Iron|Copper|N40|Air|N40|Air,"[0.0,0.0,74.0,74.0]",8.66025403784,,,,,pending_review,operating_current 来源: FEM circuit max_abs(current_re)
SAMPLE_0121,GEOM_0062,OP_27e025d016,SIM_48d0d8b68e24,IA_test/12.21 N3G10/w03/case_3bb26db5-3721-4b15-adf5-92e72e9c38d6.fem,,unmatched,16,planar,millimeters,36,Air|Pure Iron|Copper|N40|Air|N40|Air,"[0.0,0.0,74.0,74.0]",8.66025403784,,,,,pending_review,operating_current 来源: FEM circuit max_abs(current_re)
SAMPLE_0122,GEOM_0099,OP_27e025d016,SIM_1d6546c10479,IA_test/12.21 N3G10/w03/case_4e22798d-f32f-4a70-80e5-5c7771b2b351.fem,,unmatched,11,planar,millimeters,36,Air|Pure Iron|Copper|N40|Air|N40|Air,"[0.0,0.0,74.0,74.0]",8.66025403784,,,,,pending_review,operating_current 来源: FEM circuit max_abs(current_re)
SAMPLE_0123,GEOM_0100,OP_27e025d016,SIM_7f9d1a66c2ff,IA_test/12.21 N3G10/w03/case_5f3baec7-3278-4e43-8895-de6c543775e4.fem,,unmatched,11,planar,millimeters,36,Air|Pure Iron|Copper|N40|Air|N40|Air,"[0.0,0.0,74.0,74.0]",8.66025403784,,,,,pending_review,operating_current 来源: FEM circuit max_abs(current_re)
SAMPLE_0124,GEOM_0101,OP_27e025d016,SIM_bf59692d6057,IA_test/12.21 N3G10/w03/case_64b66201-8dd1-4c2d-afdb-407e2222b655.fem,,unmatched,11,planar,millimeters,36,Air|Pure Iron|Copper|N40|Air|N40|Air,"[0.0,0.0,74.0,74.0]",8.66025403784,,,,,pending_review,operating_current 来源: FEM circuit max_abs(current_re)
SAMPLE_0125,GEOM_0035,OP_27e025d016,SIM_a7be61fc9245,IA_test/12.21 N3G10/w03/case_656f7822-7a15-46b3-96da-19977c1d0d59.fem,,unmatched,11,planar,millimeters,36,Air|Pure Iron|Copper|N40|Air|N40|Air,"[0.0,0.0,74.0,74.0]",8.66025403784,,,,,pending_review,operating_current 来源: FEM circuit max_abs(current_re)
SAMPLE_0126,GEOM_0102,OP_27e025d016,SIM_8a3b2868d8e0,IA_test/12.21 N3G10/w03/case_73a80977-7d67-41bf-95e0-c05f40cbb9e2.fem,,unmatched,11,planar,millimeters,36,Air|Pure Iron|Copper|N40|Air|N40|Air,"[0.0,0.0,74.0,74.0]",8.66025403784,,,,,pending_review,operating_current 来源: FEM circuit max_abs(current_re)
SAMPLE_0127,GEOM_0103,OP_27e025d016,SIM_0a4979fa84c2,IA_test/12.21 N3G10/w03/case_7e438ca1-c59d-463a-a10a-6d04b6f3b09e.fem,,unmatched,11,planar,millimeters,36,Air|Pure Iron|Copper|N40|Air|N40|Air,"[0.0,0.0,74.0,74.0]",8.66025403784,,,,,pending_review,operating_current 来源: FEM circuit max_abs(current_re)
SAMPLE_0128,GEOM_0054,OP_27e025d016,SIM_3a5bc5ac3955,IA_test/12.21 N3G10/w03/case_86d62f9a-dbfd-4195-8fd4-2ddf63b2c724.fem,,unmatched,11,planar,millimeters,36,Air|Pure Iron|Copper|N40|Air|N40|Air,"[0.0,0.0,74.0,74.0]",8.66025403784,,,,,pending_review,operating_current 来源: FEM circuit max_abs(current_re)
SAMPLE_0129,GEOM_0087,OP_27e025d016,SIM_3b032898c208,IA_test/12.21 N3G10/w03/case_91a9c760-b8d5-406b-984d-9d2d06311615.fem,,unmatched,11,planar,millimeters,36,Air|Pure Iron|Copper|N40|Air|N40|Air,"[0.0,0.0,74.0,74.0]",8.66025403784,,,,,pending_review,operating_current 来源: FEM circuit max_abs(current_re)
SAMPLE_0130,GEOM_0046,OP_27e025d016,SIM_7df23dab62b9,IA_test/12.21 N3G10/w03/case_9477881f-38d7-4bf2-978e-c5c0e1dd186c.fem,,unmatched,11,planar,millimeters,36,Air|Pure Iron|Copper|N40|Air|N40|Air,"[0.0,0.0,74.0,74.0]",8.66025403784,,,,,pending_review,operating_current 来源: FEM circuit max_abs(current_re)
SAMPLE_0131,GEOM_0104,OP_27e025d016,SIM_620994d91a70,IA_test/12.21 N3G10/w03/case_94e02f76-4578-4c74-aac4-25161d0050e0.fem,,unmatched,11,planar,millimeters,36,Air|Pure Iron|Copper|N40|Air|N40|Air,"[0.0,0.0,74.0,74.0]",8.66025403784,,,,,pending_review,operating_current 来源: FEM circuit max_abs(current_re)
SAMPLE_0132,GEOM_0105,OP_27e025d016,SIM_3dad9807b5ac,IA_test/12.21 N3G10/w03/case_a01e7cd3-4286-4e0f-9ec1-71ba10d5645d.fem,,unmatched,11,planar,millimeters,36,Air|Pure Iron|Copper|N40|Air|N40|Air,"[0.0,0.0,74.0,74.0]",8.66025403784,,,,,pending_review,operating_current 来源: FEM circuit max_abs(current_re)
SAMPLE_0133,GEOM_0106,OP_27e025d016,SIM_48f55b104b79,IA_test/12.21 N3G10/w03/case_ac9126e5-a9bf-4997-929a-0d9737c68413.fem,,unmatched,16,planar,millimeters,36,Air|Pure Iron|Copper|N40|Air|N40|Air,"[0.0,0.0,74.0,74.0]",8.66025403784,,,,,pending_review,operating_current 来源: FEM circuit max_abs(current_re)
SAMPLE_0134,GEOM_0107,OP_27e025d016,SIM_1793799251d2,IA_test/12.21 N3G10/w03/case_af6a0094-c542-4d31-a44b-c2971979232f.fem,,unmatched,11,planar,millimeters,36,Air|Pure Iron|Copper|N40|Air|N40|Air,"[0.0,0.0,74.0,74.0]",8.66025403784,,,,,pending_review,operating_current 来源: FEM circuit max_abs(current_re)
SAMPLE_0135,GEOM_0108,OP_27e025d016,SIM_dfd59315ffe3,IA_test/12.21 N3G10/w03/case_bab7e4ee-c4d4-4c2c-b4db-3d29785844db.fem,,unmatched,11,planar,millimeters,36,Air|Pure Iron|Copper|N40|Air|N40|Air,"[0.0,0.0,74.0,74.0]",8.66025403784,,,,,pending_review,operating_current 来源: FEM circuit max_abs(current_re)
SAMPLE_0136,GEOM_0109,OP_27e025d016,SIM_c1227eaa74a9,IA_test/12.21 N3G10/w03/case_c63bcd95-e4d0-47e8-a21b-734be9388415.fem,,unmatched,11,planar,millimeters,36,Air|Pure Iron|Copper|N40|Air|N40|Air,"[0.0,0.0,74.0,74.0]",8.66025403784,,,,,pending_review,operating_current 来源: FEM circuit max_abs(current_re)
SAMPLE_0137,GEOM_0032,OP_27e025d016,SIM_09e954cb8f0a,IA_test/12.21 N3G10/w03/case_d02dea35-b420-4c03-8df6-c4477e5b8130.fem,,unmatched,11,planar,millimeters,36,Air|Pure Iron|Copper|N40|Air|N40|Air,"[0.0,0.0,74.0,74.0]",8.66025403784,,,,,pending_review,operating_current 来源: FEM circuit max_abs(current_re)
SAMPLE_0138,GEOM_0110,OP_27e025d016,SIM_bdbac19195e4,IA_test/12.21 N3G10/w03/case_d0c2449e-f195-4d56-bb73-93d6dd49fe0d.fem,,unmatched,11,planar,millimeters,36,Air|Pure Iron|Copper|N40|Air|N40|Air,"[0.0,0.0,74.0,74.0]",8.66025403784,,,,,pending_review,operating_current 来源: FEM circuit max_abs(current_re)
SAMPLE_0139,GEOM_0111,OP_27e025d016,SIM_2236bf58e0f4,IA_test/12.21 N3G10/w03/case_d8083771-02f6-4dce-afe8-5233bf3f66fe.fem,,unmatched,11,planar,millimeters,36,Air|Pure Iron|Copper|N40|Air|N40|Air,"[0.0,0.0,74.0,74.0]",8.66025403784,,,,,pending_review,operating_current 来源: FEM circuit max_abs(current_re)
SAMPLE_0140,GEOM_0112,OP_27e025d016,SIM_51a7fa32fc35,IA_test/12.21 N3G10/w03/case_dae3b9ab-a5df-434c-966d-77e470159d02.fem,,unmatched,11,planar,millimeters,36,Air|Pure Iron|Copper|N40|Air|N40|Air,"[0.0,0.0,74.0,74.0]",8.66025403784,,,,,pending_review,operating_current 来源: FEM circuit max_abs(current_re)
SAMPLE_0141,GEOM_0113,OP_27e025d016,SIM_6ff23b320073,IA_test/12.21 N3G10/w03/case_e7bd6b47-d4fd-4718-866b-61937b1aaa14.fem,,unmatched,11,planar,millimeters,36,Air|Pure Iron|Copper|N40|Air|N40|Air,"[0.0,0.0,74.0,74.0]",8.66025403784,,,,,pending_review,operating_current 来源: FEM circuit max_abs(current_re)
SAMPLE_0142,GEOM_0047,OP_27e025d016,SIM_a28f0d9e5ca0,IA_test/12.21 N3G10/w03/case_f97d8b24-16c3-4b5c-84bd-60685a3b65d9.fem,,unmatched,11,planar,millimeters,36,Air|Pure Iron|Copper|N40|Air|N40|Air,"[0.0,0.0,74.0,74.0]",8.66025403784,,,,,pending_review,operating_current 来源: FEM circuit max_abs(current_re)
SAMPLE_0143,GEOM_0078,OP_27e025d016,SIM_fe3566fcaab1,IA_test/12.21 N3G10/w03/case_ff71ef89-6891-4223-b862-01eebccd32e4.fem,,unmatched,11,planar,millimeters,36,Air|Pure Iron|Copper|N40|Air|N40|Air,"[0.0,0.0,74.0,74.0]",8.66025403784,,,,,pending_review,operating_current 来源: FEM circuit max_abs(current_re)
SAMPLE_0144,GEOM_0114,OP_69bb88fd98,SIM_5d189706758b,IA_test/1225/best_J0.177345_20251225_205238.fem,IA_test/1225/best_result_20251225_205238.mat,probable,77,planar,millimeters,36,Air|Pure Iron|Copper|N40|Air|N40|Air,"[0.0,0.0,74.0,74.0]",3.03108891325,,,,J_hist|bestOverall|best_bits|best_bits_hist,pending_review,operating_current 来源: FEM circuit max_abs(current_re)
SAMPLE_0145,GEOM_0115,OP_69bb88fd98,SIM_214f29613e50,IA_test/1226/best_J0.234241_20251226_165530.fem,IA_test/1226/best_result_20251226_165530.mat,probable,77,planar,millimeters,36,Air|Pure Iron|Copper|N40|Air|N40|Air,"[0.0,0.0,74.0,74.0]",3.03108891325,,,,J_hist|bestOverall|best_bits|best_bits_hist,pending_review,operating_current 来源: FEM circuit max_abs(current_re)
SAMPLE_0146,GEOM_0116,OP_69bb88fd98,SIM_8adf32e1b0da,IA_test/1227.1/best_J0.239788_20251227_151645.fem,IA_test/1227.1/best_result_20251227_151645.mat,probable,77,planar,millimeters,36,Air|Pure Iron|Copper|N40|Air|N40|Air,"[0.0,0.0,74.0,74.0]",3.03108891325,,,,J_hist|bestOverall|best_bits|best_bits_hist,pending_review,operating_current 来源: FEM circuit max_abs(current_re)
SAMPLE_0147,GEOM_0117,OP_69bb88fd98,SIM_c12108757c5e,IA_test/1227.2/best_J0.147733_20251228_001658.fem,IA_test/1227.2/best_result_20251228_001658.mat,probable,77,planar,millimeters,36,Air|Pure Iron|Copper|N40|Air|N40|Air,"[0.0,0.0,74.0,74.0]",3.03108891325,,,,J_hist|bestOverall|best_bits|best_bits_hist,pending_review,operating_current 来源: FEM circuit max_abs(current_re)
SAMPLE_0148,GEOM_0118,OP_69bb88fd98,SIM_ff157bce8157,IA_test/1228/best_J0.222504_20251229_005752.fem,IA_test/best_result_20251229_005752.mat,conflict,70,planar,millimeters,36,Air|Pure Iron|Copper|N40|Air|N40|Air,"[0.0,0.0,74.0,74.0]",3.03108891325,,,,J_hist|bestOverall|best_bits|best_bits_hist,pending_review,需要人工复核配对；operating_current 来源: FEM circuit max_abs(current_re)
SAMPLE_0149,GEOM_0119,OP_db5410d5c6,SIM_e2d9d6ea1f65,IA_test/1229/best_J0.238035_20251229_221434.fem,IA_test/1229/best_result_20251229_221434.mat,probable,77,planar,millimeters,36,Air|Pure Iron|Copper|N40|Air|N40|Air,"[0.0,0.0,74.0,74.0]",0,,,,J_hist|bestOverall|best_bits|best_bits_hist,pending_review,operating_current 来源: FEM circuit max_abs(current_re)
SAMPLE_0150,GEOM_0006,OP_db5410d5c6,SIM_2d06b0990293,IA_test/1230.2/best_J0.157009_20251230_165105.fem,IA_test/1230.2/best_result_20251230_165105.mat,probable,77,planar,millimeters,36,Air|Pure Iron|Copper|N40|Air|N40|Air,"[0.0,0.0,74.0,74.0]",0,,,,J_hist|bestOverall|best_bits|best_bits_hist,pending_review,operating_current 来源: FEM circuit max_abs(current_re)
SAMPLE_0151,GEOM_0005,OP_db5410d5c6,SIM_5321027324c6,IA_test/1230.3/best_J0.150072_20251230_212929.fem,IA_test/1230.3/best_result_20251230_212929.mat,probable,77,planar,millimeters,36,Air|Pure Iron|Copper|N40|Air|N40|Air,"[0.0,0.0,74.0,74.0]",0,,,,J_hist|bestOverall|best_bits|best_bits_hist,pending_review,operating_current 来源: FEM circuit max_abs(current_re)
SAMPLE_0152,GEOM_0007,OP_db5410d5c6,SIM_23a058591911,IA_test/1230/best_J0.166453_20251230_130901.fem,IA_test/1230/best_result_20251230_130901.mat,probable,77,planar,millimeters,36,Air|Pure Iron|Copper|N40|Air|N40|Air,"[0.0,0.0,74.0,74.0]",0,,,,J_hist|bestOverall|best_bits|best_bits_hist,pending_review,operating_current 来源: FEM circuit max_abs(current_re)
SAMPLE_0153,GEOM_0120,OP_db5410d5c6,SIM_2c93a3a7d250,IA_test/1231/best_J0.145728_20251231_192359.fem,IA_test/1231/best_result_20251231_192359.mat,probable,77,planar,millimeters,36,Air|Pure Iron|Copper|N40|Air|N40|Air,"[0.0,0.0,74.0,74.0]",0,,,,J_hist|bestOverall|best_bits|best_bits_hist,pending_review,operating_current 来源: FEM circuit max_abs(current_re)
SAMPLE_0154,GEOM_0003,OP_db5410d5c6,SIM_68c521805b75,IA_test/best_J0.080216_20260110_195804.fem,IA_test/best_result_20260110_195804.mat,probable,77,planar,millimeters,36,Air|Pure Iron|Copper|N40|Air|N40|Air,"[0.0,0.0,74.0,74.0]",0,,,,J_hist|bestOverall|best_bits|best_bits_hist,pending_review,operating_current 来源: FEM circuit max_abs(current_re)
SAMPLE_0155,GEOM_0003,OP_db5410d5c6,SIM_68c521805b75,IA_test/best_J0.080216_20260111_184658.fem,IA_test/best_result_20260111_184658.mat,probable,77,planar,millimeters,36,Air|Pure Iron|Copper|N40|Air|N40|Air,"[0.0,0.0,74.0,74.0]",0,,,,J_hist|bestOverall|best_bits|best_bits_hist,pending_review,operating_current 来源: FEM circuit max_abs(current_re)
SAMPLE_0156,GEOM_0019,OP_db5410d5c6,SIM_b6f4e81d56cd,IA_test/best_J0.082148_20260108_181234.fem,IA_test/best_result_20260108_181234.mat,probable,77,planar,millimeters,36,Air|Pure Iron|Copper|N40|Air|N40|Air,"[0.0,0.0,74.0,74.0]",0,,,,J_hist|bestOverall|best_bits|best_bits_hist,pending_review,operating_current 来源: FEM circuit max_abs(current_re)
SAMPLE_0157,GEOM_0019,OP_db5410d5c6,SIM_b6f4e81d56cd,IA_test/best_J0.082148_20260108_231323.fem,IA_test/best_result_20260108_231323.mat,probable,77,planar,millimeters,36,Air|Pure Iron|Copper|N40|Air|N40|Air,"[0.0,0.0,74.0,74.0]",0,,,,J_hist|bestOverall|best_bits|best_bits_hist,pending_review,operating_current 来源: FEM circuit max_abs(current_re)
SAMPLE_0158,GEOM_0018,OP_db5410d5c6,SIM_1d8923e5a152,IA_test/best_J0.106306_20260105_193139.fem,IA_test/best_result_20260105_193139.mat,probable,77,planar,millimeters,36,Air|Pure Iron|Copper|N40|Air|N40|Air,"[0.0,0.0,74.0,74.0]",0,,,,J_hist|bestOverall|best_bits|best_bits_hist,pending_review,operating_current 来源: FEM circuit max_abs(current_re)
SAMPLE_0159,GEOM_0018,OP_db5410d5c6,SIM_1d8923e5a152,IA_test/best_J0.106306_20260106_151138.fem,IA_test/best_result_20260106_151138.mat,probable,77,planar,millimeters,36,Air|Pure Iron|Copper|N40|Air|N40|Air,"[0.0,0.0,74.0,74.0]",0,,,,J_hist|bestOverall|best_bits|best_bits_hist,pending_review,operating_current 来源: FEM circuit max_abs(current_re)
SAMPLE_0160,GEOM_0018,OP_db5410d5c6,SIM_1d8923e5a152,IA_test/best_J0.106306_20260106_224059.fem,IA_test/best_result_20260106_224059.mat,probable,77,planar,millimeters,36,Air|Pure Iron|Copper|N40|Air|N40|Air,"[0.0,0.0,74.0,74.0]",0,,,,J_hist|bestOverall|best_bits|best_bits_hist,pending_review,operating_current 来源: FEM circuit max_abs(current_re)
SAMPLE_0161,GEOM_0121,OP_db5410d5c6,SIM_c6e8a9800185,IA_test/best_J0.113614_20260103_045247.fem,IA_test/best_result_20260103_045247.mat,conflict,73,planar,millimeters,36,Air|Pure Iron|Copper|N40|Air|N40|Air,"[0.0,0.0,74.0,74.0]",0,,,,J_hist|bestOverall|best_bits|best_bits_hist,pending_review,需要人工复核配对；operating_current 来源: FEM circuit max_abs(current_re)
SAMPLE_0162,GEOM_0122,OP_db5410d5c6,SIM_691c2166f8ed,IA_test/best_J0.238035_20251229_211603.fem,IA_test/best_result_20251229_211603.mat,conflict,77,planar,millimeters,36,Air|Pure Iron|Copper|N40|Air|N40|Air,"[0.0,0.0,74.0,74.0]",0,,,,J_hist|bestOverall|best_bits|best_bits_hist,pending_review,需要人工复核配对；operating_current 来源: FEM circuit max_abs(current_re)
SAMPLE_0163,GEOM_0123,OP_69bb88fd98,SIM_0c9d0e2cbee0,IA_test/best_J0.257147_20251228_164352.fem,IA_test/best_result_20251228_164352.mat,conflict,77,planar,millimeters,36,Air|Pure Iron|Copper|N40|Air|N40|Air,"[0.0,0.0,74.0,74.0]",3.03108891325,,,,J_hist|bestOverall|best_bits|best_bits_hist,pending_review,需要人工复核配对；operating_current 来源: FEM circuit max_abs(current_re)
SAMPLE_0164,GEOM_0124,OP_27e025d016,SIM_0944b2e796bd,IA_test/新建文件夹/temp_airgap_scan.fem,,unmatched,8,planar,millimeters,36,Air|Pure Iron|Copper|N40|Air|N40|Air,"[0.0,0.0,74.0,74.0]",8.66025403784,,,,,pending_review,operating_current 来源: FEM circuit max_abs(current_re)
SAMPLE_0165,GEOM_0018,OP_db5410d5c6,SIM_1d8923e5a152,IA_test/无优化组/best_J0.106306_20260105_011544.fem,IA_test/无优化组/best_result_20260105_011544.mat,probable,77,planar,millimeters,36,Air|Pure Iron|Copper|N40|Air|N40|Air,"[0.0,0.0,74.0,74.0]",0,,,,J_hist|bestOverall|best_bits|best_bits_hist,pending_review,operating_current 来源: FEM circuit max_abs(current_re)
SAMPLE_0166,GEOM_0004,OP_db5410d5c6,SIM_9b3488d6e5e7,IA_test/无优化组/best_J0.110898_20260103_223049.fem,IA_test/无优化组/best_result_20260103_223049.mat,probable,77,planar,millimeters,36,Air|Pure Iron|Copper|N40|Air|N40|Air,"[0.0,0.0,74.0,74.0]",0,,,,J_hist|bestOverall|best_bits|best_bits_hist,pending_review,operating_current 来源: FEM circuit max_abs(current_re)
SAMPLE_0167,GEOM_0004,OP_db5410d5c6,SIM_9b3488d6e5e7,IA_test/无优化组/best_J0.110898_20260104_040203.fem,IA_test/无优化组/best_result_20260104_040203.mat,probable,77,planar,millimeters,36,Air|Pure Iron|Copper|N40|Air|N40|Air,"[0.0,0.0,74.0,74.0]",0,,,,J_hist|bestOverall|best_bits|best_bits_hist,pending_review,operating_current 来源: FEM circuit max_abs(current_re)
SAMPLE_0168,GEOM_0121,OP_db5410d5c6,SIM_c6e8a9800185,IA_test/无优化组/best_J0.113614_20260103_045247.fem,IA_test/无优化组/best_result_20260103_045247.mat,conflict,73,planar,millimeters,36,Air|Pure Iron|Copper|N40|Air|N40|Air,"[0.0,0.0,74.0,74.0]",0,,,,J_hist|bestOverall|best_bits|best_bits_hist,pending_review,需要人工复核配对；operating_current 来源: FEM circuit max_abs(current_re)
SAMPLE_0169,GEOM_0122,OP_db5410d5c6,SIM_691c2166f8ed,IA_test/无优化组/best_J0.238035_20251229_211603.fem,IA_test/无优化组/best_result_20251229_211603.mat,conflict,77,planar,millimeters,36,Air|Pure Iron|Copper|N40|Air|N40|Air,"[0.0,0.0,74.0,74.0]",0,,,,J_hist|bestOverall|best_bits|best_bits_hist,pending_review,需要人工复核配对；operating_current 来源: FEM circuit max_abs(current_re)
SAMPLE_0170,GEOM_0123,OP_69bb88fd98,SIM_0c9d0e2cbee0,IA_test/无优化组/best_J0.257147_20251228_164352.fem,IA_test/无优化组/best_result_20251228_164352.mat,conflict,77,planar,millimeters,36,Air|Pure Iron|Copper|N40|Air|N40|Air,"[0.0,0.0,74.0,74.0]",3.03108891325,,,,J_hist|bestOverall|best_bits|best_bits_hist,pending_review,需要人工复核配对；operating_current 来源: FEM circuit max_abs(current_re)
SAMPLE_0171,GEOM_0125,OP_db5410d5c6,SIM_502751b51cbe,IA_test/无优化组/best_J2.16323_20260103_182158.fem,IA_test/无优化组/best_result_20260103_182158.mat,probable,77,planar,millimeters,36,Air|Pure Iron|Copper|N40|Air|N40|Air,"[0.0,0.0,74.0,74.0]",0,,,,J_hist|bestOverall|best_bits|best_bits_hist,pending_review,operating_current 来源: FEM circuit max_abs(current_re)
SAMPLE_0172,GEOM_0126,OP_db5410d5c6,SIM_ad6f4a681860,IA_test/设计/blank.FEM,,unmatched,8,planar,millimeters,36,Air|Pure Iron|Copper|N40|Air|N40|Air,"[-20.0,0.0,74.0,74.0]",0,,,,,pending_review,operating_current 来源: FEM circuit max_abs(current_re)
SAMPLE_0173,GEOM_0127,OP_db5410d5c6,SIM_53ec4d4d4d2d,IA_test_Float/0227 30gen/best_J0.120593_20260227_125153.fem,IA_test_Float/0227 30gen/best_result_20260227_125153.mat,conflict,77,planar,millimeters,36,Air|Pure Iron|Copper|N40|Air|N40|Air,"[0.0,0.0,74.0,74.0]",0,,,,J_hist|bestOverall|best_bits|best_bits_hist,pending_review,需要人工复核配对；operating_current 来源: FEM circuit max_abs(current_re)
SAMPLE_0174,GEOM_0128,OP_db5410d5c6,SIM_f9f78e47b9b6,IA_test_Float/0228 50gen/best_J0.114586_20260228_124726.fem,IA_test_Float/0228 50gen/best_result_20260228_124726.mat,conflict,77,planar,millimeters,36,Air|Pure Iron|Copper|N40|Air|N40|Air,"[0.0,0.0,74.0,74.0]",0,,,,J_hist|bestOverall|best_bits|best_bits_hist,pending_review,需要人工复核配对；operating_current 来源: FEM circuit max_abs(current_re)
SAMPLE_0175,GEOM_0129,OP_db5410d5c6,SIM_3935f91d5959,IA_test_Float/0228 70gen-140gen/best_J0.113564_20260228_180032.fem,IA_test_Float/0228 70gen-140gen/best_result_20260228_180032.mat,conflict,77,planar,millimeters,36,Air|Pure Iron|Copper|N40|Air|N40|Air,"[0.0,0.0,74.0,74.0]",0,,,,J_hist|bestOverall|best_bits|best_bits_hist,pending_review,需要人工复核配对；operating_current 来源: FEM circuit max_abs(current_re)
SAMPLE_0176,GEOM_0129,OP_db5410d5c6,SIM_3935f91d5959,IA_test_Float/0228 70gen-140gen/best_J0.113564_20260301_172121.fem,IA_test_Float/0228 70gen-140gen/best_result_20260301_172121.mat,conflict,77,planar,millimeters,36,Air|Pure Iron|Copper|N40|Air|N40|Air,"[0.0,0.0,74.0,74.0]",0,,,,J_hist|bestOverall|best_bits|best_bits_hist,pending_review,需要人工复核配对；operating_current 来源: FEM circuit max_abs(current_re)
SAMPLE_0177,GEOM_0129,OP_db5410d5c6,SIM_3935f91d5959,IA_test_Float/0228 70gen-140gen/best_J0.113564_20260301_224723.fem,IA_test_Float/0228 70gen-140gen/best_result_20260301_224723.mat,conflict,65,planar,millimeters,36,Air|Pure Iron|Copper|N40|Air|N40|Air,"[0.0,0.0,74.0,74.0]",0,,,,J_hist|bestOverall|best_bits|best_bits_hist,pending_review,需要人工复核配对；operating_current 来源: FEM circuit max_abs(current_re)
SAMPLE_0178,GEOM_0130,OP_69bb88fd98,SIM_252c0d8c24fc,IA_test_Float/0228 70gen-140gen/groupF 100gen.fem,,unmatched,15,planar,millimeters,36,Air|Pure Iron|Copper|N40|Air|N40|Air,"[0.0,0.0,74.0,74.0]",3.03108891325,,,,,pending_review,operating_current 来源: FEM circuit max_abs(current_re)
SAMPLE_0179,GEOM_0131,OP_db5410d5c6,SIM_d08870c08232,IA_test_Float/0302 160gen-200gen/best_J0.111733_20260302_114631.fem,IA_test_Float/0302 160gen-200gen/best_result_20260302_114631.mat,conflict,77,planar,millimeters,36,Air|Pure Iron|Copper|N40|Air|N40|Air,"[0.0,0.0,74.0,74.0]",0,,,,J_hist|bestOverall|best_bits|best_bits_hist,pending_review,需要人工复核配对；operating_current 来源: FEM circuit max_abs(current_re)
SAMPLE_0180,GEOM_0132,OP_db5410d5c6,SIM_394cb5b40bc0,IA_test_Float/0302 300gen/best_J0.105091_20260302_173331.fem,IA_test_Float/0302 300gen/best_result_20260302_173331.mat,conflict,77,planar,millimeters,36,Air|Pure Iron|Copper|N40|Air|N40|Air,"[0.0,0.0,74.0,74.0]",0,,,,J_hist|bestOverall|best_bits|best_bits_hist,pending_review,需要人工复核配对；operating_current 来源: FEM circuit max_abs(current_re)
SAMPLE_0181,GEOM_0133,OP_db5410d5c6,SIM_9647921ab0a7,IA_test_Float/0302 400gen-500gen/best_J0.0980357_20260302_213720.fem,IA_test_Float/0302 400gen-500gen/best_result_20260302_213720.mat,conflict,77,planar,millimeters,36,Air|Pure Iron|Copper|N40|Air|N40|Air,"[0.0,0.0,74.0,74.0]",0,,,,J_hist|bestOverall|best_bits|best_bits_hist,pending_review,需要人工复核配对；operating_current 来源: FEM circuit max_abs(current_re)
SAMPLE_0182,GEOM_0134,OP_db5410d5c6,SIM_709971e0aa5b,IA_test_Float/0303 700gen/best_J0.0961933_20260303_215010.fem,IA_test_Float/0303 700gen/best_result_20260303_215010.mat,conflict,77,planar,millimeters,36,Air|Pure Iron|Copper|N40|Air|N40|Air,"[0.0,0.0,74.0,74.0]",0,,,,J_hist|bestOverall|best_bits|best_bits_hist,pending_review,需要人工复核配对；operating_current 来源: FEM circuit max_abs(current_re)
SAMPLE_0183,GEOM_0133,OP_db5410d5c6,SIM_9647921ab0a7,IA_test_Float/0303 700gen/best_J0.0980357_20260303_161511.fem,IA_test_Float/0303 700gen/best_result_20260303_161511.mat,conflict,77,planar,millimeters,36,Air|Pure Iron|Copper|N40|Air|N40|Air,"[0.0,0.0,74.0,74.0]",0,,,,J_hist|bestOverall|best_bits|best_bits_hist,pending_review,需要人工复核配对；operating_current 来源: FEM circuit max_abs(current_re)
SAMPLE_0184,GEOM_0135,OP_db5410d5c6,SIM_96950a8e6a96,IA_test_Float/0304 800gen/best_J0.092999_20260304_220254.fem,IA_test_Float/0304 800gen/best_result_20260304_220254.mat,conflict,77,planar,millimeters,36,Air|Pure Iron|Copper|N40|Air|N40|Air,"[0.0,0.0,74.0,74.0]",0,,,,J_hist|bestOverall|best_bits|best_bits_hist,pending_review,需要人工复核配对；operating_current 来源: FEM circuit max_abs(current_re)
SAMPLE_0185,GEOM_0136,OP_db5410d5c6,SIM_f71fc18073ae,IA_test_Float/0305 900gen/best_J0.0924955_20260305_173935.fem,IA_test_Float/0305 900gen/best_result_20260305_173935.mat,conflict,77,planar,millimeters,36,Air|Pure Iron|Copper|N40|Air|N40|Air,"[0.0,0.0,74.0,74.0]",0,,,,J_hist|bestOverall|best_bits|best_bits_hist,pending_review,需要人工复核配对；operating_current 来源: FEM circuit max_abs(current_re)
SAMPLE_0186,GEOM_0136,OP_db5410d5c6,SIM_f71fc18073ae,IA_test_Float/best_J0.0924955_20260306_174158.fem,IA_test_Float/best_result_20260306_174158.mat,conflict,77,planar,millimeters,36,Air|Pure Iron|Copper|N40|Air|N40|Air,"[0.0,0.0,74.0,74.0]",0,,,,J_hist|bestOverall|best_bits|best_bits_hist,pending_review,需要人工复核配对；operating_current 来源: FEM circuit max_abs(current_re)
SAMPLE_0187,GEOM_0137,OP_db5410d5c6,SIM_81cefd562cdb,IA_test_group4/best_J0.11069_20260203_184421.fem,IA_test_group4/best_result_20260203_184421.mat,probable,77,planar,millimeters,36,Air|Pure Iron|Copper|N40|Air|N40|Air,"[0.0,0.0,74.0,74.0]",0,,,,J_hist|bestOverall|best_bits|best_bits_hist,pending_review,operating_current 来源: FEM circuit max_abs(current_re)
SAMPLE_0188,GEOM_0138,OP_db5410d5c6,SIM_9c34b2eb3686,IA_test_group4/best_J0.121914_20260205_172915.fem,IA_test_group4/best_result_20260205_172915.mat,conflict,77,planar,millimeters,36,Air|Pure Iron|Copper|N40|Air|N40|Air,"[0.0,0.0,74.0,74.0]",0,,,,J_hist|bestOverall|best_bits|best_bits_hist,pending_review,需要人工复核配对；operating_current 来源: FEM circuit max_abs(current_re)
SAMPLE_0189,GEOM_0014,OP_db5410d5c6,SIM_bee08d3637c8,IA_test_group4/best_J0.123215_20260205_145651.fem,IA_test_group4/best_result_20260205_145651.mat,conflict,77,planar,millimeters,36,Air|Pure Iron|Copper|N40|Air|N40|Air,"[0.0,0.0,74.0,74.0]",0,,,,J_hist|bestOverall|best_bits|best_bits_hist,pending_review,需要人工复核配对；operating_current 来源: FEM circuit max_abs(current_re)
SAMPLE_0190,GEOM_0139,OP_db5410d5c6,SIM_171f4fa11cce,IA_test_groupA/0103 groupA/best_J0.112828_20260103_174233.fem,IA_test_groupA/0103 groupA/best_result_20260103_174233.mat,probable,73,planar,millimeters,36,Air|Pure Iron|Copper|N40|Air|N40|Air,"[0.0,0.0,74.0,74.0]",0,,,,J_hist|bestOverall|best_bits|best_bits_hist,pending_review,operating_current 来源: FEM circuit max_abs(current_re)
SAMPLE_0191,GEOM_0017,OP_db5410d5c6,SIM_9f9e5567f2dc,IA_test_groupA/0104 groupA/best_J0.0994011_20260105_081953.fem,IA_test_groupA/0104 groupA/best_result_20260105_081953.mat,probable,65,planar,millimeters,36,Air|Pure Iron|Copper|N40|Air|N40|Air,"[0.0,0.0,74.0,74.0]",0,,,,J_hist|bestOverall|best_bits|best_bits_hist,pending_review,operating_current 来源: FEM circuit max_abs(current_re)
SAMPLE_0192,GEOM_0114,OP_69bb88fd98,SIM_5d189706758b,IA_test_groupA/1225/best_J0.177345_20251225_205238.fem,IA_test_groupA/1225/best_result_20251225_205238.mat,probable,77,planar,millimeters,36,Air|Pure Iron|Copper|N40|Air|N40|Air,"[0.0,0.0,74.0,74.0]",3.03108891325,,,,J_hist|bestOverall|best_bits|best_bits_hist,pending_review,operating_current 来源: FEM circuit max_abs(current_re)
SAMPLE_0193,GEOM_0115,OP_69bb88fd98,SIM_214f29613e50,IA_test_groupA/1226/best_J0.234241_20251226_165530.fem,IA_test_groupA/1226/best_result_20251226_165530.mat,probable,77,planar,millimeters,36,Air|Pure Iron|Copper|N40|Air|N40|Air,"[0.0,0.0,74.0,74.0]",3.03108891325,,,,J_hist|bestOverall|best_bits|best_bits_hist,pending_review,operating_current 来源: FEM circuit max_abs(current_re)
SAMPLE_0194,GEOM_0116,OP_69bb88fd98,SIM_8adf32e1b0da,IA_test_groupA/1227.1/best_J0.239788_20251227_151645.fem,IA_test_groupA/1227.1/best_result_20251227_151645.mat,probable,77,planar,millimeters,36,Air|Pure Iron|Copper|N40|Air|N40|Air,"[0.0,0.0,74.0,74.0]",3.03108891325,,,,J_hist|bestOverall|best_bits|best_bits_hist,pending_review,operating_current 来源: FEM circuit max_abs(current_re)
SAMPLE_0195,GEOM_0117,OP_69bb88fd98,SIM_c12108757c5e,IA_test_groupA/1227.2/best_J0.147733_20251228_001658.fem,IA_test_groupA/1227.2/best_result_20251228_001658.mat,probable,77,planar,millimeters,36,Air|Pure Iron|Copper|N40|Air|N40|Air,"[0.0,0.0,74.0,74.0]",3.03108891325,,,,J_hist|bestOverall|best_bits|best_bits_hist,pending_review,operating_current 来源: FEM circuit max_abs(current_re)
SAMPLE_0196,GEOM_0118,OP_69bb88fd98,SIM_ff157bce8157,IA_test_groupA/1228/best_J0.222504_20251229_005752.fem,IA_test_groupA/best_result_20251229_005752.mat,probable,70,planar,millimeters,36,Air|Pure Iron|Copper|N40|Air|N40|Air,"[0.0,0.0,74.0,74.0]",3.03108891325,,,,J_hist|bestOverall|best_bits|best_bits_hist,pending_review,operating_current 来源: FEM circuit max_abs(current_re)
SAMPLE_0197,GEOM_0119,OP_db5410d5c6,SIM_e2d9d6ea1f65,IA_test_groupA/1229/best_J0.238035_20251229_221434.fem,IA_test_groupA/1229/best_result_20251229_221434.mat,probable,77,planar,millimeters,36,Air|Pure Iron|Copper|N40|Air|N40|Air,"[0.0,0.0,74.0,74.0]",0,,,,J_hist|bestOverall|best_bits|best_bits_hist,pending_review,operating_current 来源: FEM circuit max_abs(current_re)
SAMPLE_0198,GEOM_0006,OP_db5410d5c6,SIM_2d06b0990293,IA_test_groupA/1230.2/best_J0.157009_20251230_165105.fem,IA_test_groupA/1230.2/best_result_20251230_165105.mat,probable,77,planar,millimeters,36,Air|Pure Iron|Copper|N40|Air|N40|Air,"[0.0,0.0,74.0,74.0]",0,,,,J_hist|bestOverall|best_bits|best_bits_hist,pending_review,operating_current 来源: FEM circuit max_abs(current_re)
SAMPLE_0199,GEOM_0005,OP_db5410d5c6,SIM_5321027324c6,IA_test_groupA/1230.3/best_J0.150072_20251230_212929.fem,IA_test_groupA/1230.3/best_result_20251230_212929.mat,probable,77,planar,millimeters,36,Air|Pure Iron|Copper|N40|Air|N40|Air,"[0.0,0.0,74.0,74.0]",0,,,,J_hist|bestOverall|best_bits|best_bits_hist,pending_review,operating_current 来源: FEM circuit max_abs(current_re)
SAMPLE_0200,GEOM_0007,OP_db5410d5c6,SIM_23a058591911,IA_test_groupA/1230/best_J0.166453_20251230_130901.fem,IA_test_groupA/1230/best_result_20251230_130901.mat,probable,77,planar,millimeters,36,Air|Pure Iron|Copper|N40|Air|N40|Air,"[0.0,0.0,74.0,74.0]",0,,,,J_hist|bestOverall|best_bits|best_bits_hist,pending_review,operating_current 来源: FEM circuit max_abs(current_re)
SAMPLE_0201,GEOM_0120,OP_db5410d5c6,SIM_2c93a3a7d250,IA_test_groupA/1231/best_J0.145728_20251231_192359.fem,IA_test_groupA/1231/best_result_20251231_192359.mat,probable,77,planar,millimeters,36,Air|Pure Iron|Copper|N40|Air|N40|Air,"[0.0,0.0,74.0,74.0]",0,,,,J_hist|bestOverall|best_bits|best_bits_hist,pending_review,operating_current 来源: FEM circuit max_abs(current_re)
SAMPLE_0202,GEOM_0140,OP_db5410d5c6,SIM_f09dee4b27e4,IA_test_groupA/best_J0.0937403_20260107_221145.fem,IA_test_groupA/best_result_20260107_221145.mat,probable,77,planar,millimeters,36,Air|Pure Iron|Copper|N40|Air|N40|Air,"[0.0,0.0,74.0,74.0]",0,,,,J_hist|bestOverall|best_bits|best_bits_hist,pending_review,operating_current 来源: FEM circuit max_abs(current_re)
SAMPLE_0203,GEOM_0139,OP_db5410d5c6,SIM_171f4fa11cce,IA_test_groupA/best_J0.112828_20260104_040221.fem,IA_test_groupA/best_result_20260104_040221.mat,probable,77,planar,millimeters,36,Air|Pure Iron|Copper|N40|Air|N40|Air,"[0.0,0.0,74.0,74.0]",0,,,,J_hist|bestOverall|best_bits|best_bits_hist,pending_review,operating_current 来源: FEM circuit max_abs(current_re)
SAMPLE_0204,GEOM_0121,OP_db5410d5c6,SIM_c6e8a9800185,IA_test_groupA/best_J0.113614_20260103_045247.fem,IA_test_groupA/best_result_20260103_045247.mat,probable,73,planar,millimeters,36,Air|Pure Iron|Copper|N40|Air|N40|Air,"[0.0,0.0,74.0,74.0]",0,,,,J_hist|bestOverall|best_bits|best_bits_hist,pending_review,operating_current 来源: FEM circuit max_abs(current_re)
SAMPLE_0205,GEOM_0122,OP_db5410d5c6,SIM_691c2166f8ed,IA_test_groupA/best_J0.238035_20251229_211603.fem,IA_test_groupA/best_result_20251229_211603.mat,probable,77,planar,millimeters,36,Air|Pure Iron|Copper|N40|Air|N40|Air,"[0.0,0.0,74.0,74.0]",0,,,,J_hist|bestOverall|best_bits|best_bits_hist,pending_review,operating_current 来源: FEM circuit max_abs(current_re)
SAMPLE_0206,GEOM_0123,OP_69bb88fd98,SIM_0c9d0e2cbee0,IA_test_groupA/best_J0.257147_20251228_164352.fem,IA_test_groupA/best_result_20251228_164352.mat,probable,77,planar,millimeters,36,Air|Pure Iron|Copper|N40|Air|N40|Air,"[0.0,0.0,74.0,74.0]",3.03108891325,,,,J_hist|bestOverall|best_bits|best_bits_hist,pending_review,operating_current 来源: FEM circuit max_abs(current_re)
SAMPLE_0207,GEOM_0124,OP_27e025d016,SIM_0944b2e796bd,IA_test_groupA/新建文件夹/temp_airgap_scan.fem,,unmatched,8,planar,millimeters,36,Air|Pure Iron|Copper|N40|Air|N40|Air,"[0.0,0.0,74.0,74.0]",8.66025403784,,,,,pending_review,operating_current 来源: FEM circuit max_abs(current_re)
SAMPLE_0208,GEOM_0126,OP_db5410d5c6,SIM_ad6f4a681860,IA_test_groupA/设计/blank.FEM,,unmatched,8,planar,millimeters,36,Air|Pure Iron|Copper|N40|Air|N40|Air,"[-20.0,0.0,74.0,74.0]",0,,,,,pending_review,operating_current 来源: FEM circuit max_abs(current_re)
SAMPLE_0209,GEOM_0141,OP_69bb88fd98,SIM_2e99f20b2cf3,IA_test_N/0204 100gen/model.fem,,unmatched,15,planar,millimeters,36,Air|Pure Iron|Copper|N40|Air|N40|Air,"[0.0,0.0,74.0,74.0]",3.03108891325,,,,,pending_review,operating_current 来源: FEM circuit max_abs(current_re)
SAMPLE_0210,GEOM_0142,OP_69bb88fd98,SIM_bbd96e79b78f,temp_airgap_scan.fem,,unmatched,8,planar,millimeters,1,Air|Pure Iron|Copper|Copper|Copper|Copper|Copper|Copper|Air|Air|Pure Iron|Air|N40|Air|N40|Air,"[0.0,0.0,74.0,74.0]",3.03108891325,,,,,pending_review,operating_current 来源: FEM circuit max_abs(current_re)
SAMPLE_0211,GEOM_0143,OP_db5410d5c6,SIM_9b3063961491,temp_motor.fem,,unmatched,8,planar,millimeters,1,Air|Pure Iron|Copper|Copper|Copper|Copper|Copper|Copper|Air|Air|Pure Iron|Air|N40|Air|N40|Air,"[-4.2865315095700165,0.0,74.0,74.0]",0,,,,,pending_review,operating_current 来源: FEM circuit max_abs(current_re)
SAMPLE_0212,GEOM_0003,OP_db5410d5c6,SIM_68c521805b75,免疫算法测试/01.13/best_J0.080216_20260109_165414.fem,,unmatched,12,planar,millimeters,36,Air|Pure Iron|Copper|N40|Air|N40|Air,"[0.0,0.0,74.0,74.0]",0,,,,,pending_review,operating_current 来源: FEM circuit max_abs(current_re)
SAMPLE_0213,GEOM_0014,OP_db5410d5c6,SIM_bee08d3637c8,免疫算法测试/01.13/seed_bits_fine.FEM,CLONALG/seed_bits_fine.mat,probable,80,planar,millimeters,36,Air|Pure Iron|Copper|N40|Air|N40|Air,"[0.0,0.0,74.0,74.0]",0,,,,,pending_review,operating_current 来源: FEM circuit max_abs(current_re)
SAMPLE_0214,GEOM_0015,OP_69bb88fd98,SIM_7ba5f8d78376,免疫算法测试/01.13/strukturFemm.fem,,unmatched,3,planar,millimeters,36,Air|Pure Iron|Copper|Copper|Copper|Copper|Copper|Copper|Air|Air|Pure Iron|Air|N40|Air|N40|Air,"[0.0,0.0,74.0,74.0]",3.03108891325,,,,,pending_review,operating_current 来源: FEM circuit max_abs(current_re)
SAMPLE_0215,GEOM_0136,OP_db5410d5c6,SIM_f71fc18073ae,免疫算法测试/03.10/best_J0.0924955_20260306_174158.fem,IA_test_Float/best_result_20260306_174158.mat,conflict,62,planar,millimeters,36,Air|Pure Iron|Copper|N40|Air|N40|Air,"[0.0,0.0,74.0,74.0]",0,,,,J_hist|bestOverall|best_bits|best_bits_hist,pending_review,需要人工复核配对；operating_current 来源: FEM circuit max_abs(current_re)
SAMPLE_0216,GEOM_0144,OP_69bb88fd98,SIM_50417130fc56,免疫算法测试/0317/groupF_1000gen_block.fem,CLONALG/best_result_0306_groupF_1000gen.mat,uncertain,45,planar,millimeters,36,Air|Pure Iron|Copper|N40|Air|N40|Air,"[0.0,0.0,74.0,74.0]",3.03108891325,,,,J_hist|bestOverall|best_bits|best_bits_hist,pending_review,需要人工复核配对；operating_current 来源: FEM circuit max_abs(current_re)
SAMPLE_0217,GEOM_0145,OP_69bb88fd98,SIM_2f1fa596a349,免疫算法测试/0317/groupN_100gen_block.fem,,unmatched,5,planar,millimeters,36,Air|Pure Iron|Copper|N40|Air|N40|Air,"[0.0,0.0,74.0,74.0]",3.03108891325,,,,,pending_review,operating_current 来源: FEM circuit max_abs(current_re)
SAMPLE_0218,GEOM_0146,OP_69bb88fd98,SIM_d7e41a2a3b0c,免疫算法测试/0414/groupF 1000gen.fem,CLONALG/best_result_0306_groupF_1000gen.mat,uncertain,45,planar,millimeters,36,Air|Pure Iron|Copper|N40|Air|N40|Air,"[0.0,0.0,74.0,74.0]",3.03108891325,,,,J_hist|bestOverall|best_bits|best_bits_hist,pending_review,需要人工复核配对；operating_current 来源: FEM circuit max_abs(current_re)
SAMPLE_0219,GEOM_0147,OP_69bb88fd98,SIM_45786011642a,免疫算法测试/0414/groupN 100gen.fem,,unmatched,5,planar,millimeters,36,Air|Pure Iron|Copper|N40|Air|N40|Air,"[0.0,0.0,74.0,74.0]",3.03108891325,,,,,pending_review,operating_current 来源: FEM circuit max_abs(current_re)
SAMPLE_0220,GEOM_0148,OP_69bb88fd98,SIM_f2ea79fc950e,免疫算法测试/0415/group4 100gen.fem,,unmatched,5,planar,millimeters,36,Air|Pure Iron|Copper|N40|Air|N40|Air,"[0.0,0.0,54.0,54.0]",3.03108891325,,,,,pending_review,operating_current 来源: FEM circuit max_abs(current_re)
SAMPLE_0221,GEOM_0149,OP_69bb88fd98,SIM_0db46fff3c18,免疫算法测试/0415/groupF 1000gen.fem,CLONALG/best_result_0306_groupF_1000gen.mat,uncertain,45,planar,millimeters,36,Air|Pure Iron|Copper|N40|Air|N40|Air,"[0.0,0.0,54.0,54.0]",3.03108891325,,,,J_hist|bestOverall|best_bits|best_bits_hist,pending_review,需要人工复核配对；operating_current 来源: FEM circuit max_abs(current_re)
SAMPLE_0222,GEOM_0150,OP_69bb88fd98,SIM_7a87e6a24823,免疫算法测试/0415/groupN 100gen.fem,,unmatched,5,planar,millimeters,36,Air|Pure Iron|Copper|N40|Air|N40|Air,"[0.0,0.0,54.0,54.0]",3.03108891325,,,,,pending_review,operating_current 来源: FEM circuit max_abs(current_re)
SAMPLE_0223,GEOM_0124,OP_27e025d016,SIM_0944b2e796bd,免疫算法测试/新建文件夹/temp_airgap_scan.fem,,unmatched,0,planar,millimeters,36,Air|Pure Iron|Copper|N40|Air|N40|Air,"[0.0,0.0,74.0,74.0]",8.66025403784,,,,,pending_review,operating_current 来源: FEM circuit max_abs(current_re)
SAMPLE_0224,GEOM_0126,OP_db5410d5c6,SIM_ad6f4a681860,免疫算法测试/设计/blank.FEM,,unmatched,0,planar,millimeters,36,Air|Pure Iron|Copper|N40|Air|N40|Air,"[-20.0,0.0,74.0,74.0]",0,,,,,pending_review,operating_current 来源: FEM circuit max_abs(current_re)
SAMPLE_0225,GEOM_0151,OP_db5410d5c6,SIM_2e3d379044e2,待修改模型.FEM,,unmatched,8,planar,millimeters,36,Air|Pure Iron|Copper|Copper|Copper|Copper|Copper|Copper|Air|Air|Pure Iron|Air|N40|Air|N40|Air,"[0.0,0.0,74.0,74.0]",0,,,,,pending_review,operating_current 来源: FEM circuit max_abs(current_re)
SAMPLE_0226,GEOM_0152,OP_db5410d5c6,SIM_e321bf6e75b1,无标题.FEM,,unmatched,8,planar,millimeters,1,Air|Pure Iron|Copper|Copper|Copper|Copper|Copper|Copper|Air|Air|Pure Iron|Air|N40|Air|N40|Air,"[0.0,0.0,74.0,74.0]",0,,,,,pending_review,operating_current 来源: FEM circuit max_abs(current_re)
SAMPLE_0227,GEOM_0153,OP_db5410d5c6,SIM_75674bbffc15,论文/ppt/blank.FEM,,unmatched,0,planar,millimeters,36,Air|Pure Iron|Copper|N40|Air|N40|Air,"[0.0,0.0,54.0,54.0]",0,,,,,pending_review,operating_current 来源: FEM circuit max_abs(current_re)
SAMPLE_0228,GEOM_0154,OP_db5410d5c6,SIM_b3df4303ec4d,论文/ppt/blank_18x10.FEM,,unmatched,5,planar,millimeters,36,Air|Pure Iron|Copper|N40|Air|N40|Air,"[0.0,0.0,54.0,54.0]",0,,,,,pending_review,operating_current 来源: FEM circuit max_abs(current_re)
SAMPLE_0229,GEOM_0155,OP_69bb88fd98,SIM_4e424d708b1b,论文/ppt/dis referencemodell.fem,,unmatched,0,planar,millimeters,36,Air|Pure Iron|Copper|N40|Air|N40|Air,"[0.0,0.0,74.0,74.0]",3.03108891325,,,,,pending_review,operating_current 来源: FEM circuit max_abs(current_re)
SAMPLE_0230,GEOM_0156,OP_69bb88fd98,SIM_9ef3d6da4795,论文/ppt/group4 100gen.fem,,unmatched,5,planar,millimeters,36,Air|Pure Iron|Copper|N40|Air|N40|Air,"[0.0,0.0,60.0,60.0]",3.03108891325,,,,,pending_review,operating_current 来源: FEM circuit max_abs(current_re)
SAMPLE_0231,GEOM_0157,OP_69bb88fd98,SIM_4fae8cec0c54,论文/ppt/groupF 1000gen.fem,CLONALG/best_result_0306_groupF_1000gen.mat,uncertain,45,planar,millimeters,36,Air|Pure Iron|Copper|N40|Air|N40|Air,"[0.0,0.0,60.0,60.0]",3.03108891325,,,,J_hist|bestOverall|best_bits|best_bits_hist,pending_review,需要人工复核配对；operating_current 来源: FEM circuit max_abs(current_re)
SAMPLE_0232,GEOM_0158,OP_69bb88fd98,SIM_8331bfd371f8,论文/ppt/groupF 100gen.fem,,unmatched,5,planar,millimeters,36,Air|Pure Iron|Copper|N40|Air|N40|Air,"[0.0,0.0,60.0,60.0]",3.03108891325,,,,,pending_review,operating_current 来源: FEM circuit max_abs(current_re)
SAMPLE_0233,GEOM_0159,OP_69bb88fd98,SIM_d9b8b0024ff1,论文/ppt/groupN 100gen.fem,,unmatched,5,planar,millimeters,36,Air|Pure Iron|Copper|N40|Air|N40|Air,"[0.0,0.0,60.0,60.0]",3.03108891325,,,,,pending_review,operating_current 来源: FEM circuit max_abs(current_re)
SAMPLE_0234,GEOM_0160,OP_69bb88fd98,SIM_66fa40f10525,论文/ppt/strukturFemm.fem,,unmatched,0,planar,millimeters,36,Air|Pure Iron|Copper|Copper|Copper|Copper|Copper|Copper|Air|Air|Pure Iron|Air|N40|Air|N40|Air,"[0.0,0.0,54.0,54.0]",3.03108891325,,,,,pending_review,operating_current 来源: FEM circuit max_abs(current_re)
