geometry_id,simulation_count,operating_point_count,confirmed_pair_count,fem_paths
GEOM_0001,1,1,0,blank_9x5.FEM
GEOM_0002,1,1,0,CLONALG/25.12.15_1.fem
GEOM_0003,5,2,0,CLONALG/best_J0.080216_20260109_165414.fem|IA_test/0109 groupA2 best/best_J0.080216_20260109_165414.fem|IA_test/best_J0.080216_20260110_195804.fem|IA_test/best_J0.080216_20260111_184658.fem|免疫算法测试/01.13/best_J0.080216_20260109_165414.fem
GEOM_0004,4,1,0,CLONALG/best_J0.110898_20260103_164233.fem|IA_test/0103 groupB/best_J0.110898_20260103_164233.fem|IA_test/无优化组/best_J0.110898_20260103_223049.fem|IA_test/无优化组/best_J0.110898_20260104_040203.fem
GEOM_0005,3,2,0,CLONALG/best_J0.150072_20251230_212929.fem|IA_test/1230.3/best_J0.150072_20251230_212929.fem|IA_test_groupA/1230.3/best_J0.150072_20251230_212929.fem
GEOM_0006,3,1,0,CLONALG/best_J0.157009_20251230_165105.fem|IA_test/1230.2/best_J0.157009_20251230_165105.fem|IA_test_groupA/1230.2/best_J0.157009_20251230_165105.fem
GEOM_0007,3,1,0,CLONALG/best_J0.166453_20251230_130901.fem|IA_test/1230/best_J0.166453_20251230_130901.fem|IA_test_groupA/1230/best_J0.166453_20251230_130901.fem
GEOM_0008,1,1,0,CLONALG/blank.FEM
GEOM_0009,1,1,0,CLONALG/blank9x5.FEM
GEOM_0010,2,1,0,CLONALG/blank_18x10.FEM|CLONALG/blank_inset_18x10.FEM
GEOM_0011,1,1,0,CLONALG/blank_9x5.FEM
GEOM_0012,1,1,0,CLONALG/blank_inset_9x5.FEM
GEOM_0013,1,1,0,CLONALG/model.fem
GEOM_0014,3,2,1,CLONALG/seed_bits_fine.FEM|IA_test_group4/best_J0.123215_20260205_145651.fem|免疫算法测试/01.13/seed_bits_fine.FEM
GEOM_0015,3,1,0,CLONALG/strukturFemm.fem|CLONALG/temp_airgap_scan.fem|免疫算法测试/01.13/strukturFemm.fem
GEOM_0016,1,1,0,CLONALG/test.fem
GEOM_0017,2,1,0,IA_test/0104 groupA/best_J0.0994011_20260105_081953.fem|IA_test_groupA/0104 groupA/best_J0.0994011_20260105_081953.fem
GEOM_0018,5,1,0,IA_test/0104 groupB/best_J0.106306_20260104_150857.fem|IA_test/best_J0.106306_20260105_193139.fem|IA_test/best_J0.106306_20260106_151138.fem|IA_test/best_J0.106306_20260106_224059.fem|IA_test/无优化组/best_J0.106306_20260105_011544.fem
GEOM_0019,3,1,0,IA_test/0107 groupA2/best_J0.082148_20260107_145512.fem|IA_test/best_J0.082148_20260108_181234.fem|IA_test/best_J0.082148_20260108_231323.fem
GEOM_0020,1,1,0,IA_test/0118 groupA2/tmp_eval_20260119_004747212_814724.fem
GEOM_0021,1,1,0,IA_test/0120/tmp_eval_20260121_103344220_905792.fem
GEOM_0022,3,1,0,IA_test/12.21 N3G10/w01/blank_inset_9x5_w01.fem|IA_test/12.21 N3G10/w02/blank_inset_9x5_w02.fem|IA_test/12.21 N3G10/w03/blank_inset_9x5_w03.fem
GEOM_0023,1,1,0,IA_test/12.21 N3G10/w01/case_000001.fem
GEOM_0024,1,1,0,IA_test/12.21 N3G10/w01/case_05963250-a8c1-4677-b3e3-be5039f26d1d.fem
GEOM_0025,1,1,0,IA_test/12.21 N3G10/w01/case_1141e6dc-b050-48d0-87ac-9a58316d5c79.fem
GEOM_0026,1,1,0,IA_test/12.21 N3G10/w01/case_115ad528-f65b-4929-bfa4-daf3ca841231.fem
GEOM_0027,2,1,0,IA_test/12.21 N3G10/w01/case_159544e8-63cb-4408-9973-e9d2ad3a60bd.fem|IA_test/12.21 N3G10/w02/case_bf096598-6d7f-40f1-baff-576a499c62f8.fem
GEOM_0028,1,1,0,IA_test/12.21 N3G10/w01/case_1915b143-be46-4c57-85bf-b92b1c59bba4.fem
GEOM_0029,2,1,0,IA_test/12.21 N3G10/w01/case_26334935-dc9f-4603-8b42-fe82caaf8ec9.fem|IA_test/12.21 N3G10/w02/case_bc015e21-0860-4f7a-99ed-3a22058d8ee7.fem
GEOM_0030,2,1,0,IA_test/12.21 N3G10/w01/case_2b2a547c-f178-454b-9e44-02c863fd6322.fem|IA_test/12.21 N3G10/w01/case_e33f1d2d-0d7e-4924-a9d0-3977d35a0b95.fem
GEOM_0031,2,1,0,IA_test/12.21 N3G10/w01/case_3881750a-9f02-446d-911b-1e57fa0eca81.fem|IA_test/12.21 N3G10/w01/case_adb29ec9-52ac-44de-b362-c9583ca2d6b5.fem
GEOM_0032,2,1,0,IA_test/12.21 N3G10/w01/case_3a720ac5-09fc-4fb1-a0ba-2dca1089d401.fem|IA_test/12.21 N3G10/w03/case_d02dea35-b420-4c03-8df6-c4477e5b8130.fem
GEOM_0033,1,1,0,IA_test/12.21 N3G10/w01/case_3ac07a5b-3e67-4c68-895f-a1c664264ced.fem
GEOM_0034,2,1,0,IA_test/12.21 N3G10/w01/case_435bdce4-b8b9-421e-926e-a54b11a7b00b.fem|IA_test/12.21 N3G10/w01/case_e4e2c761-d87a-4501-b0d7-4dc276a3fe44.fem
GEOM_0035,2,1,0,IA_test/12.21 N3G10/w01/case_529bb037-4ab6-4ecd-a709-ad9308af1d2f.fem|IA_test/12.21 N3G10/w03/case_656f7822-7a15-46b3-96da-19977c1d0d59.fem
GEOM_0036,1,1,0,IA_test/12.21 N3G10/w01/case_5788955c-1a7b-42ad-9bb5-3897f1f1a6b4.fem
GEOM_0037,1,1,0,IA_test/12.21 N3G10/w01/case_5990fe76-0532-4c4c-a616-1dc97f2c102d.fem
GEOM_0038,1,1,0,IA_test/12.21 N3G10/w01/case_605aa08e-3688-4deb-b757-aead046701a8.fem
GEOM_0039,2,1,0,IA_test/12.21 N3G10/w01/case_6ea6528f-1564-4893-8bfc-b1396461dd94.fem|IA_test/12.21 N3G10/w01/case_924cd090-aa4f-49ba-8a04-282f6d2b4f1d.fem
GEOM_0040,1,1,0,IA_test/12.21 N3G10/w01/case_7027617d-4c95-41c7-a3e3-467928059793.fem
GEOM_0041,1,1,0,IA_test/12.21 N3G10/w01/case_7c635f09-76c8-4c6d-8b57-2013080f7f33.fem
GEOM_0042,1,1,0,IA_test/12.21 N3G10/w01/case_7cc4f036-aae5-4a5b-99ca-ab8d40ea2659.fem
GEOM_0043,2,1,0,IA_test/12.21 N3G10/w01/case_845bec1a-d7c1-4128-971a-228fe0cf726e.fem|IA_test/12.21 N3G10/w01/case_c5866522-4cf0-4a2a-b1a1-7cd7f573cc1a.fem
GEOM_0044,1,1,0,IA_test/12.21 N3G10/w01/case_8513135f-ba52-4e31-afc6-966c01f1b3bc.fem
GEOM_0045,1,1,0,IA_test/12.21 N3G10/w01/case_96dab361-cb17-4e91-a8eb-655d2308954d.fem
GEOM_0046,2,1,0,IA_test/12.21 N3G10/w01/case_a4dead31-1a55-488e-9fab-d4706f6eb981.fem|IA_test/12.21 N3G10/w03/case_9477881f-38d7-4bf2-978e-c5c0e1dd186c.fem
GEOM_0047,2,1,0,IA_test/12.21 N3G10/w01/case_a749e1e3-7a3a-4188-87da-d4e965f4a648.fem|IA_test/12.21 N3G10/w03/case_f97d8b24-16c3-4b5c-84bd-60685a3b65d9.fem
GEOM_0048,1,1,0,IA_test/12.21 N3G10/w01/case_b7c711f4-abbd-4e3e-8ebb-c96276d96490.fem
GEOM_0049,2,1,0,IA_test/12.21 N3G10/w01/case_b7e3f609-1358-4c27-aab2-25e3b8eccf83.fem|IA_test/12.21 N3G10/w02/case_a7ecd80d-fb62-407c-b380-670fa66c3f66.fem
GEOM_0050,1,1,0,IA_test/12.21 N3G10/w01/case_b96cec23-9ced-49cd-8cd5-b47aa69d4be2.fem
GEOM_0051,2,1,0,IA_test/12.21 N3G10/w01/case_bdd5c199-4644-4ed0-9e29-b1842e899ba6.fem|IA_test/12.21 N3G10/w02/case_f1aab01c-3f34-43bd-b140-90988461ff8b.fem
GEOM_0052,2,1,0,IA_test/12.21 N3G10/w01/case_bf3cd316-91b0-4ef9-aaa9-71ae850fcad1.fem|IA_test/12.21 N3G10/w02/case_6ea371ff-ec56-4ae1-90b7-9c6394e79cb8.fem
GEOM_0053,1,1,0,IA_test/12.21 N3G10/w01/case_c0c92f18-0cc9-47bb-92d3-3fa219d7f28e.fem
GEOM_0054,2,1,0,IA_test/12.21 N3G10/w01/case_c55d66e1-d6c1-495f-871d-c7b32467c15c.fem|IA_test/12.21 N3G10/w03/case_86d62f9a-dbfd-4195-8fd4-2ddf63b2c724.fem
GEOM_0055,1,1,0,IA_test/12.21 N3G10/w01/case_d913c8cd-1263-4f0d-b05e-0a8fab3137c5.fem
GEOM_0056,1,1,0,IA_test/12.21 N3G10/w01/case_dae5f276-1734-4152-ad34-77bd08daf795.fem
GEOM_0057,2,1,0,IA_test/12.21 N3G10/w01/case_dc30fb28-b7bc-4faf-9a24-649f92b0e581.fem|IA_test/12.21 N3G10/w02/case_8b670471-529a-4d49-9e45-f711c972ed03.fem
GEOM_0058,1,1,0,IA_test/12.21 N3G10/w01/case_e51f9061-5028-4304-bded-31ea0ccc434c.fem
GEOM_0059,2,1,0,IA_test/12.21 N3G10/w01/case_e7958f48-6565-488f-8a32-ed6e9fdbbbee.fem|IA_test/12.21 N3G10/w03/case_0b166cbf-45e8-4aa7-9bcb-a44f87362407.fem
GEOM_0060,1,1,0,IA_test/12.21 N3G10/w01/case_e89c0421-6da4-4e3b-ab9d-837f509f1cc5.fem
GEOM_0061,1,1,0,IA_test/12.21 N3G10/w02/case_000001.fem
GEOM_0062,2,1,0,IA_test/12.21 N3G10/w02/case_0704aed2-95f7-4488-b805-9fdc1df2a4b9.fem|IA_test/12.21 N3G10/w03/case_3bb26db5-3721-4b15-adf5-92e72e9c38d6.fem
GEOM_0063,1,1,0,IA_test/12.21 N3G10/w02/case_07d06f9c-23de-489a-aa10-cde663a9bcea.fem
GEOM_0064,1,1,0,IA_test/12.21 N3G10/w02/case_10bdf2e7-6933-4a50-8be9-536a0f4dfc6a.fem
GEOM_0065,2,1,0,IA_test/12.21 N3G10/w02/case_17c5fdbd-2370-4744-80bf-2a2f0a287340.fem|IA_test/12.21 N3G10/w02/case_39c72458-418d-4b0c-8b68-5fc28c1f9ce2.fem
GEOM_0066,1,1,0,IA_test/12.21 N3G10/w02/case_1a903502-eae2-44aa-b20d-f5a319beef36.fem
GEOM_0067,1,1,0,IA_test/12.21 N3G10/w02/case_278f70c1-be87-474f-bd88-9270d1b9edf9.fem
GEOM_0068,2,1,0,IA_test/12.21 N3G10/w02/case_2cc7bc73-cd5f-4e19-869d-9b67a5b8b5af.fem|IA_test/12.21 N3G10/w03/case_07b5eb98-9a38-4771-b597-00e1c31895b2.fem
GEOM_0069,1,1,0,IA_test/12.21 N3G10/w02/case_2efb83d5-5d0b-458b-b718-044c34efdc44.fem
GEOM_0070,1,1,0,IA_test/12.21 N3G10/w02/case_3781bdbc-eb47-4019-9edd-e771f7eb5ab4.fem
GEOM_0071,1,1,0,IA_test/12.21 N3G10/w02/case_3a323f0f-60ba-4182-ae91-0c7440176ebc.fem
GEOM_0072,1,1,0,IA_test/12.21 N3G10/w02/case_3f463c7e-3d8c-4c80-9e27-fb58c599e037.fem
GEOM_0073,1,1,0,IA_test/12.21 N3G10/w02/case_43941121-5520-4fab-a0e2-0ea2f23e15e3.fem
GEOM_0074,1,1,0,IA_test/12.21 N3G10/w02/case_45e42035-642a-401b-bb86-90917e928696.fem
GEOM_0075,1,1,0,IA_test/12.21 N3G10/w02/case_5128b0bc-6616-42bc-948a-0526565a2964.fem
GEOM_0076,1,1,0,IA_test/12.21 N3G10/w02/case_54b7a8af-c961-4020-904c-27aee80cfda6.fem
GEOM_0077,2,1,0,IA_test/12.21 N3G10/w02/case_5cb4e85c-14dd-444a-9cc3-965f42880507.fem|IA_test/12.21 N3G10/w02/case_c876b0c1-ceff-482e-9d89-1d2d2ed0610a.fem
GEOM_0078,2,1,0,IA_test/12.21 N3G10/w02/case_6dc6b2ab-4d29-44fa-a85f-5e86f0132a64.fem|IA_test/12.21 N3G10/w03/case_ff71ef89-6891-4223-b862-01eebccd32e4.fem
GEOM_0079,1,1,0,IA_test/12.21 N3G10/w02/case_7406642a-8a7f-44e5-a919-9d6bdcdf667f.fem
GEOM_0080,1,1,0,IA_test/12.21 N3G10/w02/case_749129f2-9526-483c-aeb7-23858e7b0e59.fem
GEOM_0081,2,1,0,IA_test/12.21 N3G10/w02/case_85e13400-b93f-41d7-a022-6af54ca5fdf6.fem|IA_test/12.21 N3G10/w03/case_0110943c-ca16-4544-815a-5016dd1279f1.fem
GEOM_0082,1,1,0,IA_test/12.21 N3G10/w02/case_9ea14e95-b1d5-4690-b666-91fd603a3230.fem
GEOM_0083,1,1,0,IA_test/12.21 N3G10/w02/case_a15f2e35-e60e-4aed-9a5f-94ee4990f15c.fem
GEOM_0084,1,1,0,IA_test/12.21 N3G10/w02/case_b387b2c3-8c37-4860-bddb-cac9004396a6.fem
GEOM_0085,1,1,0,IA_test/12.21 N3G10/w02/case_bbd260f1-8d6a-4e88-bc2a-800810968b5c.fem
GEOM_0086,1,1,0,IA_test/12.21 N3G10/w02/case_bd182655-75e0-4b80-8bad-90b1cb383d32.fem
GEOM_0087,2,1,0,IA_test/12.21 N3G10/w02/case_ce520cd2-7cf9-421b-ba62-b8af3d02a342.fem|IA_test/12.21 N3G10/w03/case_91a9c760-b8d5-406b-984d-9d2d06311615.fem
GEOM_0088,1,1,0,IA_test/12.21 N3G10/w02/case_cfab5013-eb64-4989-a962-dd508f6cb161.fem
GEOM_0089,1,1,0,IA_test/12.21 N3G10/w02/case_e4af992a-7c33-4699-bed8-01c1709c43ce.fem
GEOM_0090,1,1,0,IA_test/12.21 N3G10/w02/case_f101242a-3f2d-456a-82aa-760b9fc8948a.fem
GEOM_0091,1,1,0,IA_test/12.21 N3G10/w02/case_fea96c20-f768-4d65-83bf-57b62578b9b1.fem
GEOM_0092,1,1,0,IA_test/12.21 N3G10/w03/case_000001.fem
GEOM_0093,1,1,0,IA_test/12.21 N3G10/w03/case_0be1acca-91d2-4158-98fd-0fd1eb36f24d.fem
GEOM_0094,1,1,0,IA_test/12.21 N3G10/w03/case_1bb73884-c37c-428d-a599-1a10b170ec9a.fem
GEOM_0095,1,1,0,IA_test/12.21 N3G10/w03/case_271d3202-ee3a-4537-8732-f53064677824.fem
GEOM_0096,1,1,0,IA_test/12.21 N3G10/w03/case_2c3e8022-90a4-4ebd-9982-43ab040c88e4.fem
GEOM_0097,1,1,0,IA_test/12.21 N3G10/w03/case_30613252-6f1a-436a-953b-92a27e8260e4.fem
GEOM_0098,1,1,0,IA_test/12.21 N3G10/w03/case_3a8b1934-4441-4d43-b8e7-96228efff4aa.fem
GEOM_0099,1,1,0,IA_test/12.21 N3G10/w03/case_4e22798d-f32f-4a70-80e5-5c7771b2b351.fem
GEOM_0100,1,1,0,IA_test/12.21 N3G10/w03/case_5f3baec7-3278-4e43-8895-de6c543775e4.fem
GEOM_0101,1,1,0,IA_test/12.21 N3G10/w03/case_64b66201-8dd1-4c2d-afdb-407e2222b655.fem
GEOM_0102,1,1,0,IA_test/12.21 N3G10/w03/case_73a80977-7d67-41bf-95e0-c05f40cbb9e2.fem
GEOM_0103,1,1,0,IA_test/12.21 N3G10/w03/case_7e438ca1-c59d-463a-a10a-6d04b6f3b09e.fem
GEOM_0104,1,1,0,IA_test/12.21 N3G10/w03/case_94e02f76-4578-4c74-aac4-25161d0050e0.fem
GEOM_0105,1,1,0,IA_test/12.21 N3G10/w03/case_a01e7cd3-4286-4e0f-9ec1-71ba10d5645d.fem
GEOM_0106,1,1,0,IA_test/12.21 N3G10/w03/case_ac9126e5-a9bf-4997-929a-0d9737c68413.fem
GEOM_0107,1,1,0,IA_test/12.21 N3G10/w03/case_af6a0094-c542-4d31-a44b-c2971979232f.fem
GEOM_0108,1,1,0,IA_test/12.21 N3G10/w03/case_bab7e4ee-c4d4-4c2c-b4db-3d29785844db.fem
GEOM_0109,1,1,0,IA_test/12.21 N3G10/w03/case_c63bcd95-e4d0-47e8-a21b-734be9388415.fem
GEOM_0110,1,1,0,IA_test/12.21 N3G10/w03/case_d0c2449e-f195-4d56-bb73-93d6dd49fe0d.fem
GEOM_0111,1,1,0,IA_test/12.21 N3G10/w03/case_d8083771-02f6-4dce-afe8-5233bf3f66fe.fem
GEOM_0112,1,1,0,IA_test/12.21 N3G10/w03/case_dae3b9ab-a5df-434c-966d-77e470159d02.fem
GEOM_0113,1,1,0,IA_test/12.21 N3G10/w03/case_e7bd6b47-d4fd-4718-866b-61937b1aaa14.fem
GEOM_0114,2,1,0,IA_test/1225/best_J0.177345_20251225_205238.fem|IA_test_groupA/1225/best_J0.177345_20251225_205238.fem
GEOM_0115,2,1,0,IA_test/1226/best_J0.234241_20251226_165530.fem|IA_test_groupA/1226/best_J0.234241_20251226_165530.fem
GEOM_0116,2,1,0,IA_test/1227.1/best_J0.239788_20251227_151645.fem|IA_test_groupA/1227.1/best_J0.239788_20251227_151645.fem
GEOM_0117,2,1,0,IA_test/1227.2/best_J0.147733_20251228_001658.fem|IA_test_groupA/1227.2/best_J0.147733_20251228_001658.fem
GEOM_0118,2,1,0,IA_test/1228/best_J0.222504_20251229_005752.fem|IA_test_groupA/1228/best_J0.222504_20251229_005752.fem
GEOM_0119,2,1,0,IA_test/1229/best_J0.238035_20251229_221434.fem|IA_test_groupA/1229/best_J0.238035_20251229_221434.fem
GEOM_0120,2,1,0,IA_test/1231/best_J0.145728_20251231_192359.fem|IA_test_groupA/1231/best_J0.145728_20251231_192359.fem
GEOM_0121,3,1,0,IA_test/best_J0.113614_20260103_045247.fem|IA_test/无优化组/best_J0.113614_20260103_045247.fem|IA_test_groupA/best_J0.113614_20260103_045247.fem
GEOM_0122,3,1,0,IA_test/best_J0.238035_20251229_211603.fem|IA_test/无优化组/best_J0.238035_20251229_211603.fem|IA_test_groupA/best_J0.238035_20251229_211603.fem
GEOM_0123,3,1,0,IA_test/best_J0.257147_20251228_164352.fem|IA_test/无优化组/best_J0.257147_20251228_164352.fem|IA_test_groupA/best_J0.257147_20251228_164352.fem
GEOM_0124,3,1,0,IA_test/新建文件夹/temp_airgap_scan.fem|IA_test_groupA/新建文件夹/temp_airgap_scan.fem|免疫算法测试/新建文件夹/temp_airgap_scan.fem
GEOM_0125,1,1,0,IA_test/无优化组/best_J2.16323_20260103_182158.fem
GEOM_0126,3,1,0,IA_test/设计/blank.FEM|IA_test_groupA/设计/blank.FEM|免疫算法测试/设计/blank.FEM
GEOM_0127,1,1,0,IA_test_Float/0227 30gen/best_J0.120593_20260227_125153.fem
GEOM_0128,1,1,0,IA_test_Float/0228 50gen/best_J0.114586_20260228_124726.fem
GEOM_0129,3,1,0,IA_test_Float/0228 70gen-140gen/best_J0.113564_20260228_180032.fem|IA_test_Float/0228 70gen-140gen/best_J0.113564_20260301_172121.fem|IA_test_Float/0228 70gen-140gen/best_J0.113564_20260301_224723.fem
GEOM_0130,1,1,0,IA_test_Float/0228 70gen-140gen/groupF 100gen.fem
GEOM_0131,1,1,0,IA_test_Float/0302 160gen-200gen/best_J0.111733_20260302_114631.fem
GEOM_0132,1,1,0,IA_test_Float/0302 300gen/best_J0.105091_20260302_173331.fem
GEOM_0133,2,1,0,IA_test_Float/0302 400gen-500gen/best_J0.0980357_20260302_213720.fem|IA_test_Float/0303 700gen/best_J0.0980357_20260303_161511.fem
GEOM_0134,1,1,0,IA_test_Float/0303 700gen/best_J0.0961933_20260303_215010.fem
GEOM_0135,1,1,0,IA_test_Float/0304 800gen/best_J0.092999_20260304_220254.fem
GEOM_0136,3,1,0,IA_test_Float/0305 900gen/best_J0.0924955_20260305_173935.fem|IA_test_Float/best_J0.0924955_20260306_174158.fem|免疫算法测试/03.10/best_J0.0924955_20260306_174158.fem
GEOM_0137,1,1,0,IA_test_group4/best_J0.11069_20260203_184421.fem
GEOM_0138,1,1,0,IA_test_group4/best_J0.121914_20260205_172915.fem
GEOM_0139,2,1,0,IA_test_groupA/0103 groupA/best_J0.112828_20260103_174233.fem|IA_test_groupA/best_J0.112828_20260104_040221.fem
GEOM_0140,1,1,0,IA_test_groupA/best_J0.0937403_20260107_221145.fem
GEOM_0141,1,1,0,IA_test_N/0204 100gen/model.fem
GEOM_0142,1,1,0,temp_airgap_scan.fem
GEOM_0143,1,1,0,temp_motor.fem
GEOM_0144,1,1,0,免疫算法测试/0317/groupF_1000gen_block.fem
GEOM_0145,1,1,0,免疫算法测试/0317/groupN_100gen_block.fem
GEOM_0146,1,1,0,免疫算法测试/0414/groupF 1000gen.fem
GEOM_0147,1,1,0,免疫算法测试/0414/groupN 100gen.fem
GEOM_0148,1,1,0,免疫算法测试/0415/group4 100gen.fem
GEOM_0149,1,1,0,免疫算法测试/0415/groupF 1000gen.fem
GEOM_0150,1,1,0,免疫算法测试/0415/groupN 100gen.fem
GEOM_0151,1,1,0,待修改模型.FEM
GEOM_0152,1,1,0,无标题.FEM
GEOM_0153,1,1,0,论文/ppt/blank.FEM
GEOM_0154,1,1,0,论文/ppt/blank_18x10.FEM
GEOM_0155,1,1,0,论文/ppt/dis referencemodell.fem
GEOM_0156,1,1,0,论文/ppt/group4 100gen.fem
GEOM_0157,1,1,0,论文/ppt/groupF 1000gen.fem
GEOM_0158,1,1,0,论文/ppt/groupF 100gen.fem
GEOM_0159,1,1,0,论文/ppt/groupN 100gen.fem
GEOM_0160,1,1,0,论文/ppt/strukturFemm.fem
