duplicate_group,sha256,size_bytes,relative_path
DUP_0001,668f0f9ed4e33e337625fcb9afcbf8307040a2887928adca62253a8f4b137d9b,26512,项目计划.doc
DUP_0001,668f0f9ed4e33e337625fcb9afcbf8307040a2887928adca62253a8f4b137d9b,26512,资料/项目计划.doc
DUP_0002,5664a74aae5a86521790a081af346a2d64571a7f37bcbcbd0e277aeca66ee3e9,293,CLONALG/ackleyfcn.m
DUP_0002,5664a74aae5a86521790a081af346a2d64571a7f37bcbcbd0e277aeca66ee3e9,293,IA_test/CLONALG/ackleyfcn.m
DUP_0002,5664a74aae5a86521790a081af346a2d64571a7f37bcbcbd0e277aeca66ee3e9,293,IA_test_groupA/CLONALG/ackleyfcn.m
DUP_0002,5664a74aae5a86521790a081af346a2d64571a7f37bcbcbd0e277aeca66ee3e9,293,免疫算法测试/CLONALG/ackleyfcn.m
DUP_0003,2c8081187d696b8f55d88114d5695d05a81c6d9f3b7661cf1d197d1e0a1ad538,6486863,CLONALG/best_J0.110898_20260103_164233.ans
DUP_0003,2c8081187d696b8f55d88114d5695d05a81c6d9f3b7661cf1d197d1e0a1ad538,6486863,IA_test/0103 groupB/best_J0.110898_20260103_164233.ans
DUP_0003,2c8081187d696b8f55d88114d5695d05a81c6d9f3b7661cf1d197d1e0a1ad538,6486863,IA_test/无优化组/best_J0.110898_20260103_223049.ans
DUP_0003,2c8081187d696b8f55d88114d5695d05a81c6d9f3b7661cf1d197d1e0a1ad538,6486863,IA_test/无优化组/best_J0.110898_20260104_040203.ans
DUP_0004,a32f8386db824a7216faf9be448937acf21027c02ba8c78ac9eb596fa72dece1,141183,CLONALG/best_J0.110898_20260103_164233.fem
DUP_0004,a32f8386db824a7216faf9be448937acf21027c02ba8c78ac9eb596fa72dece1,141183,IA_test/0103 groupB/best_J0.110898_20260103_164233.fem
DUP_0004,a32f8386db824a7216faf9be448937acf21027c02ba8c78ac9eb596fa72dece1,141183,IA_test/无优化组/best_J0.110898_20260103_223049.fem
DUP_0004,a32f8386db824a7216faf9be448937acf21027c02ba8c78ac9eb596fa72dece1,141183,IA_test/无优化组/best_J0.110898_20260104_040203.fem
DUP_0005,b1b25273648423e876985f34e2cbffbf29396d24d1db7abe6738377f0564475b,5113421,CLONALG/best_J0.157009_20251230_165105.ans
DUP_0005,b1b25273648423e876985f34e2cbffbf29396d24d1db7abe6738377f0564475b,5113421,IA_test/1230.2/best_J0.157009_20251230_165105.ans
DUP_0005,b1b25273648423e876985f34e2cbffbf29396d24d1db7abe6738377f0564475b,5113421,IA_test_groupA/1230.2/best_J0.157009_20251230_165105.ans
DUP_0006,613232a8efcc31f0547bd80f7dfc00a4181efef17a2b1827d8663d1e7944a247,58167,CLONALG/best_J0.157009_20251230_165105.fem
DUP_0006,613232a8efcc31f0547bd80f7dfc00a4181efef17a2b1827d8663d1e7944a247,58167,IA_test/1230.2/best_J0.157009_20251230_165105.fem
DUP_0006,613232a8efcc31f0547bd80f7dfc00a4181efef17a2b1827d8663d1e7944a247,58167,IA_test_groupA/1230.2/best_J0.157009_20251230_165105.fem
DUP_0007,7dbd0846ed47e2f79e372d8c96e92f06093603c18cd7d535c5247ebf32be1347,6024523,CLONALG/best_J0.166453_20251230_130901.ans
DUP_0007,7dbd0846ed47e2f79e372d8c96e92f06093603c18cd7d535c5247ebf32be1347,6024523,IA_test/1230/best_J0.166453_20251230_130901.ans
DUP_0007,7dbd0846ed47e2f79e372d8c96e92f06093603c18cd7d535c5247ebf32be1347,6024523,IA_test_groupA/1230/best_J0.166453_20251230_130901.ans
DUP_0008,652a2def37397333aec63ff0423a0cf363f9be06145dea8163f6f23c8078b123,74764,CLONALG/best_J0.166453_20251230_130901.fem
DUP_0008,652a2def37397333aec63ff0423a0cf363f9be06145dea8163f6f23c8078b123,74764,IA_test/1230/best_J0.166453_20251230_130901.fem
DUP_0008,652a2def37397333aec63ff0423a0cf363f9be06145dea8163f6f23c8078b123,74764,IA_test_groupA/1230/best_J0.166453_20251230_130901.fem
DUP_0009,77dda55c43c846d5150e7339f839778033920e3b93a6b177adb8b9ec69ac2a55,8064,CLONALG/best_result_0103_groupB_5gen.mat
DUP_0009,77dda55c43c846d5150e7339f839778033920e3b93a6b177adb8b9ec69ac2a55,8064,IA_test/0103 groupB/best_result_20260103_164233.mat
DUP_0010,fb2ef813e4f2c38f2acf754061c410d205a93e928efe0b1d505f4f4c58b5a924,8102,CLONALG/best_result_0104_groupA_15gen.mat
DUP_0010,fb2ef813e4f2c38f2acf754061c410d205a93e928efe0b1d505f4f4c58b5a924,8102,IA_test/0104 groupA/best_result_20260105_081953.mat
DUP_0010,fb2ef813e4f2c38f2acf754061c410d205a93e928efe0b1d505f4f4c58b5a924,8102,IA_test_groupA/0104 groupA/best_result_20260105_081953.mat
DUP_0011,a2261632f6ca8d19d98da7d3d55dc2d710f89a7bece5d0a2e9cf1c1d927ed421,8081,CLONALG/best_result_0104_groupB_15gen.mat
DUP_0011,a2261632f6ca8d19d98da7d3d55dc2d710f89a7bece5d0a2e9cf1c1d927ed421,8081,IA_test/0104 groupB/best_result_20260104_150857.mat
DUP_0012,ce5f4849a33cd7b2f90d8b962572196bbab0b6eca0f8dc8fdd3c55a8954a5f6f,8102,CLONALG/best_result_0107_groupA2_25gen.mat
DUP_0012,ce5f4849a33cd7b2f90d8b962572196bbab0b6eca0f8dc8fdd3c55a8954a5f6f,8102,IA_test/0107 groupA2/best_result_20260107_145512.mat
DUP_0013,fad63b5abaed689a490ee7e9159f678d5b6bf24206629923dcdcc715460a9341,8088,CLONALG/best_result_0109_groupA2_35gen.mat
DUP_0013,fad63b5abaed689a490ee7e9159f678d5b6bf24206629923dcdcc715460a9341,8088,CLONALG/best_result_group4 100gen.mat
DUP_0013,fad63b5abaed689a490ee7e9159f678d5b6bf24206629923dcdcc715460a9341,8088,IA_test/0109 groupA2 best/best_result_group4 100gen.mat
DUP_0014,599b8091bae86c9a1a2634ed19c1c5ba5c0c99849d79c76b4b3814ee2293554a,8103,CLONALG/best_result_0118_groupA2_100gen.mat
DUP_0014,599b8091bae86c9a1a2634ed19c1c5ba5c0c99849d79c76b4b3814ee2293554a,8103,IA_test/best_result_20260118_224518.mat
DUP_0015,7f41c34fb542100eb9fb70f70ad10d63fd711a9a1b8b462ceb8aa1d9fd87f722,8156,CLONALG/best_result_0119_groupA2_120gen.mat
DUP_0015,7f41c34fb542100eb9fb70f70ad10d63fd711a9a1b8b462ceb8aa1d9fd87f722,8156,IA_test/0119 groupA2 存在悬浮铁/best_result_20260119_234704.mat
DUP_0016,5611d6bd4eb17759d0a8a06db96361f958820548c05e9f314ef7233c88371fcd,8166,CLONALG/best_result_0120_groupA2_120gen.mat
DUP_0016,5611d6bd4eb17759d0a8a06db96361f958820548c05e9f314ef7233c88371fcd,8166,IA_test/0120/best_result_20260121_013313.mat
DUP_0017,8c8fd0fff83f5a19b18cc91990337e64df18b9ed8af123188674f6a5dab49882,8059,CLONALG/best_result_0122_groupN_10gen.mat
DUP_0017,8c8fd0fff83f5a19b18cc91990337e64df18b9ed8af123188674f6a5dab49882,8059,IA_test_N/0122/best_result_20260123_014838.mat
DUP_0018,929ba7036e666cc1130765b7ff36f087d77be83eceb2ed27f34bfe6bd8f2a1ec,8165,CLONALG/best_result_0123_groupN_20gen.mat
DUP_0018,929ba7036e666cc1130765b7ff36f087d77be83eceb2ed27f34bfe6bd8f2a1ec,8165,IA_test_N/0123/best_result_20260124_024015.mat
DUP_0019,8543017a07808745fa779a68edadd1b9d69794c89db6ffc5325cc30ecb5aeba5,8099,CLONALG/best_result_0126_groupN_30gen.mat
DUP_0019,8543017a07808745fa779a68edadd1b9d69794c89db6ffc5325cc30ecb5aeba5,8099,IA_test_N/0126/best_result_20260126_220103.mat
DUP_0020,93e1ef58c0179e5e7c960ed464dd901cf159c094e53cff018021b29a5e756b8c,8099,CLONALG/best_result_0128_groupN_40gen.mat
DUP_0020,93e1ef58c0179e5e7c960ed464dd901cf159c094e53cff018021b29a5e756b8c,8099,IA_test_N/0128/best_result_20260128_213005.mat
DUP_0021,7ade2c209fae6299acfbee546e7fcebe9e777e3b5d8407e4584488d5fd355f0c,8122,CLONALG/best_result_0129_groupN_50gen.mat
DUP_0021,7ade2c209fae6299acfbee546e7fcebe9e777e3b5d8407e4584488d5fd355f0c,8122,IA_test_N/0129/best_result_20260130_025912.mat
DUP_0022,5d01590202dd0565ad5809e83ea486228e6755da81213643b53da0e586c85804,8140,CLONALG/best_result_0201_groupN_65gen.mat
DUP_0022,5d01590202dd0565ad5809e83ea486228e6755da81213643b53da0e586c85804,8140,IA_test_N/0201/best_result_20260201_151024.mat
DUP_0023,7ad3c6e0a30e35a50e8272ebb542cf84ddc3e3472a0fa82515670ce12b1570f3,8109,CLONALG/best_result_0204_groupN_100gen.mat
DUP_0023,7ad3c6e0a30e35a50e8272ebb542cf84ddc3e3472a0fa82515670ce12b1570f3,8109,IA_test_N/0204 100gen/best_result_20260205_123957.mat
DUP_0024,90418017a52b41367ce6387ac48d56d110e23a6d8d4b2b1ad2153167e01a5656,8256,CLONALG/best_result_0227_groupF_30gen.mat
DUP_0024,90418017a52b41367ce6387ac48d56d110e23a6d8d4b2b1ad2153167e01a5656,8256,IA_test_Float/0227 30gen/best_result_20260227_125153.mat
DUP_0025,a7d90c9a6cceee9d1bc3022dfb51713f30c2593642b27dd7a7285d6ba631ddaf,8300,CLONALG/best_result_0228_groupF_50gen.mat
DUP_0025,a7d90c9a6cceee9d1bc3022dfb51713f30c2593642b27dd7a7285d6ba631ddaf,8300,IA_test_Float/0228 50gen/best_result_20260228_124726.mat
DUP_0026,fbd3fa7fae63517786bae979a899c70ddcf93a8d1a4c509e366a53dcc06db385,8315,CLONALG/best_result_0228_groupF_70gen.mat
DUP_0026,fbd3fa7fae63517786bae979a899c70ddcf93a8d1a4c509e366a53dcc06db385,8315,IA_test_Float/0228 70gen-140gen/best_result_20260228_180032.mat
DUP_0027,a2ef688da93ca92259c38f4cbc0591760901d12d7c2dde9f67212bc2e1b5242b,8326,CLONALG/best_result_0302_groupF_160gen.mat
DUP_0027,a2ef688da93ca92259c38f4cbc0591760901d12d7c2dde9f67212bc2e1b5242b,8326,IA_test_Float/0302 160gen-200gen/best_result_20260302_114631.mat
DUP_0028,616cb760f18a9e6cce9258725a88d30a4f8adf1c6d5f3ec7ea04afa5ae9476c0,8510,CLONALG/best_result_0302_groupF_300gen.mat
DUP_0028,616cb760f18a9e6cce9258725a88d30a4f8adf1c6d5f3ec7ea04afa5ae9476c0,8510,IA_test_Float/0302 300gen/best_result_20260302_173331.mat
DUP_0029,453031189bc9bc7b81b25b445aab4843e2eeeee6cc6002740da542046737cd00,8494,CLONALG/best_result_0302_groupF_400gen.mat
DUP_0029,453031189bc9bc7b81b25b445aab4843e2eeeee6cc6002740da542046737cd00,8494,IA_test_Float/0302 400gen-500gen/best_result_20260302_213720.mat
DUP_0030,789076e5adabddcc010d75206d5704c860e090e293674c677e2f62f118742e2e,8494,CLONALG/best_result_0303_groupF_700gen.mat
DUP_0030,789076e5adabddcc010d75206d5704c860e090e293674c677e2f62f118742e2e,8494,IA_test_Float/0303 700gen/best_result_20260303_215010.mat
DUP_0031,87d97e092efb49ac1b8e06cc2402e1bb8acac06fb321cd7d07ccad7f56b45dd6,8495,CLONALG/best_result_0304_groupF_800gen.mat
DUP_0031,87d97e092efb49ac1b8e06cc2402e1bb8acac06fb321cd7d07ccad7f56b45dd6,8495,IA_test_Float/0304 800gen/best_result_20260304_220254.mat
DUP_0032,84dbad67b4351ec4c75ad67ed5fad1d7c05c4c88e5cee836ba7f82a8354e58d6,8479,CLONALG/best_result_0305_groupF_900gen.mat
DUP_0032,84dbad67b4351ec4c75ad67ed5fad1d7c05c4c88e5cee836ba7f82a8354e58d6,8479,IA_test_Float/0305 900gen/best_result_20260305_173935.mat
DUP_0033,ece27e1036789b264a5b8e6eda7b4f27fafceec1ca1b9e29f4c5fa71fb06c338,8464,CLONALG/best_result_0306_groupF_1000gen.mat
DUP_0033,ece27e1036789b264a5b8e6eda7b4f27fafceec1ca1b9e29f4c5fa71fb06c338,8464,IA_test_Float/best_result_20260306_174158.mat
DUP_0034,41ab943205de606288211babc45241d79ca40b8455047bc60effe35ee1159e92,3405,CLONALG/best_result_20251231_192359.mat
DUP_0034,41ab943205de606288211babc45241d79ca40b8455047bc60effe35ee1159e92,3405,IA_test/1231/best_result_20251231_192359.mat
DUP_0034,41ab943205de606288211babc45241d79ca40b8455047bc60effe35ee1159e92,3405,IA_test_groupA/1231/best_result_20251231_192359.mat
DUP_0035,3b52fbb255265f9e2735bdec501d9cbe692c3a61039069fa4c7a132c70163997,324,CLONALG/crossintrayfcn.m
DUP_0035,3b52fbb255265f9e2735bdec501d9cbe692c3a61039069fa4c7a132c70163997,324,IA_test/CLONALG/crossintrayfcn.m
DUP_0035,3b52fbb255265f9e2735bdec501d9cbe692c3a61039069fa4c7a132c70163997,324,IA_test_groupA/CLONALG/crossintrayfcn.m
DUP_0035,3b52fbb255265f9e2735bdec501d9cbe692c3a61039069fa4c7a132c70163997,324,免疫算法测试/CLONALG/crossintrayfcn.m
DUP_0036,829a3249d6140f42186c90fb74c682b66ffa29d1a802f9deec1bc3f3059d4320,339,CLONALG/dropwavefcn.m
DUP_0036,829a3249d6140f42186c90fb74c682b66ffa29d1a802f9deec1bc3f3059d4320,339,IA_test/CLONALG/dropwavefcn.m
DUP_0036,829a3249d6140f42186c90fb74c682b66ffa29d1a802f9deec1bc3f3059d4320,339,IA_test_groupA/CLONALG/dropwavefcn.m
DUP_0036,829a3249d6140f42186c90fb74c682b66ffa29d1a802f9deec1bc3f3059d4320,339,免疫算法测试/CLONALG/dropwavefcn.m
DUP_0037,3e6676f177340ece5f6eed09fd7550b0f62c5c01e2a668b3c72405a14eec111c,374,CLONALG/eggholderfcn.m
DUP_0037,3e6676f177340ece5f6eed09fd7550b0f62c5c01e2a668b3c72405a14eec111c,374,IA_test/CLONALG/eggholderfcn.m
DUP_0037,3e6676f177340ece5f6eed09fd7550b0f62c5c01e2a668b3c72405a14eec111c,374,IA_test_groupA/CLONALG/eggholderfcn.m
DUP_0037,3e6676f177340ece5f6eed09fd7550b0f62c5c01e2a668b3c72405a14eec111c,374,免疫算法测试/CLONALG/eggholderfcn.m
DUP_0038,a81cb1267ac7d24f96c71c735e937207243aaad3dda9fbad8ac7a8c09cf78a4f,265,CLONALG/griewankfcn.m
DUP_0038,a81cb1267ac7d24f96c71c735e937207243aaad3dda9fbad8ac7a8c09cf78a4f,265,IA_test/CLONALG/griewankfcn.m
DUP_0038,a81cb1267ac7d24f96c71c735e937207243aaad3dda9fbad8ac7a8c09cf78a4f,265,IA_test_groupA/CLONALG/griewankfcn.m
DUP_0038,a81cb1267ac7d24f96c71c735e937207243aaad3dda9fbad8ac7a8c09cf78a4f,265,免疫算法测试/CLONALG/griewankfcn.m
DUP_0039,1147c54c8e9190115f4346042d948295bf7ba509d91c3d525362b72461006a62,481898,CLONALG/Learning and Optimization Using the Clonal Selection Principle [de Castro & Von Zuben][2002].pdf
DUP_0039,1147c54c8e9190115f4346042d948295bf7ba509d91c3d525362b72461006a62,481898,IA_test/CLONALG/Learning and Optimization Using the Clonal Selection Principle [de Castro & Von Zuben][2002].pdf
DUP_0039,1147c54c8e9190115f4346042d948295bf7ba509d91c3d525362b72461006a62,481898,IA_test_groupA/CLONALG/Learning and Optimization Using the Clonal Selection Principle [de Castro & Von Zuben][2002].pdf
DUP_0039,1147c54c8e9190115f4346042d948295bf7ba509d91c3d525362b72461006a62,481898,免疫算法测试/CLONALG/Learning and Optimization Using the Clonal Selection Principle [de Castro & Von Zuben][2002].pdf
DUP_0039,1147c54c8e9190115f4346042d948295bf7ba509d91c3d525362b72461006a62,481898,论文/引用/[1]2002_TEC.pdf
DUP_0040,2ef985e8577188fd44b36188b21b544a877c77826eb8334b25d05227c2ede6a4,277,CLONALG/rosenbrockfcn.m
DUP_0040,2ef985e8577188fd44b36188b21b544a877c77826eb8334b25d05227c2ede6a4,277,IA_test/CLONALG/rosenbrockfcn.m
DUP_0040,2ef985e8577188fd44b36188b21b544a877c77826eb8334b25d05227c2ede6a4,277,IA_test_groupA/CLONALG/rosenbrockfcn.m
DUP_0040,2ef985e8577188fd44b36188b21b544a877c77826eb8334b25d05227c2ede6a4,277,免疫算法测试/CLONALG/rosenbrockfcn.m
DUP_0041,d26fc6df46c901a87a29a2fa694c8a9de83bc7f4cbdce226bc6e597d19534f51,280,CLONALG/schwefelfcn.m
DUP_0041,d26fc6df46c901a87a29a2fa694c8a9de83bc7f4cbdce226bc6e597d19534f51,280,IA_test/CLONALG/schwefelfcn.m
DUP_0041,d26fc6df46c901a87a29a2fa694c8a9de83bc7f4cbdce226bc6e597d19534f51,280,IA_test_groupA/CLONALG/schwefelfcn.m
DUP_0041,d26fc6df46c901a87a29a2fa694c8a9de83bc7f4cbdce226bc6e597d19534f51,280,免疫算法测试/CLONALG/schwefelfcn.m
DUP_0042,e399528b324535154efde27aad5fe85d0aa3e1eee10949ac2c0fec79ecdfc3d5,1355959,CLONALG/strukturFemm.ans
DUP_0042,e399528b324535154efde27aad5fe85d0aa3e1eee10949ac2c0fec79ecdfc3d5,1355959,免疫算法测试/01.13/strukturFemm.ans
DUP_0043,a60a66513b8eb0e4635c0d635110b126f412276794414af32a59746404c0dabe,41,CLONALG/.git/refs/heads/main
DUP_0043,a60a66513b8eb0e4635c0d635110b126f412276794414af32a59746404c0dabe,41,CLONALG/.git/refs/remotes/origin/main
DUP_0044,6528190f4fb50f8820de0901d41b9dd6fcdffa1d7b2bee99b36291df5526d3ee,7046887,IA_test/best_J0.080216_20260110_195804.ans
DUP_0044,6528190f4fb50f8820de0901d41b9dd6fcdffa1d7b2bee99b36291df5526d3ee,7046887,IA_test/best_J0.080216_20260111_184658.ans
DUP_0044,6528190f4fb50f8820de0901d41b9dd6fcdffa1d7b2bee99b36291df5526d3ee,7046887,IA_test/0109 groupA2 best/best_J0.080216_20260109_165414.ans
DUP_0045,0c31a08c68e1c3d223964512df8be96e9ee7511f615b4b7fed3000317b4fc6ca,151840,IA_test/best_J0.080216_20260110_195804.fem
DUP_0045,0c31a08c68e1c3d223964512df8be96e9ee7511f615b4b7fed3000317b4fc6ca,151840,IA_test/best_J0.080216_20260111_184658.fem
DUP_0045,0c31a08c68e1c3d223964512df8be96e9ee7511f615b4b7fed3000317b4fc6ca,151840,IA_test/0109 groupA2 best/best_J0.080216_20260109_165414.fem
DUP_0045,0c31a08c68e1c3d223964512df8be96e9ee7511f615b4b7fed3000317b4fc6ca,151840,免疫算法测试/01.13/best_J0.080216_20260109_165414.fem
DUP_0046,8721360559fedb06b47a0d9305b1164e5900e98a929692d89dd4850f7d6b390d,58,IA_test/best_J0.080216_20260110_195804.png
DUP_0046,8721360559fedb06b47a0d9305b1164e5900e98a929692d89dd4850f7d6b390d,58,IA_test/best_J0.080216_20260111_184658.png
DUP_0046,8721360559fedb06b47a0d9305b1164e5900e98a929692d89dd4850f7d6b390d,58,IA_test/best_J0.082148_20260108_181234.png
DUP_0046,8721360559fedb06b47a0d9305b1164e5900e98a929692d89dd4850f7d6b390d,58,IA_test/best_J0.082148_20260108_231323.png
DUP_0046,8721360559fedb06b47a0d9305b1164e5900e98a929692d89dd4850f7d6b390d,58,IA_test/best_J0.106306_20260105_193139.png
DUP_0046,8721360559fedb06b47a0d9305b1164e5900e98a929692d89dd4850f7d6b390d,58,IA_test/best_J0.106306_20260106_151138.png
DUP_0046,8721360559fedb06b47a0d9305b1164e5900e98a929692d89dd4850f7d6b390d,58,IA_test/best_J0.106306_20260106_224059.png
DUP_0046,8721360559fedb06b47a0d9305b1164e5900e98a929692d89dd4850f7d6b390d,58,IA_test/0103 groupB/best_J0.110898_20260103_164233.png
DUP_0046,8721360559fedb06b47a0d9305b1164e5900e98a929692d89dd4850f7d6b390d,58,IA_test/0104 groupA/best_J0.0994011_20260105_081953.png
DUP_0046,8721360559fedb06b47a0d9305b1164e5900e98a929692d89dd4850f7d6b390d,58,IA_test/0104 groupB/best_J0.106306_20260104_150857.png
DUP_0046,8721360559fedb06b47a0d9305b1164e5900e98a929692d89dd4850f7d6b390d,58,IA_test/0107 groupA2/best_J0.082148_20260107_145512.png
DUP_0046,8721360559fedb06b47a0d9305b1164e5900e98a929692d89dd4850f7d6b390d,58,IA_test/0109 groupA2 best/best_J0.080216_20260109_165414.png
DUP_0046,8721360559fedb06b47a0d9305b1164e5900e98a929692d89dd4850f7d6b390d,58,IA_test/1227.2/best_J0.147733_20251228_001658.png
DUP_0046,8721360559fedb06b47a0d9305b1164e5900e98a929692d89dd4850f7d6b390d,58,IA_test/1228/best_J0.222504_20251229_005752.png
DUP_0046,8721360559fedb06b47a0d9305b1164e5900e98a929692d89dd4850f7d6b390d,58,IA_test/无优化组/best_J0.106306_20260105_011544.png
DUP_0046,8721360559fedb06b47a0d9305b1164e5900e98a929692d89dd4850f7d6b390d,58,IA_test/无优化组/best_J0.110898_20260103_223049.png
DUP_0046,8721360559fedb06b47a0d9305b1164e5900e98a929692d89dd4850f7d6b390d,58,IA_test/无优化组/best_J0.110898_20260104_040203.png
DUP_0046,8721360559fedb06b47a0d9305b1164e5900e98a929692d89dd4850f7d6b390d,58,IA_test_Float/best_J0.0924955_20260306_174158.png
DUP_0046,8721360559fedb06b47a0d9305b1164e5900e98a929692d89dd4850f7d6b390d,58,IA_test_Float/0227 30gen/best_J0.120593_20260227_125153.png
DUP_0046,8721360559fedb06b47a0d9305b1164e5900e98a929692d89dd4850f7d6b390d,58,IA_test_Float/0228 50gen/best_J0.114586_20260228_124726.png
DUP_0046,8721360559fedb06b47a0d9305b1164e5900e98a929692d89dd4850f7d6b390d,58,IA_test_Float/0302 160gen-200gen/best_J0.111733_20260302_114631.png
DUP_0046,8721360559fedb06b47a0d9305b1164e5900e98a929692d89dd4850f7d6b390d,58,IA_test_Float/0302 300gen/best_J0.105091_20260302_173331.png
DUP_0046,8721360559fedb06b47a0d9305b1164e5900e98a929692d89dd4850f7d6b390d,58,IA_test_Float/0302 400gen-500gen/best_J0.0980357_20260302_213720.png
DUP_0046,8721360559fedb06b47a0d9305b1164e5900e98a929692d89dd4850f7d6b390d,58,IA_test_Float/0303 700gen/best_J0.0961933_20260303_215010.png
DUP_0046,8721360559fedb06b47a0d9305b1164e5900e98a929692d89dd4850f7d6b390d,58,IA_test_Float/0303 700gen/best_J0.0980357_20260303_161511.png
DUP_0046,8721360559fedb06b47a0d9305b1164e5900e98a929692d89dd4850f7d6b390d,58,IA_test_Float/0304 800gen/best_J0.092999_20260304_220254.png
DUP_0046,8721360559fedb06b47a0d9305b1164e5900e98a929692d89dd4850f7d6b390d,58,IA_test_Float/0305 900gen/best_J0.0924955_20260305_173935.png
DUP_0046,8721360559fedb06b47a0d9305b1164e5900e98a929692d89dd4850f7d6b390d,58,IA_test_group4/best_J0.123215_20260205_145651.png
DUP_0046,8721360559fedb06b47a0d9305b1164e5900e98a929692d89dd4850f7d6b390d,58,IA_test_groupA/best_J0.0937403_20260107_221145.png
DUP_0046,8721360559fedb06b47a0d9305b1164e5900e98a929692d89dd4850f7d6b390d,58,IA_test_groupA/best_J0.112828_20260104_040221.png
DUP_0046,8721360559fedb06b47a0d9305b1164e5900e98a929692d89dd4850f7d6b390d,58,IA_test_groupA/0104 groupA/best_J0.0994011_20260105_081953.png
DUP_0046,8721360559fedb06b47a0d9305b1164e5900e98a929692d89dd4850f7d6b390d,58,IA_test_groupA/1227.2/best_J0.147733_20251228_001658.png
DUP_0046,8721360559fedb06b47a0d9305b1164e5900e98a929692d89dd4850f7d6b390d,58,IA_test_groupA/1228/best_J0.222504_20251229_005752.png
DUP_0047,b7a7fe6058d419fa9c7d224fdb13c44ed9ca83a22370df344e5fb9ab1dcd97ee,6849375,IA_test/best_J0.082148_20260108_181234.ans
DUP_0047,b7a7fe6058d419fa9c7d224fdb13c44ed9ca83a22370df344e5fb9ab1dcd97ee,6849375,IA_test/best_J0.082148_20260108_231323.ans
DUP_0047,b7a7fe6058d419fa9c7d224fdb13c44ed9ca83a22370df344e5fb9ab1dcd97ee,6849375,IA_test/0107 groupA2/best_J0.082148_20260107_145512.ans
DUP_0048,216eacc2b773ee4fabbae4589fade40986f78368c1669bb851fd15e77ec036e6,147878,IA_test/best_J0.082148_20260108_181234.fem
DUP_0048,216eacc2b773ee4fabbae4589fade40986f78368c1669bb851fd15e77ec036e6,147878,IA_test/best_J0.082148_20260108_231323.fem
DUP_0048,216eacc2b773ee4fabbae4589fade40986f78368c1669bb851fd15e77ec036e6,147878,IA_test/0107 groupA2/best_J0.082148_20260107_145512.fem
DUP_0049,260d1c23e14f919025ff764edc6cccf61dd86c61bf6b0249e959d2ec3b97d6bf,6861752,IA_test/best_J0.106306_20260105_193139.ans
DUP_0049,260d1c23e14f919025ff764edc6cccf61dd86c61bf6b0249e959d2ec3b97d6bf,6861752,IA_test/best_J0.106306_20260106_151138.ans
DUP_0049,260d1c23e14f919025ff764edc6cccf61dd86c61bf6b0249e959d2ec3b97d6bf,6861752,IA_test/best_J0.106306_20260106_224059.ans
DUP_0049,260d1c23e14f919025ff764edc6cccf61dd86c61bf6b0249e959d2ec3b97d6bf,6861752,IA_test/0104 groupB/best_J0.106306_20260104_150857.ans
DUP_0049,260d1c23e14f919025ff764edc6cccf61dd86c61bf6b0249e959d2ec3b97d6bf,6861752,IA_test/无优化组/best_J0.106306_20260105_011544.ans
DUP_0050,a94118596403c6bf52a215165fef54ccbbc27b8a51088656a75a4ba69065a214,148606,IA_test/best_J0.106306_20260105_193139.fem
DUP_0050,a94118596403c6bf52a215165fef54ccbbc27b8a51088656a75a4ba69065a214,148606,IA_test/best_J0.106306_20260106_151138.fem
DUP_0050,a94118596403c6bf52a215165fef54ccbbc27b8a51088656a75a4ba69065a214,148606,IA_test/best_J0.106306_20260106_224059.fem
DUP_0050,a94118596403c6bf52a215165fef54ccbbc27b8a51088656a75a4ba69065a214,148606,IA_test/0104 groupB/best_J0.106306_20260104_150857.fem
DUP_0050,a94118596403c6bf52a215165fef54ccbbc27b8a51088656a75a4ba69065a214,148606,IA_test/无优化组/best_J0.106306_20260105_011544.fem
DUP_0051,92b7a153c31e84dedefd1f3e109861ead26739cb4700717c1709395c1b732867,11962051,IA_test/best_J0.113614_20260103_045247.ans
DUP_0051,92b7a153c31e84dedefd1f3e109861ead26739cb4700717c1709395c1b732867,11962051,IA_test/无优化组/best_J0.113614_20260103_045247.ans
DUP_0051,92b7a153c31e84dedefd1f3e109861ead26739cb4700717c1709395c1b732867,11962051,IA_test_groupA/best_J0.113614_20260103_045247.ans
DUP_0052,71c4013106ac01bc9a8b262e8c945dfefee892f2eecb15c66524b169f930e904,132413,IA_test/best_J0.113614_20260103_045247.fem
DUP_0052,71c4013106ac01bc9a8b262e8c945dfefee892f2eecb15c66524b169f930e904,132413,IA_test/无优化组/best_J0.113614_20260103_045247.fem
DUP_0052,71c4013106ac01bc9a8b262e8c945dfefee892f2eecb15c66524b169f930e904,132413,IA_test_groupA/best_J0.113614_20260103_045247.fem
DUP_0053,50e56ebaab5d966e0d0b0b878f7b0500db7167e5375d1ac59a149f49242e3a7f,2929834,IA_test/best_J0.113614_20260103_045247.png
DUP_0053,50e56ebaab5d966e0d0b0b878f7b0500db7167e5375d1ac59a149f49242e3a7f,2929834,IA_test/无优化组/best_J0.113614_20260103_045247.png
DUP_0053,50e56ebaab5d966e0d0b0b878f7b0500db7167e5375d1ac59a149f49242e3a7f,2929834,IA_test_groupA/best_J0.113614_20260103_045247.png
DUP_0054,84bf3816ae932f7b0782184f1f650529af7fa990f510fcb2ef351eb5f93c19ef,4364011,IA_test/best_J0.238035_20251229_211603.ans
DUP_0054,84bf3816ae932f7b0782184f1f650529af7fa990f510fcb2ef351eb5f93c19ef,4364011,IA_test/无优化组/best_J0.238035_20251229_211603.ans
DUP_0054,84bf3816ae932f7b0782184f1f650529af7fa990f510fcb2ef351eb5f93c19ef,4364011,IA_test_groupA/best_J0.238035_20251229_211603.ans
DUP_0055,f727b2948325a7a14c00f74425d0051593e8fe6bed15a0a443d3e840eb8f74cc,71182,IA_test/best_J0.238035_20251229_211603.fem
DUP_0055,f727b2948325a7a14c00f74425d0051593e8fe6bed15a0a443d3e840eb8f74cc,71182,IA_test/无优化组/best_J0.238035_20251229_211603.fem
DUP_0055,f727b2948325a7a14c00f74425d0051593e8fe6bed15a0a443d3e840eb8f74cc,71182,IA_test_groupA/best_J0.238035_20251229_211603.fem
DUP_0056,d30a6e2288edcef741dcd8453fb78d899f0fff0b47034478a518992e77d1c72f,13015562,IA_test/best_J0.257147_20251228_164352.ans
DUP_0056,d30a6e2288edcef741dcd8453fb78d899f0fff0b47034478a518992e77d1c72f,13015562,IA_test/无优化组/best_J0.257147_20251228_164352.ans
DUP_0056,d30a6e2288edcef741dcd8453fb78d899f0fff0b47034478a518992e77d1c72f,13015562,IA_test_groupA/best_J0.257147_20251228_164352.ans
DUP_0057,099f794513938363d326f8ad3fa13f05f188414965a3477a0e2c1b9ac5ff5449,148325,IA_test/best_J0.257147_20251228_164352.fem
DUP_0057,099f794513938363d326f8ad3fa13f05f188414965a3477a0e2c1b9ac5ff5449,148325,IA_test/无优化组/best_J0.257147_20251228_164352.fem
DUP_0057,099f794513938363d326f8ad3fa13f05f188414965a3477a0e2c1b9ac5ff5449,148325,IA_test_groupA/best_J0.257147_20251228_164352.fem
DUP_0058,cfb8924682fabe6ecc80948f75dfb2397c2bfe064617840bd46f003a00c36258,2929834,IA_test/best_J0.257147_20251228_164352.png
DUP_0058,cfb8924682fabe6ecc80948f75dfb2397c2bfe064617840bd46f003a00c36258,2929834,IA_test/无优化组/best_J0.257147_20251228_164352.png
DUP_0058,cfb8924682fabe6ecc80948f75dfb2397c2bfe064617840bd46f003a00c36258,2929834,IA_test_groupA/best_J0.257147_20251228_164352.png
DUP_0059,36424578a1261b6978d4e77c7bdcf2b92006b3d8ebb63058c2086332b19eb6de,3468,IA_test/best_result_20251224_164638.mat
DUP_0059,36424578a1261b6978d4e77c7bdcf2b92006b3d8ebb63058c2086332b19eb6de,3468,IA_test/无优化组/best_result_20251224_164638.mat
DUP_0059,36424578a1261b6978d4e77c7bdcf2b92006b3d8ebb63058c2086332b19eb6de,3468,IA_test_groupA/best_result_20251224_164638.mat
DUP_0060,bf310c6d99ca2736a79376867395c1101d5ccc9979d4ecf85eb1a1a7e81b8dcd,3453,IA_test/best_result_20251225_164109.mat
DUP_0060,bf310c6d99ca2736a79376867395c1101d5ccc9979d4ecf85eb1a1a7e81b8dcd,3453,IA_test/无优化组/best_result_20251225_164109.mat
DUP_0060,bf310c6d99ca2736a79376867395c1101d5ccc9979d4ecf85eb1a1a7e81b8dcd,3453,IA_test_groupA/best_result_20251225_164109.mat
DUP_0061,c37fdcd7f0ca87964d791a681583e6b4294a6ecd5033aae4a69f0e657cbc9fbd,3453,IA_test/best_result_20251225_205212.mat
DUP_0061,c37fdcd7f0ca87964d791a681583e6b4294a6ecd5033aae4a69f0e657cbc9fbd,3453,IA_test/无优化组/best_result_20251225_205212.mat
DUP_0061,c37fdcd7f0ca87964d791a681583e6b4294a6ecd5033aae4a69f0e657cbc9fbd,3453,IA_test_groupA/best_result_20251225_205212.mat
DUP_0062,420446f9f968f6abaf75019cb0bb9321610bad0c72880811f21e599aa97bdc72,3361,IA_test/best_result_20251228_164352.mat
DUP_0062,420446f9f968f6abaf75019cb0bb9321610bad0c72880811f21e599aa97bdc72,3361,IA_test/无优化组/best_result_20251228_164352.mat
DUP_0062,420446f9f968f6abaf75019cb0bb9321610bad0c72880811f21e599aa97bdc72,3361,IA_test_groupA/best_result_20251228_164352.mat
DUP_0063,eeec40c1b95aa8e7d5cc981f10abac96e829e4d528c68af9714945195f06d831,3404,IA_test/best_result_20251229_005752.mat
DUP_0063,eeec40c1b95aa8e7d5cc981f10abac96e829e4d528c68af9714945195f06d831,3404,IA_test/无优化组/best_result_20251229_005752.mat
DUP_0063,eeec40c1b95aa8e7d5cc981f10abac96e829e4d528c68af9714945195f06d831,3404,IA_test_groupA/best_result_20251229_005752.mat
DUP_0064,ff70242255bf91f139855fd2987796bc03c603827dd8bd7ea9bbd483bc0807c4,3380,IA_test/best_result_20251229_211603.mat
DUP_0064,ff70242255bf91f139855fd2987796bc03c603827dd8bd7ea9bbd483bc0807c4,3380,IA_test/无优化组/best_result_20251229_211603.mat
DUP_0064,ff70242255bf91f139855fd2987796bc03c603827dd8bd7ea9bbd483bc0807c4,3380,IA_test_groupA/best_result_20251229_211603.mat
DUP_0065,67cecd302ca9448e9905cf39de0defb9d39ae20e0b9004c6292c8a1e480e0071,8023,IA_test/best_result_20260103_045247.mat
DUP_0065,67cecd302ca9448e9905cf39de0defb9d39ae20e0b9004c6292c8a1e480e0071,8023,IA_test/无优化组/best_result_20260103_045247.mat
DUP_0065,67cecd302ca9448e9905cf39de0defb9d39ae20e0b9004c6292c8a1e480e0071,8023,IA_test_groupA/best_result_20260103_045247.mat
DUP_0066,b72d4a12120c7c20ad87af0fc90e7f9ab38435fe50935b248575c34290fbe429,8991,IA_test/untitled.fig
DUP_0066,b72d4a12120c7c20ad87af0fc90e7f9ab38435fe50935b248575c34290fbe429,8991,IA_test/无优化组/untitled.fig
DUP_0066,b72d4a12120c7c20ad87af0fc90e7f9ab38435fe50935b248575c34290fbe429,8991,IA_test_groupA/untitled.fig
DUP_0067,0f333ef656b1f46520c4f5493187eb8d56077fd0c0d26d3bd01e094637bce43e,234782,IA_test/无电流.png
DUP_0067,0f333ef656b1f46520c4f5493187eb8d56077fd0c0d26d3bd01e094637bce43e,234782,IA_test_groupA/无电流.png
DUP_0067,0f333ef656b1f46520c4f5493187eb8d56077fd0c0d26d3bd01e094637bce43e,234782,免疫算法测试/无电流.png
DUP_0068,e8ae58b7f8ded9ac74a9555bfa5ffbef5c16a16d4273d0fd96ea2c1bdf03f0fa,110101,IA_test/有电流 新.png
DUP_0068,e8ae58b7f8ded9ac74a9555bfa5ffbef5c16a16d4273d0fd96ea2c1bdf03f0fa,110101,IA_test_groupA/有电流 新.png
DUP_0068,e8ae58b7f8ded9ac74a9555bfa5ffbef5c16a16d4273d0fd96ea2c1bdf03f0fa,110101,免疫算法测试/有电流 新.png
DUP_0069,4fce6a7dc161deaf1e36641072ff6dcdbf55dbe82376c2903ea388682a4b140d,91582,IA_test/有电流.png
DUP_0069,4fce6a7dc161deaf1e36641072ff6dcdbf55dbe82376c2903ea388682a4b140d,91582,IA_test_groupA/有电流.png
DUP_0069,4fce6a7dc161deaf1e36641072ff6dcdbf55dbe82376c2903ea388682a4b140d,91582,免疫算法测试/有电流.png
DUP_0070,7215a5e31a1dc4465c0df3321f5a0e8b256da175176bee64605797f9f52b58ea,17871,IA_test/目标函数.png
DUP_0070,7215a5e31a1dc4465c0df3321f5a0e8b256da175176bee64605797f9f52b58ea,17871,IA_test_groupA/目标函数.png
DUP_0070,7215a5e31a1dc4465c0df3321f5a0e8b256da175176bee64605797f9f52b58ea,17871,免疫算法测试/目标函数.png
DUP_0071,3af90685fd52e41d10c26a193ca824f9581da6b84223e51d0d55afa3497de57d,79826,IA_test/结果.png
DUP_0071,3af90685fd52e41d10c26a193ca824f9581da6b84223e51d0d55afa3497de57d,79826,IA_test_groupA/结果.png
DUP_0071,3af90685fd52e41d10c26a193ca824f9581da6b84223e51d0d55afa3497de57d,79826,免疫算法测试/结果.png
DUP_0072,53ca87cd36cd1ee22fb4a059fd8a7846446866582e176aa8df0ce2a9253b5574,16722,IA_test/角度.png
DUP_0072,53ca87cd36cd1ee22fb4a059fd8a7846446866582e176aa8df0ce2a9253b5574,16722,IA_test_groupA/角度.png
DUP_0072,53ca87cd36cd1ee22fb4a059fd8a7846446866582e176aa8df0ce2a9253b5574,16722,免疫算法测试/角度.png
DUP_0073,c220ff46b42c28e6b8000c44e5f76936fa0a14c8933f583df20dc2b8db23fea9,7831,IA_test/0104 groupA/best_bits_coarse.mat
DUP_0073,c220ff46b42c28e6b8000c44e5f76936fa0a14c8933f583df20dc2b8db23fea9,7831,IA_test_groupA/0104 groupA/best_bits_coarse.mat
DUP_0074,4cb286075b55635dfec71848ee36afc5660e8e44fab6b9cb77e33934989d0afe,6816613,IA_test/0104 groupA/best_J0.0994011_20260105_081953.ans
DUP_0074,4cb286075b55635dfec71848ee36afc5660e8e44fab6b9cb77e33934989d0afe,6816613,IA_test_groupA/0104 groupA/best_J0.0994011_20260105_081953.ans
DUP_0075,484c2a68ac1c376bfbb7c89ba0834f949410345e700053c4f3e5508e1acfe165,147498,IA_test/0104 groupA/best_J0.0994011_20260105_081953.fem
DUP_0075,484c2a68ac1c376bfbb7c89ba0834f949410345e700053c4f3e5508e1acfe165,147498,IA_test_groupA/0104 groupA/best_J0.0994011_20260105_081953.fem
DUP_0076,2ae1551f3a1da14ed6c677c57872e017620f60be2efb51a2b7614eb1fce3184d,9016,IA_test/0104 groupA/untitled2.fig
DUP_0076,2ae1551f3a1da14ed6c677c57872e017620f60be2efb51a2b7614eb1fce3184d,9016,IA_test_groupA/0104 groupA/untitled2.fig
DUP_0077,3ee6ec4df00b80590fdeee227d40ee113b5b3512b3610e88a1053cd0e4499170,118447,IA_test/12.21 N3G10/w01/blank_inset_9x5_w01.fem
DUP_0077,3ee6ec4df00b80590fdeee227d40ee113b5b3512b3610e88a1053cd0e4499170,118447,IA_test/12.21 N3G10/w02/blank_inset_9x5_w02.fem
DUP_0077,3ee6ec4df00b80590fdeee227d40ee113b5b3512b3610e88a1053cd0e4499170,118447,IA_test/12.21 N3G10/w03/blank_inset_9x5_w03.fem
DUP_0078,506c0e4540d68fd0c62fff9dd780a4968d20d7a03e1b639bc455bc0c73591e2d,13280696,IA_test/12.21 N3G10/w01/case_159544e8-63cb-4408-9973-e9d2ad3a60bd.ans
DUP_0078,506c0e4540d68fd0c62fff9dd780a4968d20d7a03e1b639bc455bc0c73591e2d,13280696,IA_test/12.21 N3G10/w02/case_bf096598-6d7f-40f1-baff-576a499c62f8.ans
DUP_0079,516dc00d2a9c212f3beeac5467205f7d996a473f895d98b098c2922532f53523,148145,IA_test/12.21 N3G10/w01/case_159544e8-63cb-4408-9973-e9d2ad3a60bd.fem
DUP_0079,516dc00d2a9c212f3beeac5467205f7d996a473f895d98b098c2922532f53523,148145,IA_test/12.21 N3G10/w02/case_bf096598-6d7f-40f1-baff-576a499c62f8.fem
DUP_0080,9f8ccda3349c55d3612e3e4642fad24396a8e9676f374ac3c44c4404dce14e06,13178101,IA_test/12.21 N3G10/w01/case_26334935-dc9f-4603-8b42-fe82caaf8ec9.ans
DUP_0080,9f8ccda3349c55d3612e3e4642fad24396a8e9676f374ac3c44c4404dce14e06,13178101,IA_test/12.21 N3G10/w02/case_bc015e21-0860-4f7a-99ed-3a22058d8ee7.ans
DUP_0081,f3f500b2a8381539e8e1bac355dd483599b65d03865374d0b6b248671df23417,148145,IA_test/12.21 N3G10/w01/case_26334935-dc9f-4603-8b42-fe82caaf8ec9.fem
DUP_0081,f3f500b2a8381539e8e1bac355dd483599b65d03865374d0b6b248671df23417,148145,IA_test/12.21 N3G10/w02/case_bc015e21-0860-4f7a-99ed-3a22058d8ee7.fem
DUP_0082,a46a7a32b56ba8e8e8f948a2addfb8fb3c2f9a455aae1e53472d993aa8d62c6f,13270391,IA_test/12.21 N3G10/w01/case_2b2a547c-f178-454b-9e44-02c863fd6322.ans
DUP_0082,a46a7a32b56ba8e8e8f948a2addfb8fb3c2f9a455aae1e53472d993aa8d62c6f,13270391,IA_test/12.21 N3G10/w01/case_e33f1d2d-0d7e-4924-a9d0-3977d35a0b95.ans
DUP_0083,b184d69aaae4c9d7048eb4c1420988c3ade5d6012d7f3d4b5496e1b1e3aacdc3,148145,IA_test/12.21 N3G10/w01/case_2b2a547c-f178-454b-9e44-02c863fd6322.fem
DUP_0083,b184d69aaae4c9d7048eb4c1420988c3ade5d6012d7f3d4b5496e1b1e3aacdc3,148145,IA_test/12.21 N3G10/w01/case_e33f1d2d-0d7e-4924-a9d0-3977d35a0b95.fem
DUP_0084,de3be65230eea68dfdc11ed3b98669bef72bdc992f25c2db5e30592af3d4ff11,13302111,IA_test/12.21 N3G10/w01/case_3881750a-9f02-446d-911b-1e57fa0eca81.ans
DUP_0084,de3be65230eea68dfdc11ed3b98669bef72bdc992f25c2db5e30592af3d4ff11,13302111,IA_test/12.21 N3G10/w01/case_adb29ec9-52ac-44de-b362-c9583ca2d6b5.ans
DUP_0085,71e5fa7b7d83c8b6cf43e03f39b0144dd5b2f8831f9e499112f45e075cf2df29,148145,IA_test/12.21 N3G10/w01/case_3881750a-9f02-446d-911b-1e57fa0eca81.fem
DUP_0085,71e5fa7b7d83c8b6cf43e03f39b0144dd5b2f8831f9e499112f45e075cf2df29,148145,IA_test/12.21 N3G10/w01/case_adb29ec9-52ac-44de-b362-c9583ca2d6b5.fem
DUP_0086,abc5fa24a19e96b36d228dbea32bca27c813503d819c3d1e6b417b0853993798,13300074,IA_test/12.21 N3G10/w01/case_3a720ac5-09fc-4fb1-a0ba-2dca1089d401.ans
DUP_0086,abc5fa24a19e96b36d228dbea32bca27c813503d819c3d1e6b417b0853993798,13300074,IA_test/12.21 N3G10/w03/case_d02dea35-b420-4c03-8df6-c4477e5b8130.ans
DUP_0087,048c98f9e88463ab12a00c96073d8238f1581dc14a6969e4b6a383a34526ce55,148145,IA_test/12.21 N3G10/w01/case_3a720ac5-09fc-4fb1-a0ba-2dca1089d401.fem
DUP_0087,048c98f9e88463ab12a00c96073d8238f1581dc14a6969e4b6a383a34526ce55,148145,IA_test/12.21 N3G10/w03/case_d02dea35-b420-4c03-8df6-c4477e5b8130.fem
DUP_0088,e00c94f20d2d8c5ab2224932a7f4b1cfcd243c551cca6c96f9182a268407428e,13254332,IA_test/12.21 N3G10/w01/case_435bdce4-b8b9-421e-926e-a54b11a7b00b.ans
DUP_0088,e00c94f20d2d8c5ab2224932a7f4b1cfcd243c551cca6c96f9182a268407428e,13254332,IA_test/12.21 N3G10/w01/case_e4e2c761-d87a-4501-b0d7-4dc276a3fe44.ans
DUP_0089,e91ddfc3747b721215ad4a1269f6faa28962cce096a464a5e3a96da7457198bd,148145,IA_test/12.21 N3G10/w01/case_435bdce4-b8b9-421e-926e-a54b11a7b00b.fem
DUP_0089,e91ddfc3747b721215ad4a1269f6faa28962cce096a464a5e3a96da7457198bd,148145,IA_test/12.21 N3G10/w01/case_e4e2c761-d87a-4501-b0d7-4dc276a3fe44.fem
DUP_0090,7fea2f7a45f7dc8a7d98bf8b16d401d773919d80c30deb9b120c7b9317b8d86d,13320699,IA_test/12.21 N3G10/w01/case_529bb037-4ab6-4ecd-a709-ad9308af1d2f.ans
DUP_0090,7fea2f7a45f7dc8a7d98bf8b16d401d773919d80c30deb9b120c7b9317b8d86d,13320699,IA_test/12.21 N3G10/w03/case_656f7822-7a15-46b3-96da-19977c1d0d59.ans
DUP_0091,a232ee8f0bdcd90c196b176363dddecefea7cca6697f7c0772d026bb9a241762,148145,IA_test/12.21 N3G10/w01/case_529bb037-4ab6-4ecd-a709-ad9308af1d2f.fem
DUP_0091,a232ee8f0bdcd90c196b176363dddecefea7cca6697f7c0772d026bb9a241762,148145,IA_test/12.21 N3G10/w03/case_656f7822-7a15-46b3-96da-19977c1d0d59.fem
DUP_0092,a47fd12f2ca69f6e0e57ad1012e1ebb880087797886b32487c0a0918f0982ae6,13301896,IA_test/12.21 N3G10/w01/case_6ea6528f-1564-4893-8bfc-b1396461dd94.ans
DUP_0092,a47fd12f2ca69f6e0e57ad1012e1ebb880087797886b32487c0a0918f0982ae6,13301896,IA_test/12.21 N3G10/w01/case_924cd090-aa4f-49ba-8a04-282f6d2b4f1d.ans
DUP_0093,4cfa4981560207816e9e420c4c4e7c2c126e375f3d5517485bd07dc65acab7bf,148145,IA_test/12.21 N3G10/w01/case_6ea6528f-1564-4893-8bfc-b1396461dd94.fem
DUP_0093,4cfa4981560207816e9e420c4c4e7c2c126e375f3d5517485bd07dc65acab7bf,148145,IA_test/12.21 N3G10/w01/case_924cd090-aa4f-49ba-8a04-282f6d2b4f1d.fem
DUP_0094,3174d4ded76e534c5d51d6160613270d6a39a4bcd8f7de2e7b3f770696b50cff,13222645,IA_test/12.21 N3G10/w01/case_845bec1a-d7c1-4128-971a-228fe0cf726e.ans
DUP_0094,3174d4ded76e534c5d51d6160613270d6a39a4bcd8f7de2e7b3f770696b50cff,13222645,IA_test/12.21 N3G10/w01/case_c5866522-4cf0-4a2a-b1a1-7cd7f573cc1a.ans
DUP_0095,07b944f19d61cd2f135ae9cc9c28ac3ba80f552429e9b0866d56aa37c2886367,148199,IA_test/12.21 N3G10/w01/case_845bec1a-d7c1-4128-971a-228fe0cf726e.fem
DUP_0095,07b944f19d61cd2f135ae9cc9c28ac3ba80f552429e9b0866d56aa37c2886367,148199,IA_test/12.21 N3G10/w01/case_c5866522-4cf0-4a2a-b1a1-7cd7f573cc1a.fem
DUP_0096,d357a05cd1604f0b76508344170004b3eca78485dfd4e03ab816e9f6d6adac89,13170618,IA_test/12.21 N3G10/w01/case_a4dead31-1a55-488e-9fab-d4706f6eb981.ans
DUP_0096,d357a05cd1604f0b76508344170004b3eca78485dfd4e03ab816e9f6d6adac89,13170618,IA_test/12.21 N3G10/w03/case_9477881f-38d7-4bf2-978e-c5c0e1dd186c.ans
DUP_0097,411c858ff36efb5eb711859428b340032faa8a22232ba5bfd5f3a225e3632dd5,148199,IA_test/12.21 N3G10/w01/case_a4dead31-1a55-488e-9fab-d4706f6eb981.fem
DUP_0097,411c858ff36efb5eb711859428b340032faa8a22232ba5bfd5f3a225e3632dd5,148199,IA_test/12.21 N3G10/w03/case_9477881f-38d7-4bf2-978e-c5c0e1dd186c.fem
DUP_0098,54b1d9b4bbeb18eef1ffbc92080f47a5a031116d6ba25d1f9a4b20f7f00a7e1f,13257015,IA_test/12.21 N3G10/w01/case_a749e1e3-7a3a-4188-87da-d4e965f4a648.ans
DUP_0098,54b1d9b4bbeb18eef1ffbc92080f47a5a031116d6ba25d1f9a4b20f7f00a7e1f,13257015,IA_test/12.21 N3G10/w03/case_f97d8b24-16c3-4b5c-84bd-60685a3b65d9.ans
DUP_0099,24824d55f74b866db3d9407109a3664869806aba52194dfd4b54fbec32f89fd4,148145,IA_test/12.21 N3G10/w01/case_a749e1e3-7a3a-4188-87da-d4e965f4a648.fem
DUP_0099,24824d55f74b866db3d9407109a3664869806aba52194dfd4b54fbec32f89fd4,148145,IA_test/12.21 N3G10/w03/case_f97d8b24-16c3-4b5c-84bd-60685a3b65d9.fem
DUP_0100,6b9d7294f6d90b09d45cf8fd85ca1c99a38874a7dca7b40621465ba1f29f6429,13245102,IA_test/12.21 N3G10/w01/case_b7e3f609-1358-4c27-aab2-25e3b8eccf83.ans
DUP_0100,6b9d7294f6d90b09d45cf8fd85ca1c99a38874a7dca7b40621465ba1f29f6429,13245102,IA_test/12.21 N3G10/w02/case_a7ecd80d-fb62-407c-b380-670fa66c3f66.ans
DUP_0101,cb03037ca193941ec13b891950258fc92efbe640bb09b2a1d5aeaf90898c3814,148145,IA_test/12.21 N3G10/w01/case_b7e3f609-1358-4c27-aab2-25e3b8eccf83.fem
DUP_0101,cb03037ca193941ec13b891950258fc92efbe640bb09b2a1d5aeaf90898c3814,148145,IA_test/12.21 N3G10/w02/case_a7ecd80d-fb62-407c-b380-670fa66c3f66.fem
DUP_0102,60f919a82315fe29203cc4931c50d38aa61e7c78db886d9d869d2b79d0b0a3ee,13251854,IA_test/12.21 N3G10/w01/case_bdd5c199-4644-4ed0-9e29-b1842e899ba6.ans
DUP_0102,60f919a82315fe29203cc4931c50d38aa61e7c78db886d9d869d2b79d0b0a3ee,13251854,IA_test/12.21 N3G10/w02/case_f1aab01c-3f34-43bd-b140-90988461ff8b.ans
DUP_0103,e005eadbc0e154f8f85c12c043ff36ecb65d99111e965182461f9ef05049b11f,148145,IA_test/12.21 N3G10/w01/case_bdd5c199-4644-4ed0-9e29-b1842e899ba6.fem
DUP_0103,e005eadbc0e154f8f85c12c043ff36ecb65d99111e965182461f9ef05049b11f,148145,IA_test/12.21 N3G10/w02/case_f1aab01c-3f34-43bd-b140-90988461ff8b.fem
DUP_0104,03055e884de28b909bf275592f945b2a43cc09e33df02f779bd5889b7d4f11d5,13209638,IA_test/12.21 N3G10/w01/case_bf3cd316-91b0-4ef9-aaa9-71ae850fcad1.ans
DUP_0104,03055e884de28b909bf275592f945b2a43cc09e33df02f779bd5889b7d4f11d5,13209638,IA_test/12.21 N3G10/w02/case_6ea371ff-ec56-4ae1-90b7-9c6394e79cb8.ans
DUP_0105,d04e33642c2c64fa26a6c9b0ac1d5b6e00ddfd80743551fee2e8ff5139b5a5c9,148205,IA_test/12.21 N3G10/w01/case_bf3cd316-91b0-4ef9-aaa9-71ae850fcad1.fem
DUP_0105,d04e33642c2c64fa26a6c9b0ac1d5b6e00ddfd80743551fee2e8ff5139b5a5c9,148205,IA_test/12.21 N3G10/w02/case_6ea371ff-ec56-4ae1-90b7-9c6394e79cb8.fem
DUP_0106,22f9e48a214f5aaf1c05553a43fb8128df5a3278d07a6883f3e740b0c09caf46,13275968,IA_test/12.21 N3G10/w01/case_c55d66e1-d6c1-495f-871d-c7b32467c15c.ans
DUP_0106,22f9e48a214f5aaf1c05553a43fb8128df5a3278d07a6883f3e740b0c09caf46,13275968,IA_test/12.21 N3G10/w03/case_86d62f9a-dbfd-4195-8fd4-2ddf63b2c724.ans
DUP_0107,73e4e98332470c53d4dca1547ba6b52a2719d08abc88c1f1235f11b5e8a3e25f,148145,IA_test/12.21 N3G10/w01/case_c55d66e1-d6c1-495f-871d-c7b32467c15c.fem
DUP_0107,73e4e98332470c53d4dca1547ba6b52a2719d08abc88c1f1235f11b5e8a3e25f,148145,IA_test/12.21 N3G10/w03/case_86d62f9a-dbfd-4195-8fd4-2ddf63b2c724.fem
DUP_0108,53763377585b995bcb4af4fb9336f9ce867a162e1ed0c79a6f4392a26bb23b62,13353938,IA_test/12.21 N3G10/w01/case_dc30fb28-b7bc-4faf-9a24-649f92b0e581.ans
DUP_0108,53763377585b995bcb4af4fb9336f9ce867a162e1ed0c79a6f4392a26bb23b62,13353938,IA_test/12.21 N3G10/w02/case_8b670471-529a-4d49-9e45-f711c972ed03.ans
DUP_0109,68320e06bb0d948996f4e5930c2b801c55eaee556c9dcfda99d8be84c68f4c9d,148145,IA_test/12.21 N3G10/w01/case_dc30fb28-b7bc-4faf-9a24-649f92b0e581.fem
DUP_0109,68320e06bb0d948996f4e5930c2b801c55eaee556c9dcfda99d8be84c68f4c9d,148145,IA_test/12.21 N3G10/w02/case_8b670471-529a-4d49-9e45-f711c972ed03.fem
DUP_0110,017d5ebe4c88620f00ecf0510ebf935e348d6de917490afae898c8b1b6a82a73,13284814,IA_test/12.21 N3G10/w01/case_e7958f48-6565-488f-8a32-ed6e9fdbbbee.ans
DUP_0110,017d5ebe4c88620f00ecf0510ebf935e348d6de917490afae898c8b1b6a82a73,13284814,IA_test/12.21 N3G10/w03/case_0b166cbf-45e8-4aa7-9bcb-a44f87362407.ans
DUP_0111,e2d80f57f4b859534f813360a18ab5c25279aa38dd1ccd5705988d43edfc7145,148145,IA_test/12.21 N3G10/w01/case_e7958f48-6565-488f-8a32-ed6e9fdbbbee.fem
DUP_0111,e2d80f57f4b859534f813360a18ab5c25279aa38dd1ccd5705988d43edfc7145,148145,IA_test/12.21 N3G10/w03/case_0b166cbf-45e8-4aa7-9bcb-a44f87362407.fem
DUP_0112,b95e5009cdcbca9652b78bf75a1bfb23b8f985445df78e7294fbbdab86d2bf40,13316083,IA_test/12.21 N3G10/w02/case_0704aed2-95f7-4488-b805-9fdc1df2a4b9.ans
DUP_0112,b95e5009cdcbca9652b78bf75a1bfb23b8f985445df78e7294fbbdab86d2bf40,13316083,IA_test/12.21 N3G10/w03/case_3bb26db5-3721-4b15-adf5-92e72e9c38d6.ans
DUP_0113,1dfb0ffdcfffeffb493caf68bb76b4cfd962255e65bc383e54be1824bd4260a7,148145,IA_test/12.21 N3G10/w02/case_0704aed2-95f7-4488-b805-9fdc1df2a4b9.fem
DUP_0113,1dfb0ffdcfffeffb493caf68bb76b4cfd962255e65bc383e54be1824bd4260a7,148145,IA_test/12.21 N3G10/w03/case_3bb26db5-3721-4b15-adf5-92e72e9c38d6.fem
DUP_0114,b4c6ef08c383ec5ad6e554399192fe5e1999dc740d4c19ccf65ce3d41e227314,13258360,IA_test/12.21 N3G10/w02/case_17c5fdbd-2370-4744-80bf-2a2f0a287340.ans
DUP_0114,b4c6ef08c383ec5ad6e554399192fe5e1999dc740d4c19ccf65ce3d41e227314,13258360,IA_test/12.21 N3G10/w02/case_39c72458-418d-4b0c-8b68-5fc28c1f9ce2.ans
DUP_0115,c91e4409a8f9c3de789841474b83ef2088fb54d226d885fed638d7d61412ebe9,148145,IA_test/12.21 N3G10/w02/case_17c5fdbd-2370-4744-80bf-2a2f0a287340.fem
DUP_0115,c91e4409a8f9c3de789841474b83ef2088fb54d226d885fed638d7d61412ebe9,148145,IA_test/12.21 N3G10/w02/case_39c72458-418d-4b0c-8b68-5fc28c1f9ce2.fem
DUP_0116,9a2075a8f983305c6134deb3587fa175f1b9bc4c7cf504a009b93dc5a00491fb,13211494,IA_test/12.21 N3G10/w02/case_2cc7bc73-cd5f-4e19-869d-9b67a5b8b5af.ans
DUP_0116,9a2075a8f983305c6134deb3587fa175f1b9bc4c7cf504a009b93dc5a00491fb,13211494,IA_test/12.21 N3G10/w03/case_07b5eb98-9a38-4771-b597-00e1c31895b2.ans
DUP_0117,136ec7394db338493f61ec85f03f80856bc6328719547e42cfd924611bc81bf1,148187,IA_test/12.21 N3G10/w02/case_2cc7bc73-cd5f-4e19-869d-9b67a5b8b5af.fem
DUP_0117,136ec7394db338493f61ec85f03f80856bc6328719547e42cfd924611bc81bf1,148187,IA_test/12.21 N3G10/w03/case_07b5eb98-9a38-4771-b597-00e1c31895b2.fem
DUP_0118,c3bc971ad37b446d3f1aae0e41764024ef0d779c027cff3f3039d5f5f3e9c0be,13289858,IA_test/12.21 N3G10/w02/case_5cb4e85c-14dd-444a-9cc3-965f42880507.ans
DUP_0118,c3bc971ad37b446d3f1aae0e41764024ef0d779c027cff3f3039d5f5f3e9c0be,13289858,IA_test/12.21 N3G10/w02/case_c876b0c1-ceff-482e-9d89-1d2d2ed0610a.ans
DUP_0119,7712d2df5471fbd2f83191510af49021a0191d53d66b86d63d0fbf761fdb418c,148145,IA_test/12.21 N3G10/w02/case_5cb4e85c-14dd-444a-9cc3-965f42880507.fem
DUP_0119,7712d2df5471fbd2f83191510af49021a0191d53d66b86d63d0fbf761fdb418c,148145,IA_test/12.21 N3G10/w02/case_c876b0c1-ceff-482e-9d89-1d2d2ed0610a.fem
DUP_0120,5449cdd9fde0eeabcaef9f98b6658874e2717acbb15ea1c2b723050221cf70b1,13290056,IA_test/12.21 N3G10/w02/case_6dc6b2ab-4d29-44fa-a85f-5e86f0132a64.ans
DUP_0120,5449cdd9fde0eeabcaef9f98b6658874e2717acbb15ea1c2b723050221cf70b1,13290056,IA_test/12.21 N3G10/w03/case_ff71ef89-6891-4223-b862-01eebccd32e4.ans
DUP_0121,2d464b9168d3dcbc83151c1240fbed1a30eff8bdb0b96527effa693dec7fa7f8,148145,IA_test/12.21 N3G10/w02/case_6dc6b2ab-4d29-44fa-a85f-5e86f0132a64.fem
DUP_0121,2d464b9168d3dcbc83151c1240fbed1a30eff8bdb0b96527effa693dec7fa7f8,148145,IA_test/12.21 N3G10/w03/case_ff71ef89-6891-4223-b862-01eebccd32e4.fem
DUP_0122,1dd0c7144e2a92eac4f4806b2a2a585001281e8c3ccf736670fab80d11e03fdc,13330266,IA_test/12.21 N3G10/w02/case_85e13400-b93f-41d7-a022-6af54ca5fdf6.ans
DUP_0122,1dd0c7144e2a92eac4f4806b2a2a585001281e8c3ccf736670fab80d11e03fdc,13330266,IA_test/12.21 N3G10/w03/case_0110943c-ca16-4544-815a-5016dd1279f1.ans
DUP_0123,6e19e2eee98e43c0a4ab6651439cdb672f773e01d7bbbe60ecb082151464e86f,148145,IA_test/12.21 N3G10/w02/case_85e13400-b93f-41d7-a022-6af54ca5fdf6.fem
DUP_0123,6e19e2eee98e43c0a4ab6651439cdb672f773e01d7bbbe60ecb082151464e86f,148145,IA_test/12.21 N3G10/w03/case_0110943c-ca16-4544-815a-5016dd1279f1.fem
DUP_0124,1da2aa420cf6ecd327967876439a56d0577025c145cc4194ebb6f2ec2520c3e0,13321785,IA_test/12.21 N3G10/w02/case_ce520cd2-7cf9-421b-ba62-b8af3d02a342.ans
DUP_0124,1da2aa420cf6ecd327967876439a56d0577025c145cc4194ebb6f2ec2520c3e0,13321785,IA_test/12.21 N3G10/w03/case_91a9c760-b8d5-406b-984d-9d2d06311615.ans
DUP_0125,376df9882d787a10209015a3ed9f8387fda0b4a9c51e09a2de7c69a13527dfdf,148145,IA_test/12.21 N3G10/w02/case_ce520cd2-7cf9-421b-ba62-b8af3d02a342.fem
DUP_0125,376df9882d787a10209015a3ed9f8387fda0b4a9c51e09a2de7c69a13527dfdf,148145,IA_test/12.21 N3G10/w03/case_91a9c760-b8d5-406b-984d-9d2d06311615.fem
DUP_0126,0f7f9463cb30c340914a580f8e6a386630703623fd93e7ae6aabec71cce026fe,12979916,IA_test/1225/best_J0.177345_20251225_205238.ans
DUP_0126,0f7f9463cb30c340914a580f8e6a386630703623fd93e7ae6aabec71cce026fe,12979916,IA_test_groupA/1225/best_J0.177345_20251225_205238.ans
DUP_0127,a37c6f675eab5316b07b77916ad0d96473dc3901b444bd1def8cc53c03a51c42,148325,IA_test/1225/best_J0.177345_20251225_205238.fem
DUP_0127,a37c6f675eab5316b07b77916ad0d96473dc3901b444bd1def8cc53c03a51c42,148325,IA_test_groupA/1225/best_J0.177345_20251225_205238.fem
DUP_0128,d36ed36b669810f51bb72e827b5e6ae3bab18d8b7b87fe4e9f8ae95436d9cb7f,2929834,IA_test/1225/best_J0.177345_20251225_205238.png
DUP_0128,d36ed36b669810f51bb72e827b5e6ae3bab18d8b7b87fe4e9f8ae95436d9cb7f,2929834,IA_test_groupA/1225/best_J0.177345_20251225_205238.png
DUP_0129,01ae61ee62cdc2a10bfd0def8c87554d6211941f06e05af1874e62301c53da90,3453,IA_test/1225/best_result_20251225_205238.mat
DUP_0129,01ae61ee62cdc2a10bfd0def8c87554d6211941f06e05af1874e62301c53da90,3453,IA_test_groupA/1225/best_result_20251225_205238.mat
DUP_0130,b4619cfa6ea91b0c2e9975b4222969a59b88e0a7bb681c0256c2696c2df84fe5,13000125,IA_test/1226/best_J0.234241_20251226_165530.ans
DUP_0130,b4619cfa6ea91b0c2e9975b4222969a59b88e0a7bb681c0256c2696c2df84fe5,13000125,IA_test_groupA/1226/best_J0.234241_20251226_165530.ans
DUP_0131,ee78bc5f18acbeb7cd1f3c3306a82cfb660633bbf90b8220224b5a4c40bd35c9,148325,IA_test/1226/best_J0.234241_20251226_165530.fem
DUP_0131,ee78bc5f18acbeb7cd1f3c3306a82cfb660633bbf90b8220224b5a4c40bd35c9,148325,IA_test_groupA/1226/best_J0.234241_20251226_165530.fem
DUP_0132,fa4317f88c194a4ef319544e78ae9c34b1d9613b469aaf878da4af0edf96fb7a,2929834,IA_test/1226/best_J0.234241_20251226_165530.png
DUP_0132,fa4317f88c194a4ef319544e78ae9c34b1d9613b469aaf878da4af0edf96fb7a,2929834,IA_test_groupA/1226/best_J0.234241_20251226_165530.png
DUP_0133,4ded35e194a8298851363237fa674cb74802068004cc507b6e7d0ebf13ec6a96,3436,IA_test/1226/best_result_20251226_165530.mat
DUP_0133,4ded35e194a8298851363237fa674cb74802068004cc507b6e7d0ebf13ec6a96,3436,IA_test_groupA/1226/best_result_20251226_165530.mat
DUP_0134,b7a2c45d02739f4202ef0484312f16f27ec814dfd1f3a5f770a0d091e071ea79,13002759,IA_test/1227.1/best_J0.239788_20251227_151645.ans
DUP_0134,b7a2c45d02739f4202ef0484312f16f27ec814dfd1f3a5f770a0d091e071ea79,13002759,IA_test_groupA/1227.1/best_J0.239788_20251227_151645.ans
DUP_0135,00febc0a015e251429f170b91ba03b18e45b4b2c2b64a12f10ec225f5a9d59ee,148325,IA_test/1227.1/best_J0.239788_20251227_151645.fem
DUP_0135,00febc0a015e251429f170b91ba03b18e45b4b2c2b64a12f10ec225f5a9d59ee,148325,IA_test_groupA/1227.1/best_J0.239788_20251227_151645.fem
DUP_0136,cc202ba445f3b15b13b702cdbe493b5feaeaa58137d7eb82ba4d8ff5d9fc41cc,2929834,IA_test/1227.1/best_J0.239788_20251227_151645.png
DUP_0136,cc202ba445f3b15b13b702cdbe493b5feaeaa58137d7eb82ba4d8ff5d9fc41cc,2929834,IA_test_groupA/1227.1/best_J0.239788_20251227_151645.png
DUP_0137,3f7ed041ad663a415ed65d6f9c1f470048c61b65831cae650349a2dd53eb96a2,3364,IA_test/1227.1/best_result_20251227_151645.mat
DUP_0137,3f7ed041ad663a415ed65d6f9c1f470048c61b65831cae650349a2dd53eb96a2,3364,IA_test_groupA/1227.1/best_result_20251227_151645.mat
DUP_0138,7a05382b10bbba8970e7a15ccb84bf3c3361d2a14cb13caf88797c0461a4e134,13015629,IA_test/1227.2/best_J0.147733_20251228_001658.ans
DUP_0138,7a05382b10bbba8970e7a15ccb84bf3c3361d2a14cb13caf88797c0461a4e134,13015629,IA_test_groupA/1227.2/best_J0.147733_20251228_001658.ans
DUP_0139,d1f0c48c8703df57cdc82c1100a8f3d21491e1601b87b79557edb1dc0b7fe1f2,148325,IA_test/1227.2/best_J0.147733_20251228_001658.fem
DUP_0139,d1f0c48c8703df57cdc82c1100a8f3d21491e1601b87b79557edb1dc0b7fe1f2,148325,IA_test_groupA/1227.2/best_J0.147733_20251228_001658.fem
DUP_0140,5f67a4059f1aecc5be3173bd2e9525e47c6ac0aa9157aecbf2ebf7c345768164,3394,IA_test/1227.2/best_result_20251228_001658.mat
DUP_0140,5f67a4059f1aecc5be3173bd2e9525e47c6ac0aa9157aecbf2ebf7c345768164,3394,IA_test_groupA/1227.2/best_result_20251228_001658.mat
DUP_0141,278e216e184f719bfd5a284d730c67d09902be156488894d7873977d4d2ae17b,12948443,IA_test/1228/best_J0.222504_20251229_005752.ans
DUP_0141,278e216e184f719bfd5a284d730c67d09902be156488894d7873977d4d2ae17b,12948443,IA_test_groupA/1228/best_J0.222504_20251229_005752.ans
DUP_0142,28534057bd73c4cb0a64724010003b3fd01eda01a8c43b93485f9b3bc17e7efd,148325,IA_test/1228/best_J0.222504_20251229_005752.fem
DUP_0142,28534057bd73c4cb0a64724010003b3fd01eda01a8c43b93485f9b3bc17e7efd,148325,IA_test_groupA/1228/best_J0.222504_20251229_005752.fem
DUP_0143,6e856beb9dffa6e4f39462f5b9c9690572f455deb5224bf8c0b5c09de188c932,8294,IA_test/1228/untitled.fig
DUP_0143,6e856beb9dffa6e4f39462f5b9c9690572f455deb5224bf8c0b5c09de188c932,8294,IA_test_groupA/1228/untitled.fig
DUP_0144,f679059b497c3d8083b193968b4373fac729a6535834476601816507487b4a30,3161,IA_test/1229/best_bits_coarse.mat
DUP_0144,f679059b497c3d8083b193968b4373fac729a6535834476601816507487b4a30,3161,IA_test_groupA/1229/best_bits_coarse.mat
DUP_0145,c3cd80853080ab84498333ecb4b8c2ce6737e4443d1da1ff93577cf9e23537c1,5991033,IA_test/1229/best_J0.238035_20251229_221434.ans
DUP_0145,c3cd80853080ab84498333ecb4b8c2ce6737e4443d1da1ff93577cf9e23537c1,5991033,IA_test_groupA/1229/best_J0.238035_20251229_221434.ans
DUP_0146,d45de5ae1da9e832e532cfb5bda368ccc6e815289d6722ec3d38ed7b82c51ab0,74765,IA_test/1229/best_J0.238035_20251229_221434.fem
DUP_0146,d45de5ae1da9e832e532cfb5bda368ccc6e815289d6722ec3d38ed7b82c51ab0,74765,IA_test_groupA/1229/best_J0.238035_20251229_221434.fem
DUP_0147,2575ecc4c2c0d6029eee23ed4d854638952d691a865b5fd7fd3b876c2476583e,2929834,IA_test/1229/best_J0.238035_20251229_221434.png
DUP_0147,2575ecc4c2c0d6029eee23ed4d854638952d691a865b5fd7fd3b876c2476583e,2929834,IA_test_groupA/1229/best_J0.238035_20251229_221434.png
DUP_0148,4bdeb89fd5b146acb0b6da0e4421d0923654337e8ddbdbd689c61bf4a4e5ba5b,3380,IA_test/1229/best_result_20251229_221434.mat
DUP_0148,4bdeb89fd5b146acb0b6da0e4421d0923654337e8ddbdbd689c61bf4a4e5ba5b,3380,IA_test_groupA/1229/best_result_20251229_221434.mat
DUP_0149,394e376e91e4ec24ad74babd6a7eb630c767c0ca94e24e0a7bc8615d32e9c4be,3161,IA_test/1230/best_bits_coarse.mat
DUP_0149,394e376e91e4ec24ad74babd6a7eb630c767c0ca94e24e0a7bc8615d32e9c4be,3161,IA_test_groupA/1230/best_bits_coarse.mat
DUP_0150,fe4a29b8b7a36b95000bdd1ee8018aedbba71bcbbb89e6587f846c09e927994a,2929834,IA_test/1230/best_J0.166453_20251230_130901.png
DUP_0150,fe4a29b8b7a36b95000bdd1ee8018aedbba71bcbbb89e6587f846c09e927994a,2929834,IA_test_groupA/1230/best_J0.166453_20251230_130901.png
DUP_0151,f9491f6af68b82618be43a264a355c8ede35e8cecdebe8ee7308a505359c444e,3413,IA_test/1230/best_result_20251230_130901.mat
DUP_0151,f9491f6af68b82618be43a264a355c8ede35e8cecdebe8ee7308a505359c444e,3413,IA_test_groupA/1230/best_result_20251230_130901.mat
DUP_0152,794ae06432a821cfc992aaff43736bfdf88f04dbef184145759fa61625995e5e,3159,IA_test/1230.2/best_bits_coarse.mat
DUP_0152,794ae06432a821cfc992aaff43736bfdf88f04dbef184145759fa61625995e5e,3159,IA_test_groupA/1230.2/best_bits_coarse.mat
DUP_0153,ce58b34d6c05e65c54ff0e8d064804d77dbe4dd8d903c3d7732f90bf49096ade,2929834,IA_test/1230.2/best_J0.157009_20251230_165105.png
DUP_0153,ce58b34d6c05e65c54ff0e8d064804d77dbe4dd8d903c3d7732f90bf49096ade,2929834,IA_test_groupA/1230.2/best_J0.157009_20251230_165105.png
DUP_0154,63d0b7057e379c38726c463a82d4e741347ddc147b5df4c89aa6d5b3fb2fe407,3404,IA_test/1230.2/best_result_20251230_165105.mat
DUP_0154,63d0b7057e379c38726c463a82d4e741347ddc147b5df4c89aa6d5b3fb2fe407,3404,IA_test_groupA/1230.2/best_result_20251230_165105.mat
DUP_0155,993ba5157a668dccf6a27247d861fe81a82e8375fe7e418b0b6b63252658c624,8903,IA_test/1230.2/untitled.fig
DUP_0155,993ba5157a668dccf6a27247d861fe81a82e8375fe7e418b0b6b63252658c624,8903,IA_test_groupA/1230.2/untitled.fig
DUP_0156,5b67e916cc32d1fa6a2829c62ed364ef7b86166eaf1f611e0a924ba2711492ab,3158,IA_test/1230.3/best_bits_coarse.mat
DUP_0156,5b67e916cc32d1fa6a2829c62ed364ef7b86166eaf1f611e0a924ba2711492ab,3158,IA_test_groupA/1230.3/best_bits_coarse.mat
DUP_0157,fd0f1ae64e3554e384c97b5ef5b6c844015f57fa147b96270cbb6547c5fdd1cf,5110894,IA_test/1230.3/best_J0.150072_20251230_212929.ans
DUP_0157,fd0f1ae64e3554e384c97b5ef5b6c844015f57fa147b96270cbb6547c5fdd1cf,5110894,IA_test_groupA/1230.3/best_J0.150072_20251230_212929.ans
DUP_0158,da57bc096fb4457e7e3c25a2bda64cbcf834342166bc0df9c0c84aa8a00bf218,58174,IA_test/1230.3/best_J0.150072_20251230_212929.fem
DUP_0158,da57bc096fb4457e7e3c25a2bda64cbcf834342166bc0df9c0c84aa8a00bf218,58174,IA_test_groupA/1230.3/best_J0.150072_20251230_212929.fem
DUP_0159,afd2705e148eed59aa4a2b6778bc928f9f363a5ecdd79b985353df87c1d00d21,2929834,IA_test/1230.3/best_J0.150072_20251230_212929.png
DUP_0159,afd2705e148eed59aa4a2b6778bc928f9f363a5ecdd79b985353df87c1d00d21,2929834,IA_test_groupA/1230.3/best_J0.150072_20251230_212929.png
DUP_0160,d5f0735de32d5c25c600dcda8d09ac5200f18f82f65042680a36308e001107c2,3389,IA_test/1230.3/best_result_20251230_212929.mat
DUP_0160,d5f0735de32d5c25c600dcda8d09ac5200f18f82f65042680a36308e001107c2,3389,IA_test_groupA/1230.3/best_result_20251230_212929.mat
DUP_0161,f513f3e3014b6f5f13c9e0da6e97a58b3729be514b9338180e3d810bbe8492f1,9106,IA_test/1230.3/untitled.fig
DUP_0161,f513f3e3014b6f5f13c9e0da6e97a58b3729be514b9338180e3d810bbe8492f1,9106,IA_test_groupA/1230.3/untitled.fig
DUP_0162,95f755e727232166419a5852b86f66c79e71c9dda5495985e7364d9a1876f6f1,3161,IA_test/1231/best_bits_coarse.mat
DUP_0162,95f755e727232166419a5852b86f66c79e71c9dda5495985e7364d9a1876f6f1,3161,IA_test_groupA/1231/best_bits_coarse.mat
DUP_0163,494bb41630a26e967dd3c23e026ba71282db772f9727a01fbbfd39734f6210bf,5114358,IA_test/1231/best_J0.145728_20251231_192359.ans
DUP_0163,494bb41630a26e967dd3c23e026ba71282db772f9727a01fbbfd39734f6210bf,5114358,IA_test_groupA/1231/best_J0.145728_20251231_192359.ans
DUP_0164,10b1e2a41a5cb21427f8cf7c39664b5a28e4bc2f21390d0ffefce6e2db8a742f,58163,IA_test/1231/best_J0.145728_20251231_192359.fem
DUP_0164,10b1e2a41a5cb21427f8cf7c39664b5a28e4bc2f21390d0ffefce6e2db8a742f,58163,IA_test_groupA/1231/best_J0.145728_20251231_192359.fem
DUP_0165,15a10cf57c7ea8aeaa9818609f380f2ba22860d3ac9c91419a0d9e0a31a440ab,2929834,IA_test/1231/best_J0.145728_20251231_192359.png
DUP_0165,15a10cf57c7ea8aeaa9818609f380f2ba22860d3ac9c91419a0d9e0a31a440ab,2929834,IA_test_groupA/1231/best_J0.145728_20251231_192359.png
DUP_0166,13280e091bdb7f9b22c9f4fd685756423df1f29b536702814a923259a83e2506,16306,IA_test/1组/第三代结果排名.png
DUP_0166,13280e091bdb7f9b22c9f4fd685756423df1f29b536702814a923259a83e2506,16306,IA_test_groupA/1组/第三代结果排名.png
DUP_0166,13280e091bdb7f9b22c9f4fd685756423df1f29b536702814a923259a83e2506,16306,免疫算法测试/1组/第三代结果排名.png
DUP_0167,b5f778d7a0c3de8f65df88eaa0c3693ac9cbbd6b8229e9b07011bf7c3f1f0166,12426,IA_test/1组/结果.png
DUP_0167,b5f778d7a0c3de8f65df88eaa0c3693ac9cbbd6b8229e9b07011bf7c3f1f0166,12426,IA_test_groupA/1组/结果.png
DUP_0167,b5f778d7a0c3de8f65df88eaa0c3693ac9cbbd6b8229e9b07011bf7c3f1f0166,12426,免疫算法测试/1组/结果.png
DUP_0168,f7d81c43fb391dce267d521669c4987cba0b312c31ef5abcc1d959ad03f189ff,131933,IA_test/1组/结果图像.png
DUP_0168,f7d81c43fb391dce267d521669c4987cba0b312c31ef5abcc1d959ad03f189ff,131933,IA_test_groupA/1组/结果图像.png
DUP_0168,f7d81c43fb391dce267d521669c4987cba0b312c31ef5abcc1d959ad03f189ff,131933,免疫算法测试/1组/结果图像.png
DUP_0169,106bc5a941d09b257b303f377fe216b63ea0ed1c825bda60ecdf7ad842f2b5b0,17766,IA_test/1组/角度.png
DUP_0169,106bc5a941d09b257b303f377fe216b63ea0ed1c825bda60ecdf7ad842f2b5b0,17766,IA_test_groupA/1组/角度.png
DUP_0169,106bc5a941d09b257b303f377fe216b63ea0ed1c825bda60ecdf7ad842f2b5b0,17766,免疫算法测试/1组/角度.png
DUP_0170,41a39490abe2161ed9db9a045ea4b9e3f97853fcd4c0aa31d3e8c6b66816876c,4640,IA_test/CLONALG/clonalg.m
DUP_0170,41a39490abe2161ed9db9a045ea4b9e3f97853fcd4c0aa31d3e8c6b66816876c,4640,IA_test_groupA/CLONALG/clonalg.m
DUP_0170,41a39490abe2161ed9db9a045ea4b9e3f97853fcd4c0aa31d3e8c6b66816876c,4640,免疫算法测试/CLONALG/clonalg.m
DUP_0171,9f859cb8b1e26fbd65c1054354a6ff628518f4e78fb5b6c8ccc658684473f9a1,213,IA_test/CLONALG/dejong1fcn.m
DUP_0171,9f859cb8b1e26fbd65c1054354a6ff628518f4e78fb5b6c8ccc658684473f9a1,213,IA_test_groupA/CLONALG/dejong1fcn.m
DUP_0171,9f859cb8b1e26fbd65c1054354a6ff628518f4e78fb5b6c8ccc658684473f9a1,213,免疫算法测试/CLONALG/dejong1fcn.m
DUP_0172,4e9d30791b7a01504380af8b684e19831bc9fb80cf5004026c84e54be81c4062,243,IA_test/CLONALG/rastriginfcn.m
DUP_0172,4e9d30791b7a01504380af8b684e19831bc9fb80cf5004026c84e54be81c4062,243,IA_test_groupA/CLONALG/rastriginfcn.m
DUP_0172,4e9d30791b7a01504380af8b684e19831bc9fb80cf5004026c84e54be81c4062,243,免疫算法测试/CLONALG/rastriginfcn.m
DUP_0173,762c5848e98862e3da720229a7a9068c2db48ce2b99ed139cb77ca28bdf9e9f6,55685,IA_test/新建文件夹/temp_airgap_scan.fem
DUP_0173,762c5848e98862e3da720229a7a9068c2db48ce2b99ed139cb77ca28bdf9e9f6,55685,IA_test_groupA/新建文件夹/temp_airgap_scan.fem
DUP_0173,762c5848e98862e3da720229a7a9068c2db48ce2b99ed139cb77ca28bdf9e9f6,55685,免疫算法测试/新建文件夹/temp_airgap_scan.fem
DUP_0174,18d1d2dd599d38921a4ca8bbac535ca7d0cf0e930eb19300c0c334ed25a7da2b,8554,IA_test/新建文件夹/untitled.fig
DUP_0174,18d1d2dd599d38921a4ca8bbac535ca7d0cf0e930eb19300c0c334ed25a7da2b,8554,IA_test_groupA/新建文件夹/untitled.fig
DUP_0174,18d1d2dd599d38921a4ca8bbac535ca7d0cf0e930eb19300c0c334ed25a7da2b,8554,免疫算法测试/新建文件夹/untitled.fig
DUP_0175,f614f22fa10554f672703c4b29557b41ff53862969ab4d38bd28ac935723dcf5,66233,IA_test/新建文件夹/屏幕截图 2025-12-16 041331.png
DUP_0175,f614f22fa10554f672703c4b29557b41ff53862969ab4d38bd28ac935723dcf5,66233,IA_test_groupA/新建文件夹/屏幕截图 2025-12-16 041331.png
DUP_0175,f614f22fa10554f672703c4b29557b41ff53862969ab4d38bd28ac935723dcf5,66233,免疫算法测试/新建文件夹/屏幕截图 2025-12-16 041331.png
DUP_0176,5203e29ae29419434e335cbe4569bfadfb4b0cbf196852c0b5aa8c0778f69209,21006,IA_test/新建文件夹/屏幕截图 2025-12-16 041402.png
DUP_0176,5203e29ae29419434e335cbe4569bfadfb4b0cbf196852c0b5aa8c0778f69209,21006,IA_test_groupA/新建文件夹/屏幕截图 2025-12-16 041402.png
DUP_0176,5203e29ae29419434e335cbe4569bfadfb4b0cbf196852c0b5aa8c0778f69209,21006,免疫算法测试/新建文件夹/屏幕截图 2025-12-16 041402.png
DUP_0177,370d9dbe89a196140a26720892589da8ba9ab6e2f3a7e1c43e63837d80d17bba,13383,IA_test/设计/blank.FEM
DUP_0177,370d9dbe89a196140a26720892589da8ba9ab6e2f3a7e1c43e63837d80d17bba,13383,IA_test_groupA/设计/blank.FEM
DUP_0177,370d9dbe89a196140a26720892589da8ba9ab6e2f3a7e1c43e63837d80d17bba,13383,免疫算法测试/设计/blank.FEM
DUP_0178,4ae4892a38c8c31464cb6271afd2531121c489041512350332f2a985ec8a2f27,7249957,IA_test_Float/best_J0.0924955_20260306_174158.ans
DUP_0178,4ae4892a38c8c31464cb6271afd2531121c489041512350332f2a985ec8a2f27,7249957,IA_test_Float/0305 900gen/best_J0.0924955_20260305_173935.ans
DUP_0179,9cbb27b37ed00188348bf9d1031fd1efbfe589ef4f971cc9f07c58d878740bb0,158863,IA_test_Float/best_J0.0924955_20260306_174158.fem
DUP_0179,9cbb27b37ed00188348bf9d1031fd1efbfe589ef4f971cc9f07c58d878740bb0,158863,IA_test_Float/0305 900gen/best_J0.0924955_20260305_173935.fem
DUP_0179,9cbb27b37ed00188348bf9d1031fd1efbfe589ef4f971cc9f07c58d878740bb0,158863,免疫算法测试/03.10/best_J0.0924955_20260306_174158.fem
DUP_0180,b84a85494a9f5fd96718a8aba711eda75eeca31397ca4ab5fb4486111b83102b,6676787,IA_test_Float/0228 70gen-140gen/best_J0.113564_20260228_180032.ans
DUP_0180,b84a85494a9f5fd96718a8aba711eda75eeca31397ca4ab5fb4486111b83102b,6676787,IA_test_Float/0228 70gen-140gen/best_J0.113564_20260301_172121.ans
DUP_0180,b84a85494a9f5fd96718a8aba711eda75eeca31397ca4ab5fb4486111b83102b,6676787,IA_test_Float/0228 70gen-140gen/best_J0.113564_20260301_224723.ans
DUP_0181,e82f6b1d342e8c850d957c9db3ffadb989147b925cbede62335fc81cc30d549c,146524,IA_test_Float/0228 70gen-140gen/best_J0.113564_20260228_180032.fem
DUP_0181,e82f6b1d342e8c850d957c9db3ffadb989147b925cbede62335fc81cc30d549c,146524,IA_test_Float/0228 70gen-140gen/best_J0.113564_20260301_172121.fem
DUP_0181,e82f6b1d342e8c850d957c9db3ffadb989147b925cbede62335fc81cc30d549c,146524,IA_test_Float/0228 70gen-140gen/best_J0.113564_20260301_224723.fem
DUP_0182,7e695b867b791a7e8caccf2ed5ec4c0d6f30cda6ac0c6cf9f32584878ceb5902,3979266,IA_test_Float/0228 70gen-140gen/best_J0.113564_20260228_180032.png
DUP_0182,7e695b867b791a7e8caccf2ed5ec4c0d6f30cda6ac0c6cf9f32584878ceb5902,3979266,IA_test_Float/0228 70gen-140gen/best_J0.113564_20260301_172121.png
DUP_0182,7e695b867b791a7e8caccf2ed5ec4c0d6f30cda6ac0c6cf9f32584878ceb5902,3979266,IA_test_Float/0228 70gen-140gen/best_J0.113564_20260301_224723.png
DUP_0183,a1df5a14c42d7bfe25053b3bdaa91d4feeff8a180a3b96b34d3ab764eabc8e26,7019971,IA_test_Float/0302 400gen-500gen/best_J0.0980357_20260302_213720.ans
DUP_0183,a1df5a14c42d7bfe25053b3bdaa91d4feeff8a180a3b96b34d3ab764eabc8e26,7019971,IA_test_Float/0303 700gen/best_J0.0980357_20260303_161511.ans
DUP_0184,9e5e210c20ba795683492d6e0864f53d0fb2cb4f9a24e6de0b36f16d03b4baf9,155344,IA_test_Float/0302 400gen-500gen/best_J0.0980357_20260302_213720.fem
DUP_0184,9e5e210c20ba795683492d6e0864f53d0fb2cb4f9a24e6de0b36f16d03b4baf9,155344,IA_test_Float/0303 700gen/best_J0.0980357_20260303_161511.fem
DUP_0185,44e93eced8ff6b7a3460feec813c01a1fe4f7e6d5a97eb2edd2bd7484ca40d79,133830,IA_test_group4/best_J0.123215_20260205_145651.fem
DUP_0185,44e93eced8ff6b7a3460feec813c01a1fe4f7e6d5a97eb2edd2bd7484ca40d79,133830,免疫算法测试/01.13/seed_bits_fine.FEM
DUP_0186,f61d90031db0a7ee4a0ae900d0330afae86da7c80aa35c468dce1d628397d232,6520117,IA_test_groupA/best_J0.112828_20260104_040221.ans
DUP_0186,f61d90031db0a7ee4a0ae900d0330afae86da7c80aa35c468dce1d628397d232,6520117,IA_test_groupA/0103 groupA/best_J0.112828_20260103_174233.ans
DUP_0187,90123e095781e7c54c604d5070ba50606cf543d2fcfe3284fa00617c6215df97,141724,IA_test_groupA/best_J0.112828_20260104_040221.fem
DUP_0187,90123e095781e7c54c604d5070ba50606cf543d2fcfe3284fa00617c6215df97,141724,IA_test_groupA/0103 groupA/best_J0.112828_20260103_174233.fem
DUP_0188,de2b1091aad5741f864f8106a84da1a2aa8a9375844ee7dd3df45f3be85bf1b3,9738,免疫算法测试/01.13/best.png
DUP_0188,de2b1091aad5741f864f8106a84da1a2aa8a9375844ee7dd3df45f3be85bf1b3,9738,免疫算法测试/03.10/group A 100gen.png
DUP_0189,e3b0c44298fc1c149afbf4c8996fb92427ae41e4649b934ca495991b7852b855,0,免疫算法测试/01.13/seed_bits_fine.ans
DUP_0189,e3b0c44298fc1c149afbf4c8996fb92427ae41e4649b934ca495991b7852b855,0,免疫算法测试/02.24/新建 DOCX 文档.docx
DUP_0190,d3e40e3d2a328f3ca9d92b1a6530748eda9d53d0967c298a76cc78ffe7b47314,9893,免疫算法测试/01.13/seed_fine.png
DUP_0190,d3e40e3d2a328f3ca9d92b1a6530748eda9d53d0967c298a76cc78ffe7b47314,9893,免疫算法测试/03.10/seed_fine.png
DUP_0191,e8c0d79043c59315004e62a1e3d14fb1beee3a8ae646dbdab28d53ec1e0c4699,9813,免疫算法测试/01.13/StrukturFemm.png
DUP_0191,e8c0d79043c59315004e62a1e3d14fb1beee3a8ae646dbdab28d53ec1e0c4699,9813,免疫算法测试/03.10/StrukturFemm.png
DUP_0192,20acbaa215122dfe2adb38883a0223ca4caf35643a9c65758730dfe46304dac9,27969,免疫算法测试/03.10/torque_table_word.docx
DUP_0192,20acbaa215122dfe2adb38883a0223ca4caf35643a9c65758730dfe46304dac9,27969,免疫算法测试/0414/torque_table_word.docx
DUP_0193,3db6024867fd7c6fcd6ba77b5b528ae036edb0739110d4c09a87f584ddddfd12,114195,免疫算法测试/0415/EET_Thesis_Word_Vorlage_deutsch.dotx
DUP_0193,3db6024867fd7c6fcd6ba77b5b528ae036edb0739110d4c09a87f584ddddfd12,114195,论文/EET_Thesis_Word_Vorlage_deutsch.dotx
DUP_0194,8ded357265860aac82ff780cd9fe3bb97fe37e8992bb2cbfed987d7d67917a83,198003,免疫算法测试/0415/方法1流程.png
DUP_0194,8ded357265860aac82ff780cd9fe3bb97fe37e8992bb2cbfed987d7d67917a83,198003,论文/方法1流程/方法1流程.png
DUP_0195,14c4b7ebf316209a84fc8fe5749efb6b1d26353a6e5472bf7fd894dead750d83,184739,免疫算法测试/0415/方法2流程.png
DUP_0195,14c4b7ebf316209a84fc8fe5749efb6b1d26353a6e5472bf7fd894dead750d83,184739,论文/方法2流程/方法2流程.png
DUP_0196,4118725d27ee68dc33930cc209c66ba889a56b6833582f1486a2e5c281499f9b,90463,免疫算法测试/0415/超变异示意图.png
DUP_0196,4118725d27ee68dc33930cc209c66ba889a56b6833582f1486a2e5c281499f9b,90463,论文/方法1流程/超变异示意图.png
DUP_0197,bcc689b0154ce5a2b01b9d6b4167f43e9948b7b1b466a9dcfd79d7a4b33098e3,483241,参考资料/10_shiyang-watanabe-2020-topology-optimization-of-rotor-design-in-switched-reluctance-motor-using-immune-algorithm.pdf
DUP_0197,bcc689b0154ce5a2b01b9d6b4167f43e9948b7b1b466a9dcfd79d7a4b33098e3,483241,资料/参考资料/10_shiyang-watanabe-2020-topology-optimization-of-rotor-design-in-switched-reluctance-motor-using-immune-algorithm.pdf
DUP_0198,b27fce4527c2f19a6f81d573b0cf6431613f2ea030c2a2da454ebfd8e720ae7e,385731,参考资料/1_Stator_teeth_shape_design_for_torque_ripple_reduction_in_surface-mounted_permanent_magnet_synchronous_motor.pdf
DUP_0198,b27fce4527c2f19a6f81d573b0cf6431613f2ea030c2a2da454ebfd8e720ae7e,385731,资料/参考资料/1_Stator_teeth_shape_design_for_torque_ripple_reduction_in_surface-mounted_permanent_magnet_synchronous_motor.pdf
DUP_0199,fcf94f507823047eae44679388134a1eebab1aeedce96bce2f22ad22d6a2f167,369664,参考资料/25.11.04.doc
DUP_0199,fcf94f507823047eae44679388134a1eebab1aeedce96bce2f22ad22d6a2f167,369664,资料/参考资料/25.11.04.doc
DUP_0200,5bf9514fb76e45fbb804804d7576d23c45f575448b3b2b3b8c3a90e5500750dc,2713464,参考资料/2_IET Electric Power Appl - 2018 - Wang - Cogging torque reduction by eccentric structure of teeth in external rotor.pdf
DUP_0200,5bf9514fb76e45fbb804804d7576d23c45f575448b3b2b3b8c3a90e5500750dc,2713464,资料/参考资料/2_IET Electric Power Appl - 2018 - Wang - Cogging torque reduction by eccentric structure of teeth in external rotor.pdf
DUP_0201,b64f509052551362f53e793a487c9d09f139e611d2b9964fca00a4a79c873c62,968636,参考资料/3_1601137(GA 转子).pdf
DUP_0201,b64f509052551362f53e793a487c9d09f139e611d2b9964fca00a4a79c873c62,968636,资料/参考资料/3_1601137(GA 转子).pdf
DUP_0202,eb23ca9bb7875b05d1ba4b12d961ca10ff65a6cf6b2d8860adaf94ededcd3ebf,1595197,参考资料/4_10_73（定子 IA NGnet）.pdf
DUP_0202,eb23ca9bb7875b05d1ba4b12d961ca10ff65a6cf6b2d8860adaf94ededcd3ebf,1595197,资料/参考资料/4_10_73（定子 IA NGnet）.pdf
DUP_0203,0a9cd97eddcf02a6a2dcd84f2817582e88137232eb26efb7c646916c74b39cc4,453994,参考资料/5_Topology_Optimization_of_the_Stator_for_Minimizing_Cogging_Torque_of_IPM_Motors.pdf
DUP_0203,0a9cd97eddcf02a6a2dcd84f2817582e88137232eb26efb7c646916c74b39cc4,453994,资料/参考资料/5_Topology_Optimization_of_the_Stator_for_Minimizing_Cogging_Torque_of_IPM_Motors.pdf
DUP_0204,45ae10fbe043662570458a65a02eaa32a0caf585eebf0cf950871feef3a0056c,897893,参考资料/6_Optimization_of_Stator_Core_Shape_to_Minimize_Harmonic_Current_in_Surface_Permanent_Magnet_Synchronous_Motor_Using_Topology_Optimization_Algorithm.pdf
DUP_0204,45ae10fbe043662570458a65a02eaa32a0caf585eebf0cf950871feef3a0056c,897893,资料/参考资料/6_Optimization_of_Stator_Core_Shape_to_Minimize_Harmonic_Current_in_Surface_Permanent_Magnet_Synchronous_Motor_Using_Topology_Optimization_Algorithm.pdf
DUP_0205,2ff3d1e5e001b237aa84682ecfba75d9443c3754762e72a4ea30bcc8292baf49,292988,参考资料/7_70041.pdf
DUP_0205,2ff3d1e5e001b237aa84682ecfba75d9443c3754762e72a4ea30bcc8292baf49,292988,资料/参考资料/7_70041.pdf
DUP_0206,6ae53fcb97841f3c6851add1e18646ce7349a0d41b9ecc75967c6c6e510b31a7,345441,参考资料/8_multimaterial-topology-optimization-of-electric-machines-4037b933z5.pdf
DUP_0206,6ae53fcb97841f3c6851add1e18646ce7349a0d41b9ecc75967c6c6e510b31a7,345441,资料/参考资料/8_multimaterial-topology-optimization-of-electric-machines-4037b933z5.pdf
DUP_0207,f206d5694dd32e9c53398b873253b30001b5796f8a218a3d18057250ddd9d106,781350,参考资料/9_PC-A1-17-2037d94.pdf
DUP_0207,f206d5694dd32e9c53398b873253b30001b5796f8a218a3d18057250ddd9d106,781350,资料/参考资料/9_PC-A1-17-2037d94.pdf
DUP_0208,92f15eb24270a712cd44bdc54af26af45abbcc310d42cdf05f33c49fb5bb833e,813858,参考资料/Design_Solutions_for_Reducing_the_Cogging_Torque_o.pdf
DUP_0208,92f15eb24270a712cd44bdc54af26af45abbcc310d42cdf05f33c49fb5bb833e,813858,资料/参考资料/Design_Solutions_for_Reducing_the_Cogging_Torque_o.pdf
DUP_0209,57d5aedc6493e81475ce77010b06e6b2aad4214502a23be20e82f4fcf84dd256,154780,参考资料/PMSM.png
DUP_0209,57d5aedc6493e81475ce77010b06e6b2aad4214502a23be20e82f4fcf84dd256,154780,资料/参考资料/PMSM.png
DUP_0210,2fefae196034773bda7b615337651b75bfd3a09d9b07caacac7e6d97af280b4f,209745,参考资料/PMSM2.png
DUP_0210,2fefae196034773bda7b615337651b75bfd3a09d9b07caacac7e6d97af280b4f,209745,资料/参考资料/PMSM2.png
DUP_0211,19f67c43c2fa707272d10f5690c1e5ed4bc9c779e178c258df4e394c1ce30a58,1051394,参考资料/s2.0-S0196890411002792-main.pdf
DUP_0211,19f67c43c2fa707272d10f5690c1e5ed4bc9c779e178c258df4e394c1ce30a58,1051394,资料/参考资料/s2.0-S0196890411002792-main.pdf
DUP_0212,e57ce12ae0095656033ab7d8d2a3b7fdb31705b2674a6f552f8e26d865b92d38,113527,参考资料/Siemens电机数据（带转矩脉动）.pdf
DUP_0212,e57ce12ae0095656033ab7d8d2a3b7fdb31705b2674a6f552f8e26d865b92d38,113527,资料/参考资料/Siemens电机数据（带转矩脉动）.pdf
DUP_0213,224b599f489c064b60ac346b7aebcfdce2834dbdea091e034b923c45cba888d6,111517,参考资料/v2-bce9fca83a63bfc77d3022c03d60b595_1440w.jpg
DUP_0213,224b599f489c064b60ac346b7aebcfdce2834dbdea091e034b923c45cba888d6,111517,资料/参考资料/v2-bce9fca83a63bfc77d3022c03d60b595_1440w.jpg
DUP_0214,b4c4be61d78881e6aeea45a26255d766c68fe7cc67990ee6b044c7915d3e41bf,724559,参考资料/屏幕截图 2025-10-27 190954.png
DUP_0214,b4c4be61d78881e6aeea45a26255d766c68fe7cc67990ee6b044c7915d3e41bf,724559,资料/参考资料/屏幕截图 2025-10-27 190954.png
DUP_0215,8a92949fdb9d7edb734e9d5db4a1d3ec05567c7500dece29ce49ea3f7753917c,2849280,参考资料/论文总结.doc
DUP_0215,8a92949fdb9d7edb734e9d5db4a1d3ec05567c7500dece29ce49ea3f7753917c,2849280,资料/参考资料/论文总结.doc
DUP_0216,0453d31b556e0ef732ebe3b442258cdfef4be4629c462267cc3c9b7f1f6b370b,2414676,参考资料/论文总结.pdf
DUP_0216,0453d31b556e0ef732ebe3b442258cdfef4be4629c462267cc3c9b7f1f6b370b,2414676,资料/参考资料/论文总结.pdf
DUP_0217,c1316897e66e5224669de3be272616c8fc9205fdb45dd74e2e1ca84f1953d406,69120,参考资料/论文总结2.doc
DUP_0217,c1316897e66e5224669de3be272616c8fc9205fdb45dd74e2e1ca84f1953d406,69120,资料/参考资料/论文总结2.doc
DUP_0218,3aa6cf004400263d175bf10184a7d4a526a3defb6e2fb61de295dd937cc24487,1368,论文/方法1流程/初始1.aseprite
DUP_0218,3aa6cf004400263d175bf10184a7d4a526a3defb6e2fb61de295dd937cc24487,1368,论文/方法2流程/初始1.aseprite
DUP_0219,9b9c8beea86567f3951252998e65f04e84fd2fe6cdcca463a971f2c96e5bd4d9,656,论文/方法1流程/择优更新，随机移民与精英保留.aseprite
DUP_0219,9b9c8beea86567f3951252998e65f04e84fd2fe6cdcca463a971f2c96e5bd4d9,656,论文/方法1流程/精英保留与随机移民加入.aseprite
