relative_path,absolute_path,reader,version,read_status,variable_count,candidate_count,error
CLONALG/best_result_0103_groupB_5gen.mat,C:\Users\26096\Desktop\em\FP\CLONALG\best_result_0103_groupB_5gen.mat,scipy.io,MATLAB v5-v7.2,ok,87,7,
CLONALG/best_result_0104_groupA_15gen.mat,C:\Users\26096\Desktop\em\FP\CLONALG\best_result_0104_groupA_15gen.mat,scipy.io,MATLAB v5-v7.2,ok,87,7,
CLONALG/best_result_0104_groupB_15gen.mat,C:\Users\26096\Desktop\em\FP\CLONALG\best_result_0104_groupB_15gen.mat,scipy.io,MATLAB v5-v7.2,ok,87,7,
CLONALG/best_result_0107_groupA2_25gen.mat,C:\Users\26096\Desktop\em\FP\CLONALG\best_result_0107_groupA2_25gen.mat,scipy.io,MATLAB v5-v7.2,ok,87,7,
CLONALG/best_result_0109_groupA2_35gen.mat,C:\Users\26096\Desktop\em\FP\CLONALG\best_result_0109_groupA2_35gen.mat,scipy.io,MATLAB v5-v7.2,ok,87,7,
CLONALG/best_result_0118_groupA2_100gen.mat,C:\Users\26096\Desktop\em\FP\CLONALG\best_result_0118_groupA2_100gen.mat,scipy.io,MATLAB v5-v7.2,ok,87,7,
CLONALG/best_result_0119_groupA2_120gen.mat,C:\Users\26096\Desktop\em\FP\CLONALG\best_result_0119_groupA2_120gen.mat,scipy.io,MATLAB v5-v7.2,ok,87,7,
CLONALG/best_result_0120_groupA2_120gen.mat,C:\Users\26096\Desktop\em\FP\CLONALG\best_result_0120_groupA2_120gen.mat,scipy.io,MATLAB v5-v7.2,ok,87,7,
CLONALG/best_result_0122_groupN_10gen.mat,C:\Users\26096\Desktop\em\FP\CLONALG\best_result_0122_groupN_10gen.mat,scipy.io,MATLAB v5-v7.2,ok,87,7,
CLONALG/best_result_0123_groupN_20gen.mat,C:\Users\26096\Desktop\em\FP\CLONALG\best_result_0123_groupN_20gen.mat,scipy.io,MATLAB v5-v7.2,ok,87,7,
CLONALG/best_result_0126_groupN_30gen.mat,C:\Users\26096\Desktop\em\FP\CLONALG\best_result_0126_groupN_30gen.mat,scipy.io,MATLAB v5-v7.2,ok,87,7,
CLONALG/best_result_0128_groupN_40gen.mat,C:\Users\26096\Desktop\em\FP\CLONALG\best_result_0128_groupN_40gen.mat,scipy.io,MATLAB v5-v7.2,ok,87,7,
CLONALG/best_result_0129_groupN_50gen.mat,C:\Users\26096\Desktop\em\FP\CLONALG\best_result_0129_groupN_50gen.mat,scipy.io,MATLAB v5-v7.2,ok,87,7,
CLONALG/best_result_0201_groupN_65gen.mat,C:\Users\26096\Desktop\em\FP\CLONALG\best_result_0201_groupN_65gen.mat,scipy.io,MATLAB v5-v7.2,ok,87,7,
CLONALG/best_result_0204_groupN_100gen.mat,C:\Users\26096\Desktop\em\FP\CLONALG\best_result_0204_groupN_100gen.mat,scipy.io,MATLAB v5-v7.2,ok,87,7,
CLONALG/best_result_0227_groupF_30gen.mat,C:\Users\26096\Desktop\em\FP\CLONALG\best_result_0227_groupF_30gen.mat,scipy.io,MATLAB v5-v7.2,ok,100,7,
CLONALG/best_result_0228_groupF_50gen.mat,C:\Users\26096\Desktop\em\FP\CLONALG\best_result_0228_groupF_50gen.mat,scipy.io,MATLAB v5-v7.2,ok,100,7,
CLONALG/best_result_0228_groupF_70gen.mat,C:\Users\26096\Desktop\em\FP\CLONALG\best_result_0228_groupF_70gen.mat,scipy.io,MATLAB v5-v7.2,ok,100,7,
CLONALG/best_result_0302_groupF_160gen.mat,C:\Users\26096\Desktop\em\FP\CLONALG\best_result_0302_groupF_160gen.mat,scipy.io,MATLAB v5-v7.2,ok,100,7,
CLONALG/best_result_0302_groupF_300gen.mat,C:\Users\26096\Desktop\em\FP\CLONALG\best_result_0302_groupF_300gen.mat,scipy.io,MATLAB v5-v7.2,ok,100,7,
CLONALG/best_result_0302_groupF_400gen.mat,C:\Users\26096\Desktop\em\FP\CLONALG\best_result_0302_groupF_400gen.mat,scipy.io,MATLAB v5-v7.2,ok,100,7,
CLONALG/best_result_0303_groupF_700gen.mat,C:\Users\26096\Desktop\em\FP\CLONALG\best_result_0303_groupF_700gen.mat,scipy.io,MATLAB v5-v7.2,ok,100,7,
CLONALG/best_result_0304_groupF_800gen.mat,C:\Users\26096\Desktop\em\FP\CLONALG\best_result_0304_groupF_800gen.mat,scipy.io,MATLAB v5-v7.2,ok,100,7,
CLONALG/best_result_0305_groupF_900gen.mat,C:\Users\26096\Desktop\em\FP\CLONALG\best_result_0305_groupF_900gen.mat,scipy.io,MATLAB v5-v7.2,ok,100,7,
CLONALG/best_result_0306_groupF_1000gen.mat,C:\Users\26096\Desktop\em\FP\CLONALG\best_result_0306_groupF_1000gen.mat,scipy.io,MATLAB v5-v7.2,ok,100,7,
CLONALG/best_result_20251231_192359.mat,C:\Users\26096\Desktop\em\FP\CLONALG\best_result_20251231_192359.mat,scipy.io,MATLAB v5-v7.2,ok,87,7,
CLONALG/best_result_group4 100gen.mat,C:\Users\26096\Desktop\em\FP\CLONALG\best_result_group4 100gen.mat,scipy.io,MATLAB v5-v7.2,ok,87,7,
CLONALG/seed_bits_0_15deg.mat,C:\Users\26096\Desktop\em\FP\CLONALG\seed_bits_0_15deg.mat,scipy.io,MATLAB v5-v7.2,ok,1,0,
CLONALG/seed_bits_0_15deg_1.mat,C:\Users\26096\Desktop\em\FP\CLONALG\seed_bits_0_15deg_1.mat,scipy.io,MATLAB v5-v7.2,ok,16,0,
CLONALG/seed_bits_1230_10gen.mat,C:\Users\26096\Desktop\em\FP\CLONALG\seed_bits_1230_10gen.mat,scipy.io,MATLAB v5-v7.2,ok,16,0,
CLONALG/seed_bits_1230_20gen.mat,C:\Users\26096\Desktop\em\FP\CLONALG\seed_bits_1230_20gen.mat,scipy.io,MATLAB v5-v7.2,ok,16,0,
CLONALG/seed_bits_1230_30gen.mat,C:\Users\26096\Desktop\em\FP\CLONALG\seed_bits_1230_30gen.mat,scipy.io,MATLAB v5-v7.2,ok,16,0,
CLONALG/seed_bits_filter.mat,C:\Users\26096\Desktop\em\FP\CLONALG\seed_bits_filter.mat,scipy.io,MATLAB v5-v7.2,ok,16,0,
CLONALG/seed_bits_fine.mat,C:\Users\26096\Desktop\em\FP\CLONALG\seed_bits_fine.mat,scipy.io,MATLAB v5-v7.2,ok,16,0,
CLONALG/seed_bits_fine_groupB_5gen.mat,C:\Users\26096\Desktop\em\FP\CLONALG\seed_bits_fine_groupB_5gen.mat,scipy.io,MATLAB v5-v7.2,ok,16,0,
IA_test/best_bits_coarse.mat,C:\Users\26096\Desktop\em\FP\IA_test\best_bits_coarse.mat,scipy.io,MATLAB v5-v7.2,ok,84,5,
IA_test/best_result_20251224_164638.mat,C:\Users\26096\Desktop\em\FP\IA_test\best_result_20251224_164638.mat,scipy.io,MATLAB v5-v7.2,ok,87,7,
IA_test/best_result_20251225_164109.mat,C:\Users\26096\Desktop\em\FP\IA_test\best_result_20251225_164109.mat,scipy.io,MATLAB v5-v7.2,ok,87,7,
IA_test/best_result_20251225_205212.mat,C:\Users\26096\Desktop\em\FP\IA_test\best_result_20251225_205212.mat,scipy.io,MATLAB v5-v7.2,ok,87,7,
IA_test/best_result_20251228_164352.mat,C:\Users\26096\Desktop\em\FP\IA_test\best_result_20251228_164352.mat,scipy.io,MATLAB v5-v7.2,ok,87,7,
IA_test/best_result_20251229_005752.mat,C:\Users\26096\Desktop\em\FP\IA_test\best_result_20251229_005752.mat,scipy.io,MATLAB v5-v7.2,ok,87,7,
IA_test/best_result_20251229_211603.mat,C:\Users\26096\Desktop\em\FP\IA_test\best_result_20251229_211603.mat,scipy.io,MATLAB v5-v7.2,ok,87,7,
IA_test/best_result_20260103_045247.mat,C:\Users\26096\Desktop\em\FP\IA_test\best_result_20260103_045247.mat,scipy.io,MATLAB v5-v7.2,ok,87,7,
IA_test/best_result_20260105_193139.mat,C:\Users\26096\Desktop\em\FP\IA_test\best_result_20260105_193139.mat,scipy.io,MATLAB v5-v7.2,ok,87,7,
IA_test/best_result_20260106_151138.mat,C:\Users\26096\Desktop\em\FP\IA_test\best_result_20260106_151138.mat,scipy.io,MATLAB v5-v7.2,ok,87,7,
IA_test/best_result_20260106_224059.mat,C:\Users\26096\Desktop\em\FP\IA_test\best_result_20260106_224059.mat,scipy.io,MATLAB v5-v7.2,ok,87,7,
IA_test/best_result_20260108_181234.mat,C:\Users\26096\Desktop\em\FP\IA_test\best_result_20260108_181234.mat,scipy.io,MATLAB v5-v7.2,ok,87,7,
IA_test/best_result_20260108_231323.mat,C:\Users\26096\Desktop\em\FP\IA_test\best_result_20260108_231323.mat,scipy.io,MATLAB v5-v7.2,ok,87,7,
IA_test/best_result_20260110_195804.mat,C:\Users\26096\Desktop\em\FP\IA_test\best_result_20260110_195804.mat,scipy.io,MATLAB v5-v7.2,ok,87,7,
IA_test/best_result_20260111_184658.mat,C:\Users\26096\Desktop\em\FP\IA_test\best_result_20260111_184658.mat,scipy.io,MATLAB v5-v7.2,ok,87,7,
IA_test/best_result_20260112_211205.mat,C:\Users\26096\Desktop\em\FP\IA_test\best_result_20260112_211205.mat,scipy.io,MATLAB v5-v7.2,ok,87,7,
IA_test/best_result_20260113_190201.mat,C:\Users\26096\Desktop\em\FP\IA_test\best_result_20260113_190201.mat,scipy.io,MATLAB v5-v7.2,ok,87,7,
IA_test/best_result_20260116_163434.mat,C:\Users\26096\Desktop\em\FP\IA_test\best_result_20260116_163434.mat,scipy.io,MATLAB v5-v7.2,ok,87,7,
IA_test/best_result_20260116_200125.mat,C:\Users\26096\Desktop\em\FP\IA_test\best_result_20260116_200125.mat,scipy.io,MATLAB v5-v7.2,ok,87,7,
IA_test/best_result_20260117_234227.mat,C:\Users\26096\Desktop\em\FP\IA_test\best_result_20260117_234227.mat,scipy.io,MATLAB v5-v7.2,ok,87,7,
IA_test/best_result_20260118_224448.mat,C:\Users\26096\Desktop\em\FP\IA_test\best_result_20260118_224448.mat,scipy.io,MATLAB v5-v7.2,ok,87,7,
IA_test/best_result_20260118_224518.mat,C:\Users\26096\Desktop\em\FP\IA_test\best_result_20260118_224518.mat,scipy.io,MATLAB v5-v7.2,ok,87,7,
IA_test/0103 groupB/best_bits_coarse.mat,C:\Users\26096\Desktop\em\FP\IA_test\0103 groupB\best_bits_coarse.mat,scipy.io,MATLAB v5-v7.2,ok,84,5,
IA_test/0103 groupB/best_result_20260103_164233.mat,C:\Users\26096\Desktop\em\FP\IA_test\0103 groupB\best_result_20260103_164233.mat,scipy.io,MATLAB v5-v7.2,ok,87,7,
IA_test/0104 groupA/best_bits_coarse.mat,C:\Users\26096\Desktop\em\FP\IA_test\0104 groupA\best_bits_coarse.mat,scipy.io,MATLAB v5-v7.2,ok,84,5,
IA_test/0104 groupA/best_result_20260105_081953.mat,C:\Users\26096\Desktop\em\FP\IA_test\0104 groupA\best_result_20260105_081953.mat,scipy.io,MATLAB v5-v7.2,ok,87,7,
IA_test/0104 groupB/best_bits_coarse.mat,C:\Users\26096\Desktop\em\FP\IA_test\0104 groupB\best_bits_coarse.mat,scipy.io,MATLAB v5-v7.2,ok,84,5,
IA_test/0104 groupB/best_result_20260104_150857.mat,C:\Users\26096\Desktop\em\FP\IA_test\0104 groupB\best_result_20260104_150857.mat,scipy.io,MATLAB v5-v7.2,ok,87,7,
IA_test/0107 groupA2/best_bits_coarse.mat,C:\Users\26096\Desktop\em\FP\IA_test\0107 groupA2\best_bits_coarse.mat,scipy.io,MATLAB v5-v7.2,ok,84,5,
IA_test/0107 groupA2/best_result_20260107_145512.mat,C:\Users\26096\Desktop\em\FP\IA_test\0107 groupA2\best_result_20260107_145512.mat,scipy.io,MATLAB v5-v7.2,ok,87,7,
IA_test/0109 groupA2 best/best_bits_coarse.mat,C:\Users\26096\Desktop\em\FP\IA_test\0109 groupA2 best\best_bits_coarse.mat,scipy.io,MATLAB v5-v7.2,ok,84,5,
IA_test/0109 groupA2 best/best_result_group4 100gen.mat,C:\Users\26096\Desktop\em\FP\IA_test\0109 groupA2 best\best_result_group4 100gen.mat,scipy.io,MATLAB v5-v7.2,ok,87,7,
IA_test/0118 groupA2/best_bits_coarse.mat,C:\Users\26096\Desktop\em\FP\IA_test\0118 groupA2\best_bits_coarse.mat,scipy.io,MATLAB v5-v7.2,ok,84,5,
IA_test/0118 groupA2/best_result_20260118_222549.mat,C:\Users\26096\Desktop\em\FP\IA_test\0118 groupA2\best_result_20260118_222549.mat,scipy.io,MATLAB v5-v7.2,ok,87,7,
IA_test/0119 groupA2 存在悬浮铁/best_bits_coarse.mat,C:\Users\26096\Desktop\em\FP\IA_test\0119 groupA2 存在悬浮铁\best_bits_coarse.mat,scipy.io,MATLAB v5-v7.2,ok,84,5,
IA_test/0119 groupA2 存在悬浮铁/best_result_20260119_234704.mat,C:\Users\26096\Desktop\em\FP\IA_test\0119 groupA2 存在悬浮铁\best_result_20260119_234704.mat,scipy.io,MATLAB v5-v7.2,ok,87,7,
IA_test/0120/best_bits_coarse.mat,C:\Users\26096\Desktop\em\FP\IA_test\0120\best_bits_coarse.mat,scipy.io,MATLAB v5-v7.2,ok,84,5,
IA_test/0120/best_result_20260121_013313.mat,C:\Users\26096\Desktop\em\FP\IA_test\0120\best_result_20260121_013313.mat,scipy.io,MATLAB v5-v7.2,ok,87,7,
IA_test/12.21 N3G10/matlab.mat,C:\Users\26096\Desktop\em\FP\IA_test\12.21 N3G10\matlab.mat,scipy.io,MATLAB v5-v7.2,error,0,0,TypeError: 'NoneType' object is not iterable
IA_test/1225/best_result_20251225_205238.mat,C:\Users\26096\Desktop\em\FP\IA_test\1225\best_result_20251225_205238.mat,scipy.io,MATLAB v5-v7.2,ok,87,7,
IA_test/1226/best_result_20251226_165530.mat,C:\Users\26096\Desktop\em\FP\IA_test\1226\best_result_20251226_165530.mat,scipy.io,MATLAB v5-v7.2,ok,87,7,
IA_test/1227.1/best_result_20251227_151645.mat,C:\Users\26096\Desktop\em\FP\IA_test\1227.1\best_result_20251227_151645.mat,scipy.io,MATLAB v5-v7.2,ok,87,7,
IA_test/1227.2/best_result_20251228_001658.mat,C:\Users\26096\Desktop\em\FP\IA_test\1227.2\best_result_20251228_001658.mat,scipy.io,MATLAB v5-v7.2,ok,87,7,
IA_test/1229/best_bits_coarse.mat,C:\Users\26096\Desktop\em\FP\IA_test\1229\best_bits_coarse.mat,scipy.io,MATLAB v5-v7.2,ok,84,5,
IA_test/1229/best_result_20251229_221434.mat,C:\Users\26096\Desktop\em\FP\IA_test\1229\best_result_20251229_221434.mat,scipy.io,MATLAB v5-v7.2,ok,87,7,
IA_test/1230/best_bits_coarse.mat,C:\Users\26096\Desktop\em\FP\IA_test\1230\best_bits_coarse.mat,scipy.io,MATLAB v5-v7.2,ok,84,5,
IA_test/1230/best_result_20251230_130901.mat,C:\Users\26096\Desktop\em\FP\IA_test\1230\best_result_20251230_130901.mat,scipy.io,MATLAB v5-v7.2,ok,87,7,
IA_test/1230.2/best_bits_coarse.mat,C:\Users\26096\Desktop\em\FP\IA_test\1230.2\best_bits_coarse.mat,scipy.io,MATLAB v5-v7.2,ok,84,5,
IA_test/1230.2/best_result_20251230_165105.mat,C:\Users\26096\Desktop\em\FP\IA_test\1230.2\best_result_20251230_165105.mat,scipy.io,MATLAB v5-v7.2,ok,87,7,
IA_test/1230.3/best_bits_coarse.mat,C:\Users\26096\Desktop\em\FP\IA_test\1230.3\best_bits_coarse.mat,scipy.io,MATLAB v5-v7.2,ok,84,5,
IA_test/1230.3/best_result_20251230_212929.mat,C:\Users\26096\Desktop\em\FP\IA_test\1230.3\best_result_20251230_212929.mat,scipy.io,MATLAB v5-v7.2,ok,87,7,
IA_test/1231/best_bits_coarse.mat,C:\Users\26096\Desktop\em\FP\IA_test\1231\best_bits_coarse.mat,scipy.io,MATLAB v5-v7.2,ok,84,5,
IA_test/1231/best_result_20251231_192359.mat,C:\Users\26096\Desktop\em\FP\IA_test\1231\best_result_20251231_192359.mat,scipy.io,MATLAB v5-v7.2,ok,87,7,
IA_test/无优化组/best_bits_coarse.mat,C:\Users\26096\Desktop\em\FP\IA_test\无优化组\best_bits_coarse.mat,scipy.io,MATLAB v5-v7.2,ok,84,5,
IA_test/无优化组/best_result_20251224_164638.mat,C:\Users\26096\Desktop\em\FP\IA_test\无优化组\best_result_20251224_164638.mat,scipy.io,MATLAB v5-v7.2,ok,87,7,
IA_test/无优化组/best_result_20251225_164109.mat,C:\Users\26096\Desktop\em\FP\IA_test\无优化组\best_result_20251225_164109.mat,scipy.io,MATLAB v5-v7.2,ok,87,7,
IA_test/无优化组/best_result_20251225_205212.mat,C:\Users\26096\Desktop\em\FP\IA_test\无优化组\best_result_20251225_205212.mat,scipy.io,MATLAB v5-v7.2,ok,87,7,
IA_test/无优化组/best_result_20251228_164352.mat,C:\Users\26096\Desktop\em\FP\IA_test\无优化组\best_result_20251228_164352.mat,scipy.io,MATLAB v5-v7.2,ok,87,7,
IA_test/无优化组/best_result_20251229_005752.mat,C:\Users\26096\Desktop\em\FP\IA_test\无优化组\best_result_20251229_005752.mat,scipy.io,MATLAB v5-v7.2,ok,87,7,
IA_test/无优化组/best_result_20251229_211603.mat,C:\Users\26096\Desktop\em\FP\IA_test\无优化组\best_result_20251229_211603.mat,scipy.io,MATLAB v5-v7.2,ok,87,7,
IA_test/无优化组/best_result_20260103_045247.mat,C:\Users\26096\Desktop\em\FP\IA_test\无优化组\best_result_20260103_045247.mat,scipy.io,MATLAB v5-v7.2,ok,87,7,
IA_test/无优化组/best_result_20260103_182158.mat,C:\Users\26096\Desktop\em\FP\IA_test\无优化组\best_result_20260103_182158.mat,scipy.io,MATLAB v5-v7.2,ok,87,7,
IA_test/无优化组/best_result_20260103_223049.mat,C:\Users\26096\Desktop\em\FP\IA_test\无优化组\best_result_20260103_223049.mat,scipy.io,MATLAB v5-v7.2,ok,87,7,
IA_test/无优化组/best_result_20260104_040203.mat,C:\Users\26096\Desktop\em\FP\IA_test\无优化组\best_result_20260104_040203.mat,scipy.io,MATLAB v5-v7.2,ok,87,7,
IA_test/无优化组/best_result_20260105_011544.mat,C:\Users\26096\Desktop\em\FP\IA_test\无优化组\best_result_20260105_011544.mat,scipy.io,MATLAB v5-v7.2,ok,87,7,
IA_test_Float/best_bits_coarse.mat,C:\Users\26096\Desktop\em\FP\IA_test_Float\best_bits_coarse.mat,scipy.io,MATLAB v5-v7.2,ok,97,5,
IA_test_Float/best_result_20260306_174158.mat,C:\Users\26096\Desktop\em\FP\IA_test_Float\best_result_20260306_174158.mat,scipy.io,MATLAB v5-v7.2,ok,100,7,
IA_test_Float/trace_all_20260306_174158.mat,C:\Users\26096\Desktop\em\FP\IA_test_Float\trace_all_20260306_174158.mat,h5py,MATLAB v7.3/HDF5,ok,112,6,
IA_test_Float/0227 30gen/best_bits_coarse.mat,C:\Users\26096\Desktop\em\FP\IA_test_Float\0227 30gen\best_bits_coarse.mat,scipy.io,MATLAB v5-v7.2,ok,97,5,
IA_test_Float/0227 30gen/best_result_20260227_112826.mat,C:\Users\26096\Desktop\em\FP\IA_test_Float\0227 30gen\best_result_20260227_112826.mat,scipy.io,MATLAB v5-v7.2,ok,100,7,
IA_test_Float/0227 30gen/best_result_20260227_120121.mat,C:\Users\26096\Desktop\em\FP\IA_test_Float\0227 30gen\best_result_20260227_120121.mat,scipy.io,MATLAB v5-v7.2,ok,100,7,
IA_test_Float/0227 30gen/best_result_20260227_125153.mat,C:\Users\26096\Desktop\em\FP\IA_test_Float\0227 30gen\best_result_20260227_125153.mat,scipy.io,MATLAB v5-v7.2,ok,100,7,
IA_test_Float/0227 30gen/trace_all_20260227_112826.mat,C:\Users\26096\Desktop\em\FP\IA_test_Float\0227 30gen\trace_all_20260227_112826.mat,h5py,MATLAB v7.3/HDF5,ok,112,6,
IA_test_Float/0227 30gen/trace_all_20260227_120121.mat,C:\Users\26096\Desktop\em\FP\IA_test_Float\0227 30gen\trace_all_20260227_120121.mat,h5py,MATLAB v7.3/HDF5,ok,112,6,
IA_test_Float/0227 30gen/trace_all_20260227_125153.mat,C:\Users\26096\Desktop\em\FP\IA_test_Float\0227 30gen\trace_all_20260227_125153.mat,h5py,MATLAB v7.3/HDF5,ok,112,6,
IA_test_Float/0228 50gen/best_bits_coarse.mat,C:\Users\26096\Desktop\em\FP\IA_test_Float\0228 50gen\best_bits_coarse.mat,scipy.io,MATLAB v5-v7.2,ok,97,5,
IA_test_Float/0228 50gen/best_result_20260228_124726.mat,C:\Users\26096\Desktop\em\FP\IA_test_Float\0228 50gen\best_result_20260228_124726.mat,scipy.io,MATLAB v5-v7.2,ok,100,7,
IA_test_Float/0228 50gen/trace_all_20260228_124726.mat,C:\Users\26096\Desktop\em\FP\IA_test_Float\0228 50gen\trace_all_20260228_124726.mat,h5py,MATLAB v7.3/HDF5,ok,112,6,
IA_test_Float/0228 70gen-140gen/best_bits_coarse.mat,C:\Users\26096\Desktop\em\FP\IA_test_Float\0228 70gen-140gen\best_bits_coarse.mat,scipy.io,MATLAB v5-v7.2,ok,97,5,
IA_test_Float/0228 70gen-140gen/best_result_20260228_180032.mat,C:\Users\26096\Desktop\em\FP\IA_test_Float\0228 70gen-140gen\best_result_20260228_180032.mat,scipy.io,MATLAB v5-v7.2,ok,100,7,
IA_test_Float/0228 70gen-140gen/best_result_20260301_172121.mat,C:\Users\26096\Desktop\em\FP\IA_test_Float\0228 70gen-140gen\best_result_20260301_172121.mat,scipy.io,MATLAB v5-v7.2,ok,100,7,
IA_test_Float/0228 70gen-140gen/best_result_20260301_202152.mat,C:\Users\26096\Desktop\em\FP\IA_test_Float\0228 70gen-140gen\best_result_20260301_202152.mat,scipy.io,MATLAB v5-v7.2,ok,100,7,
IA_test_Float/0228 70gen-140gen/best_result_20260301_224723.mat,C:\Users\26096\Desktop\em\FP\IA_test_Float\0228 70gen-140gen\best_result_20260301_224723.mat,scipy.io,MATLAB v5-v7.2,ok,100,7,
IA_test_Float/0228 70gen-140gen/trace_all_20260228_180032.mat,C:\Users\26096\Desktop\em\FP\IA_test_Float\0228 70gen-140gen\trace_all_20260228_180032.mat,h5py,MATLAB v7.3/HDF5,ok,112,6,
IA_test_Float/0228 70gen-140gen/trace_all_20260301_172121.mat,C:\Users\26096\Desktop\em\FP\IA_test_Float\0228 70gen-140gen\trace_all_20260301_172121.mat,h5py,MATLAB v7.3/HDF5,ok,112,6,
IA_test_Float/0228 70gen-140gen/trace_all_20260301_202152.mat,C:\Users\26096\Desktop\em\FP\IA_test_Float\0228 70gen-140gen\trace_all_20260301_202152.mat,h5py,MATLAB v7.3/HDF5,ok,112,6,
IA_test_Float/0228 70gen-140gen/trace_all_20260301_224723.mat,C:\Users\26096\Desktop\em\FP\IA_test_Float\0228 70gen-140gen\trace_all_20260301_224723.mat,h5py,MATLAB v7.3/HDF5,ok,112,6,
IA_test_Float/0302 160gen-200gen/best_bits_coarse.mat,C:\Users\26096\Desktop\em\FP\IA_test_Float\0302 160gen-200gen\best_bits_coarse.mat,scipy.io,MATLAB v5-v7.2,ok,97,5,
IA_test_Float/0302 160gen-200gen/best_result_20260302_114631.mat,C:\Users\26096\Desktop\em\FP\IA_test_Float\0302 160gen-200gen\best_result_20260302_114631.mat,scipy.io,MATLAB v5-v7.2,ok,100,7,
IA_test_Float/0302 160gen-200gen/trace_all_20260302_114631.mat,C:\Users\26096\Desktop\em\FP\IA_test_Float\0302 160gen-200gen\trace_all_20260302_114631.mat,h5py,MATLAB v7.3/HDF5,ok,112,6,
IA_test_Float/0302 300gen/best_bits_coarse.mat,C:\Users\26096\Desktop\em\FP\IA_test_Float\0302 300gen\best_bits_coarse.mat,scipy.io,MATLAB v5-v7.2,ok,97,5,
IA_test_Float/0302 300gen/best_result_20260302_173331.mat,C:\Users\26096\Desktop\em\FP\IA_test_Float\0302 300gen\best_result_20260302_173331.mat,scipy.io,MATLAB v5-v7.2,ok,100,7,
IA_test_Float/0302 300gen/trace_all_20260302_173331.mat,C:\Users\26096\Desktop\em\FP\IA_test_Float\0302 300gen\trace_all_20260302_173331.mat,h5py,MATLAB v7.3/HDF5,ok,112,6,
IA_test_Float/0302 400gen-500gen/best_bits_coarse.mat,C:\Users\26096\Desktop\em\FP\IA_test_Float\0302 400gen-500gen\best_bits_coarse.mat,scipy.io,MATLAB v5-v7.2,ok,97,5,
IA_test_Float/0302 400gen-500gen/best_result_20260302_213720.mat,C:\Users\26096\Desktop\em\FP\IA_test_Float\0302 400gen-500gen\best_result_20260302_213720.mat,scipy.io,MATLAB v5-v7.2,ok,100,7,
IA_test_Float/0302 400gen-500gen/trace_all_20260302_213720.mat,C:\Users\26096\Desktop\em\FP\IA_test_Float\0302 400gen-500gen\trace_all_20260302_213720.mat,h5py,MATLAB v7.3/HDF5,ok,112,6,
IA_test_Float/0303 700gen/best_bits_coarse.mat,C:\Users\26096\Desktop\em\FP\IA_test_Float\0303 700gen\best_bits_coarse.mat,scipy.io,MATLAB v5-v7.2,ok,97,5,
IA_test_Float/0303 700gen/best_result_20260303_161511.mat,C:\Users\26096\Desktop\em\FP\IA_test_Float\0303 700gen\best_result_20260303_161511.mat,scipy.io,MATLAB v5-v7.2,ok,100,7,
IA_test_Float/0303 700gen/best_result_20260303_215010.mat,C:\Users\26096\Desktop\em\FP\IA_test_Float\0303 700gen\best_result_20260303_215010.mat,scipy.io,MATLAB v5-v7.2,ok,100,7,
IA_test_Float/0303 700gen/trace_all_20260303_161511.mat,C:\Users\26096\Desktop\em\FP\IA_test_Float\0303 700gen\trace_all_20260303_161511.mat,h5py,MATLAB v7.3/HDF5,ok,112,6,
IA_test_Float/0303 700gen/trace_all_20260303_215010.mat,C:\Users\26096\Desktop\em\FP\IA_test_Float\0303 700gen\trace_all_20260303_215010.mat,h5py,MATLAB v7.3/HDF5,ok,112,6,
IA_test_Float/0304 800gen/best_bits_coarse.mat,C:\Users\26096\Desktop\em\FP\IA_test_Float\0304 800gen\best_bits_coarse.mat,scipy.io,MATLAB v5-v7.2,ok,97,5,
IA_test_Float/0304 800gen/best_result_20260304_220254.mat,C:\Users\26096\Desktop\em\FP\IA_test_Float\0304 800gen\best_result_20260304_220254.mat,scipy.io,MATLAB v5-v7.2,ok,100,7,
IA_test_Float/0304 800gen/trace_all_20260304_220254.mat,C:\Users\26096\Desktop\em\FP\IA_test_Float\0304 800gen\trace_all_20260304_220254.mat,h5py,MATLAB v7.3/HDF5,ok,112,6,
IA_test_Float/0305 900gen/best_bits_coarse.mat,C:\Users\26096\Desktop\em\FP\IA_test_Float\0305 900gen\best_bits_coarse.mat,scipy.io,MATLAB v5-v7.2,ok,97,5,
IA_test_Float/0305 900gen/best_result_20260305_173935.mat,C:\Users\26096\Desktop\em\FP\IA_test_Float\0305 900gen\best_result_20260305_173935.mat,scipy.io,MATLAB v5-v7.2,ok,100,7,
IA_test_Float/0305 900gen/trace_all_20260305_173935.mat,C:\Users\26096\Desktop\em\FP\IA_test_Float\0305 900gen\trace_all_20260305_173935.mat,h5py,MATLAB v7.3/HDF5,ok,112,6,
IA_test_group4/best_bits_coarse.mat,C:\Users\26096\Desktop\em\FP\IA_test_group4\best_bits_coarse.mat,scipy.io,MATLAB v5-v7.2,ok,84,5,
IA_test_group4/best_result_20260203_184421.mat,C:\Users\26096\Desktop\em\FP\IA_test_group4\best_result_20260203_184421.mat,scipy.io,MATLAB v5-v7.2,ok,87,7,
IA_test_group4/best_result_20260205_145651.mat,C:\Users\26096\Desktop\em\FP\IA_test_group4\best_result_20260205_145651.mat,scipy.io,MATLAB v5-v7.2,ok,104,7,
IA_test_group4/best_result_20260205_172915.mat,C:\Users\26096\Desktop\em\FP\IA_test_group4\best_result_20260205_172915.mat,scipy.io,MATLAB v5-v7.2,ok,104,7,
IA_test_group4/trace_all_20260205_145651.mat,C:\Users\26096\Desktop\em\FP\IA_test_group4\trace_all_20260205_145651.mat,h5py,MATLAB v7.3/HDF5,ok,93,6,
IA_test_group4/trace_all_20260205_152548.mat,C:\Users\26096\Desktop\em\FP\IA_test_group4\trace_all_20260205_152548.mat,h5py,MATLAB v7.3/HDF5,ok,94,6,
IA_test_group4/trace_all_20260205_172915.mat,C:\Users\26096\Desktop\em\FP\IA_test_group4\trace_all_20260205_172915.mat,h5py,MATLAB v7.3/HDF5,ok,94,6,
IA_test_groupA/best_bits_coarse.mat,C:\Users\26096\Desktop\em\FP\IA_test_groupA\best_bits_coarse.mat,scipy.io,MATLAB v5-v7.2,ok,84,5,
IA_test_groupA/best_result_20251224_164638.mat,C:\Users\26096\Desktop\em\FP\IA_test_groupA\best_result_20251224_164638.mat,scipy.io,MATLAB v5-v7.2,ok,87,7,
IA_test_groupA/best_result_20251225_164109.mat,C:\Users\26096\Desktop\em\FP\IA_test_groupA\best_result_20251225_164109.mat,scipy.io,MATLAB v5-v7.2,ok,87,7,
IA_test_groupA/best_result_20251225_205212.mat,C:\Users\26096\Desktop\em\FP\IA_test_groupA\best_result_20251225_205212.mat,scipy.io,MATLAB v5-v7.2,ok,87,7,
IA_test_groupA/best_result_20251228_164352.mat,C:\Users\26096\Desktop\em\FP\IA_test_groupA\best_result_20251228_164352.mat,scipy.io,MATLAB v5-v7.2,ok,87,7,
IA_test_groupA/best_result_20251229_005752.mat,C:\Users\26096\Desktop\em\FP\IA_test_groupA\best_result_20251229_005752.mat,scipy.io,MATLAB v5-v7.2,ok,87,7,
IA_test_groupA/best_result_20251229_211603.mat,C:\Users\26096\Desktop\em\FP\IA_test_groupA\best_result_20251229_211603.mat,scipy.io,MATLAB v5-v7.2,ok,87,7,
IA_test_groupA/best_result_20260103_045247.mat,C:\Users\26096\Desktop\em\FP\IA_test_groupA\best_result_20260103_045247.mat,scipy.io,MATLAB v5-v7.2,ok,87,7,
IA_test_groupA/best_result_20260104_040221.mat,C:\Users\26096\Desktop\em\FP\IA_test_groupA\best_result_20260104_040221.mat,scipy.io,MATLAB v5-v7.2,ok,87,7,
IA_test_groupA/best_result_20260107_221145.mat,C:\Users\26096\Desktop\em\FP\IA_test_groupA\best_result_20260107_221145.mat,scipy.io,MATLAB v5-v7.2,ok,87,7,
IA_test_groupA/0103 groupA/best_bits_coarse.mat,C:\Users\26096\Desktop\em\FP\IA_test_groupA\0103 groupA\best_bits_coarse.mat,scipy.io,MATLAB v5-v7.2,ok,84,5,
IA_test_groupA/0103 groupA/best_result_20260103_174233.mat,C:\Users\26096\Desktop\em\FP\IA_test_groupA\0103 groupA\best_result_20260103_174233.mat,scipy.io,MATLAB v5-v7.2,ok,87,7,
IA_test_groupA/0104 groupA/best_bits_coarse.mat,C:\Users\26096\Desktop\em\FP\IA_test_groupA\0104 groupA\best_bits_coarse.mat,scipy.io,MATLAB v5-v7.2,ok,84,5,
IA_test_groupA/0104 groupA/best_result_20260105_081953.mat,C:\Users\26096\Desktop\em\FP\IA_test_groupA\0104 groupA\best_result_20260105_081953.mat,scipy.io,MATLAB v5-v7.2,ok,87,7,
IA_test_groupA/1225/best_result_20251225_205238.mat,C:\Users\26096\Desktop\em\FP\IA_test_groupA\1225\best_result_20251225_205238.mat,scipy.io,MATLAB v5-v7.2,ok,87,7,
IA_test_groupA/1226/best_result_20251226_165530.mat,C:\Users\26096\Desktop\em\FP\IA_test_groupA\1226\best_result_20251226_165530.mat,scipy.io,MATLAB v5-v7.2,ok,87,7,
IA_test_groupA/1227.1/best_result_20251227_151645.mat,C:\Users\26096\Desktop\em\FP\IA_test_groupA\1227.1\best_result_20251227_151645.mat,scipy.io,MATLAB v5-v7.2,ok,87,7,
IA_test_groupA/1227.2/best_result_20251228_001658.mat,C:\Users\26096\Desktop\em\FP\IA_test_groupA\1227.2\best_result_20251228_001658.mat,scipy.io,MATLAB v5-v7.2,ok,87,7,
IA_test_groupA/1229/best_bits_coarse.mat,C:\Users\26096\Desktop\em\FP\IA_test_groupA\1229\best_bits_coarse.mat,scipy.io,MATLAB v5-v7.2,ok,84,5,
IA_test_groupA/1229/best_result_20251229_221434.mat,C:\Users\26096\Desktop\em\FP\IA_test_groupA\1229\best_result_20251229_221434.mat,scipy.io,MATLAB v5-v7.2,ok,87,7,
IA_test_groupA/1230/best_bits_coarse.mat,C:\Users\26096\Desktop\em\FP\IA_test_groupA\1230\best_bits_coarse.mat,scipy.io,MATLAB v5-v7.2,ok,84,5,
IA_test_groupA/1230/best_result_20251230_130901.mat,C:\Users\26096\Desktop\em\FP\IA_test_groupA\1230\best_result_20251230_130901.mat,scipy.io,MATLAB v5-v7.2,ok,87,7,
IA_test_groupA/1230.2/best_bits_coarse.mat,C:\Users\26096\Desktop\em\FP\IA_test_groupA\1230.2\best_bits_coarse.mat,scipy.io,MATLAB v5-v7.2,ok,84,5,
IA_test_groupA/1230.2/best_result_20251230_165105.mat,C:\Users\26096\Desktop\em\FP\IA_test_groupA\1230.2\best_result_20251230_165105.mat,scipy.io,MATLAB v5-v7.2,ok,87,7,
IA_test_groupA/1230.3/best_bits_coarse.mat,C:\Users\26096\Desktop\em\FP\IA_test_groupA\1230.3\best_bits_coarse.mat,scipy.io,MATLAB v5-v7.2,ok,84,5,
IA_test_groupA/1230.3/best_result_20251230_212929.mat,C:\Users\26096\Desktop\em\FP\IA_test_groupA\1230.3\best_result_20251230_212929.mat,scipy.io,MATLAB v5-v7.2,ok,87,7,
IA_test_groupA/1231/best_bits_coarse.mat,C:\Users\26096\Desktop\em\FP\IA_test_groupA\1231\best_bits_coarse.mat,scipy.io,MATLAB v5-v7.2,ok,84,5,
IA_test_groupA/1231/best_result_20251231_192359.mat,C:\Users\26096\Desktop\em\FP\IA_test_groupA\1231\best_result_20251231_192359.mat,scipy.io,MATLAB v5-v7.2,ok,87,7,
IA_test_N/best_result_20260125_163246.mat,C:\Users\26096\Desktop\em\FP\IA_test_N\best_result_20260125_163246.mat,scipy.io,MATLAB v5-v7.2,ok,87,7,
IA_test_N/best_result_20260127_175045.mat,C:\Users\26096\Desktop\em\FP\IA_test_N\best_result_20260127_175045.mat,scipy.io,MATLAB v5-v7.2,ok,87,7,
IA_test_N/best_result_20260202_153442.mat,C:\Users\26096\Desktop\em\FP\IA_test_N\best_result_20260202_153442.mat,scipy.io,MATLAB v5-v7.2,ok,87,7,
IA_test_N/best_result_20260203_125234.mat,C:\Users\26096\Desktop\em\FP\IA_test_N\best_result_20260203_125234.mat,scipy.io,MATLAB v5-v7.2,ok,87,7,
IA_test_N/best_result_20260204_123506.mat,C:\Users\26096\Desktop\em\FP\IA_test_N\best_result_20260204_123506.mat,scipy.io,MATLAB v5-v7.2,ok,87,7,
IA_test_N/0122/best_bits_coarse.mat,C:\Users\26096\Desktop\em\FP\IA_test_N\0122\best_bits_coarse.mat,scipy.io,MATLAB v5-v7.2,ok,84,5,
IA_test_N/0122/best_result_20260123_014838.mat,C:\Users\26096\Desktop\em\FP\IA_test_N\0122\best_result_20260123_014838.mat,scipy.io,MATLAB v5-v7.2,ok,87,7,
IA_test_N/0123/best_bits_coarse.mat,C:\Users\26096\Desktop\em\FP\IA_test_N\0123\best_bits_coarse.mat,scipy.io,MATLAB v5-v7.2,ok,84,5,
IA_test_N/0123/best_result_20260124_024015.mat,C:\Users\26096\Desktop\em\FP\IA_test_N\0123\best_result_20260124_024015.mat,scipy.io,MATLAB v5-v7.2,ok,87,7,
IA_test_N/0126/best_bits_coarse.mat,C:\Users\26096\Desktop\em\FP\IA_test_N\0126\best_bits_coarse.mat,scipy.io,MATLAB v5-v7.2,ok,84,5,
IA_test_N/0126/best_result_20260126_220103.mat,C:\Users\26096\Desktop\em\FP\IA_test_N\0126\best_result_20260126_220103.mat,scipy.io,MATLAB v5-v7.2,ok,87,7,
IA_test_N/0128/best_bits_coarse.mat,C:\Users\26096\Desktop\em\FP\IA_test_N\0128\best_bits_coarse.mat,scipy.io,MATLAB v5-v7.2,ok,84,5,
IA_test_N/0128/best_result_20260128_213005.mat,C:\Users\26096\Desktop\em\FP\IA_test_N\0128\best_result_20260128_213005.mat,scipy.io,MATLAB v5-v7.2,ok,87,7,
IA_test_N/0129/best_bits_coarse.mat,C:\Users\26096\Desktop\em\FP\IA_test_N\0129\best_bits_coarse.mat,scipy.io,MATLAB v5-v7.2,ok,84,5,
IA_test_N/0129/best_result_20260130_025912.mat,C:\Users\26096\Desktop\em\FP\IA_test_N\0129\best_result_20260130_025912.mat,scipy.io,MATLAB v5-v7.2,ok,87,7,
IA_test_N/0201/best_bits_coarse.mat,C:\Users\26096\Desktop\em\FP\IA_test_N\0201\best_bits_coarse.mat,scipy.io,MATLAB v5-v7.2,ok,84,5,
IA_test_N/0201/best_result_20260201_151024.mat,C:\Users\26096\Desktop\em\FP\IA_test_N\0201\best_result_20260201_151024.mat,scipy.io,MATLAB v5-v7.2,ok,87,7,
IA_test_N/0204 100gen/best_bits_coarse.mat,C:\Users\26096\Desktop\em\FP\IA_test_N\0204 100gen\best_bits_coarse.mat,scipy.io,MATLAB v5-v7.2,ok,84,5,
IA_test_N/0204 100gen/best_result_20260205_123957.mat,C:\Users\26096\Desktop\em\FP\IA_test_N\0204 100gen\best_result_20260205_123957.mat,scipy.io,MATLAB v5-v7.2,ok,87,7,
