model_id,evaluation_set,target,metric,mean,std
logical6x20/small_cnn_v2,full_validation,both,standardized_mse,0.018038361892276537,0.0
logical6x20/small_cnn_v2,full_validation,tavg,mae,0.009255197830498219,0.0
logical6x20/small_cnn_v2,full_validation,tavg,rmse,0.01380886510014534,0.0
logical6x20/small_cnn_v2,full_validation,tavg,r2,0.9984820485115051,0.0
logical6x20/small_cnn_v2,full_validation,tavg,normalized_mae_by_actual_range,0.004489338491111994,0.0
logical6x20/small_cnn_v2,full_validation,tavg,bias,0.0015571893891319633,0.0
logical6x20/small_cnn_v2,full_validation,tavg,calibration_slope_predicted_vs_actual,0.9872834218141009,0.0
logical6x20/small_cnn_v2,full_validation,tavg,calibration_intercept_nm,0.04096288123941639,0.0
logical6x20/small_cnn_v2,full_validation,tavg,absolute_error_p50,0.006737947463989258,0.0
logical6x20/small_cnn_v2,full_validation,tavg,absolute_error_p90,0.018706750124692917,0.0
logical6x20/small_cnn_v2,full_validation,tavg,absolute_error_p95,0.02463841438293457,0.0
logical6x20/small_cnn_v2,full_validation,tavg,fraction_absolute_error_le_0_05_nm,0.987505784359093,0.0
logical6x20/small_cnn_v2,full_validation,tavg,fraction_absolute_error_le_0_10_nm,0.999074502545118,0.0
logical6x20/small_cnn_v2,full_validation,delta_t,mae,0.026349470019340515,0.0
logical6x20/small_cnn_v2,full_validation,delta_t,rmse,0.03555154427886009,0.0
logical6x20/small_cnn_v2,full_validation,delta_t,r2,0.9662819504737854,0.0
logical6x20/small_cnn_v2,full_validation,delta_t,normalized_mae_by_actual_range,0.016613611951470375,0.0
logical6x20/small_cnn_v2,full_validation,delta_t,bias,0.0025466105435043573,0.0
logical6x20/small_cnn_v2,full_validation,delta_t,calibration_slope_predicted_vs_actual,0.9367738721232821,0.0
logical6x20/small_cnn_v2,full_validation,delta_t,calibration_intercept_nm,0.0283947020340958,0.0
logical6x20/small_cnn_v2,full_validation,delta_t,absolute_error_p50,0.02038636803627014,0.0
logical6x20/small_cnn_v2,full_validation,delta_t,absolute_error_p90,0.05695140361785889,0.0
logical6x20/small_cnn_v2,full_validation,delta_t,absolute_error_p95,0.07118640840053558,0.0
logical6x20/small_cnn_v2,full_validation,delta_t,fraction_absolute_error_le_0_05_nm,0.8653401203146691,0.0
logical6x20/small_cnn_v2,full_validation,delta_t,fraction_absolute_error_le_0_10_nm,0.9871972852074656,0.0
logical6x20/small_cnn_v2,full_test,both,standardized_mse,0.019566634024187055,0.0
logical6x20/small_cnn_v2,full_test,tavg,mae,0.009256134094986745,0.0
logical6x20/small_cnn_v2,full_test,tavg,rmse,0.014450388047612787,0.0
logical6x20/small_cnn_v2,full_test,tavg,r2,0.9983555645138382,0.0
logical6x20/small_cnn_v2,full_test,tavg,normalized_mae_by_actual_range,0.00438074842973574,0.0
logical6x20/small_cnn_v2,full_test,tavg,bias,0.0017798686862341255,0.0
logical6x20/small_cnn_v2,full_test,tavg,calibration_slope_predicted_vs_actual,0.9887339036440107,0.0
logical6x20/small_cnn_v2,full_test,tavg,calibration_intercept_nm,0.03669800439172684,0.0
logical6x20/small_cnn_v2,full_test,tavg,absolute_error_p50,0.006529092788696289,0.0
logical6x20/small_cnn_v2,full_test,tavg,absolute_error_p90,0.01872725486755372,0.0
logical6x20/small_cnn_v2,full_test,tavg,absolute_error_p95,0.025695610046386715,0.0
logical6x20/small_cnn_v2,full_test,tavg,fraction_absolute_error_le_0_05_nm,0.987505784359093,0.0
logical6x20/small_cnn_v2,full_test,tavg,fraction_absolute_error_le_0_10_nm,0.9983032546660496,0.0
logical6x20/small_cnn_v2,full_test,delta_t,mae,0.027189958917608274,0.0
logical6x20/small_cnn_v2,full_test,delta_t,rmse,0.03701930943244038,0.0
logical6x20/small_cnn_v2,full_test,delta_t,r2,0.9630123726797074,0.0
logical6x20/small_cnn_v2,full_test,delta_t,normalized_mae_by_actual_range,0.019674877576336625,0.0
logical6x20/small_cnn_v2,full_test,delta_t,bias,0.003428296409127853,0.0
logical6x20/small_cnn_v2,full_test,delta_t,calibration_slope_predicted_vs_actual,0.9356200176921765,0.0
logical6x20/small_cnn_v2,full_test,delta_t,calibration_intercept_nm,0.029580930795008828,0.0
logical6x20/small_cnn_v2,full_test,delta_t,absolute_error_p50,0.020735204219818115,0.0
logical6x20/small_cnn_v2,full_test,delta_t,absolute_error_p90,0.05834760069847108,0.0
logical6x20/small_cnn_v2,full_test,delta_t,absolute_error_p95,0.07425864338874816,0.0
logical6x20/small_cnn_v2,full_test,delta_t,fraction_absolute_error_le_0_05_nm,0.8563936449174765,0.0
logical6x20/small_cnn_v2,full_test,delta_t,fraction_absolute_error_le_0_10_nm,0.9844207928428197,0.0
logical6x20/mini_inception_v2,full_validation,both,standardized_mse,0.026937286504970258,0.0
logical6x20/mini_inception_v2,full_validation,tavg,mae,0.01960853487253189,0.0
logical6x20/mini_inception_v2,full_validation,tavg,rmse,0.042131207883358,0.0
logical6x20/mini_inception_v2,full_validation,tavg,r2,0.985869824886322,0.0
logical6x20/mini_inception_v2,full_validation,tavg,normalized_mae_by_actual_range,0.009511342272162437,0.0
logical6x20/mini_inception_v2,full_validation,tavg,bias,-0.009091162122786045,0.0
logical6x20/mini_inception_v2,full_validation,tavg,calibration_slope_predicted_vs_actual,0.9466546432232323,0.0
logical6x20/mini_inception_v2,full_validation,tavg,calibration_intercept_nm,0.1562135817494242,0.0
logical6x20/mini_inception_v2,full_validation,tavg,absolute_error_p50,0.008859634399414062,0.0
logical6x20/mini_inception_v2,full_validation,tavg,absolute_error_p90,0.03992118686437607,0.0
logical6x20/mini_inception_v2,full_validation,tavg,absolute_error_p95,0.08827812969684601,0.0
logical6x20/mini_inception_v2,full_validation,tavg,fraction_absolute_error_le_0_05_nm,0.9156254820299244,0.0
logical6x20/mini_inception_v2,full_validation,tavg,fraction_absolute_error_le_0_10_nm,0.9566558691963597,0.0
logical6x20/mini_inception_v2,full_validation,delta_t,mae,0.02885146252810955,0.0
logical6x20/mini_inception_v2,full_validation,delta_t,rmse,0.03821069002151489,0.0
logical6x20/mini_inception_v2,full_validation,delta_t,r2,0.9610493183135986,0.0
logical6x20/mini_inception_v2,full_validation,delta_t,normalized_mae_by_actual_range,0.0181911438703537,0.0
logical6x20/mini_inception_v2,full_validation,delta_t,bias,0.0030846872832626104,0.0
logical6x20/mini_inception_v2,full_validation,delta_t,calibration_slope_predicted_vs_actual,0.9336564650439748,0.0
logical6x20/mini_inception_v2,full_validation,delta_t,calibration_intercept_nm,0.030207236661722845,0.0
logical6x20/mini_inception_v2,full_validation,delta_t,absolute_error_p50,0.022556304931640625,0.0
logical6x20/mini_inception_v2,full_validation,delta_t,absolute_error_p90,0.06019177287817001,0.0
logical6x20/mini_inception_v2,full_validation,delta_t,absolute_error_p95,0.07496243715286255,0.0
logical6x20/mini_inception_v2,full_validation,delta_t,fraction_absolute_error_le_0_05_nm,0.8361869504858862,0.0
logical6x20/mini_inception_v2,full_validation,delta_t,fraction_absolute_error_le_0_10_nm,0.984266543267006,0.0
logical6x20/mini_inception_v2,full_test,both,standardized_mse,0.028121429490859363,0.0
logical6x20/mini_inception_v2,full_test,tavg,mae,0.019685344785778276,0.0
logical6x20/mini_inception_v2,full_test,tavg,rmse,0.042056398932265135,0.0
logical6x20/mini_inception_v2,full_test,tavg,r2,0.9860709342671607,0.0
logical6x20/mini_inception_v2,full_test,tavg,normalized_mae_by_actual_range,0.009316691220561701,0.0
logical6x20/mini_inception_v2,full_test,tavg,bias,-0.008659937527744965,0.0
logical6x20/mini_inception_v2,full_test,tavg,calibration_slope_predicted_vs_actual,0.9465454071831648,0.0
logical6x20/mini_inception_v2,full_test,tavg,calibration_intercept_nm,0.15701721160011653,0.0
logical6x20/mini_inception_v2,full_test,tavg,absolute_error_p50,0.008881568908691406,0.0
logical6x20/mini_inception_v2,full_test,tavg,absolute_error_p90,0.04092478752136231,0.0
logical6x20/mini_inception_v2,full_test,tavg,absolute_error_p95,0.08805994987487789,0.0
logical6x20/mini_inception_v2,full_test,tavg,fraction_absolute_error_le_0_05_nm,0.9133117383927194,0.0
logical6x20/mini_inception_v2,full_test,tavg,fraction_absolute_error_le_0_10_nm,0.957427117075428,0.0
logical6x20/mini_inception_v2,full_test,delta_t,mae,0.029308833811071834,0.0
logical6x20/mini_inception_v2,full_test,delta_t,rmse,0.03935001371711249,0.0
logical6x20/mini_inception_v2,full_test,delta_t,r2,0.9582083398888995,0.0
logical6x20/mini_inception_v2,full_test,delta_t,normalized_mae_by_actual_range,0.021208112850975867,0.0
logical6x20/mini_inception_v2,full_test,delta_t,bias,0.003842779652569078,0.0
logical6x20/mini_inception_v2,full_test,delta_t,calibration_slope_predicted_vs_actual,0.9322665107522482,0.0
logical6x20/mini_inception_v2,full_test,delta_t,calibration_intercept_nm,0.03135768593984827,0.0
logical6x20/mini_inception_v2,full_test,delta_t,absolute_error_p50,0.022876203060150146,0.0
logical6x20/mini_inception_v2,full_test,delta_t,absolute_error_p90,0.06188853979110718,0.0
logical6x20/mini_inception_v2,full_test,delta_t,absolute_error_p95,0.07818584963679309,0.0
logical6x20/mini_inception_v2,full_test,delta_t,fraction_absolute_error_le_0_05_nm,0.8334104581212401,0.0
logical6x20/mini_inception_v2,full_test,delta_t,fraction_absolute_error_le_0_10_nm,0.9780965602344593,0.0
xy90_224/vgg16_v2,full_validation,both,standardized_mse,0.00613121250175289,0.0
xy90_224/vgg16_v2,full_validation,tavg,mae,0.008243782445788383,0.0
xy90_224/vgg16_v2,full_validation,tavg,rmse,0.013532067649066448,0.0
xy90_224/vgg16_v2,full_validation,tavg,r2,0.998542308807373,0.0
xy90_224/vgg16_v2,full_validation,tavg,normalized_mae_by_actual_range,0.0039987401105463505,0.0
xy90_224/vgg16_v2,full_validation,tavg,bias,0.003648729994893074,0.0
xy90_224/vgg16_v2,full_validation,tavg,calibration_slope_predicted_vs_actual,0.9832432445418202,0.0
xy90_224/vgg16_v2,full_validation,tavg,calibration_intercept_nm,0.0555739832031206,0.0
xy90_224/vgg16_v2,full_validation,tavg,absolute_error_p50,0.0054705142974853516,0.0
xy90_224/vgg16_v2,full_validation,tavg,absolute_error_p90,0.01668705977499485,0.0
xy90_224/vgg16_v2,full_validation,tavg,absolute_error_p95,0.022991180419921875,0.0
xy90_224/vgg16_v2,full_validation,tavg,fraction_absolute_error_le_0_05_nm,0.9839580441153787,0.0
xy90_224/vgg16_v2,full_validation,tavg,fraction_absolute_error_le_0_10_nm,0.999074502545118,0.0
xy90_224/vgg16_v2,full_validation,delta_t,mae,0.012865190394222736,0.0
xy90_224/vgg16_v2,full_validation,delta_t,rmse,0.01989157311618328,0.0
xy90_224/vgg16_v2,full_validation,delta_t,r2,0.989444375038147,0.0
xy90_224/vgg16_v2,full_validation,delta_t,normalized_mae_by_actual_range,0.00811163429170847,0.0
xy90_224/vgg16_v2,full_validation,delta_t,bias,-0.0014210568042472005,0.0
xy90_224/vgg16_v2,full_validation,delta_t,calibration_slope_predicted_vs_actual,0.9828686153585326,0.0
xy90_224/vgg16_v2,full_validation,delta_t,calibration_intercept_nm,0.005582592094103655,0.0
xy90_224/vgg16_v2,full_validation,delta_t,absolute_error_p50,0.009547069668769836,0.0
xy90_224/vgg16_v2,full_validation,delta_t,absolute_error_p90,0.02548828162252903,0.0
xy90_224/vgg16_v2,full_validation,delta_t,absolute_error_p95,0.03272117301821709,0.0
xy90_224/vgg16_v2,full_validation,delta_t,fraction_absolute_error_le_0_05_nm,0.9822612987814283,0.0
xy90_224/vgg16_v2,full_validation,delta_t,fraction_absolute_error_le_0_10_nm,0.9942927656948943,0.0
xy90_224/vgg16_v2,full_test,both,standardized_mse,0.00725425016090662,0.0
xy90_224/vgg16_v2,full_test,tavg,mae,0.008474296264289504,0.0
xy90_224/vgg16_v2,full_test,tavg,rmse,0.013892159442464809,0.0
xy90_224/vgg16_v2,full_test,tavg,r2,0.998480161859596,0.0
xy90_224/vgg16_v2,full_test,tavg,normalized_mae_by_actual_range,0.004010719774793286,0.0
xy90_224/vgg16_v2,full_test,tavg,bias,0.0038258800825807173,0.0
xy90_224/vgg16_v2,full_test,tavg,calibration_slope_predicted_vs_actual,0.9836103331564082,0.0
xy90_224/vgg16_v2,full_test,tavg,calibration_intercept_nm,0.05462400863827345,0.0
xy90_224/vgg16_v2,full_test,tavg,absolute_error_p50,0.005641937255859375,0.0
xy90_224/vgg16_v2,full_test,tavg,absolute_error_p90,0.017301654815673834,0.0
xy90_224/vgg16_v2,full_test,tavg,absolute_error_p95,0.02470707893371582,0.0
xy90_224/vgg16_v2,full_test,tavg,fraction_absolute_error_le_0_05_nm,0.9864260373283974,0.0
xy90_224/vgg16_v2,full_test,tavg,fraction_absolute_error_le_0_10_nm,0.9983032546660496,0.0
xy90_224/vgg16_v2,full_test,delta_t,mae,0.013302492857848203,0.0
xy90_224/vgg16_v2,full_test,delta_t,rmse,0.02179303267532958,0.0
xy90_224/vgg16_v2,full_test,delta_t,r2,0.9871815596418129,0.0
xy90_224/vgg16_v2,full_test,delta_t,normalized_mae_by_actual_range,0.009625793081605655,0.0
xy90_224/vgg16_v2,full_test,delta_t,bias,-0.0007113972140070135,0.0
xy90_224/vgg16_v2,full_test,delta_t,calibration_slope_predicted_vs_actual,0.9816295643160203,0.0
xy90_224/vgg16_v2,full_test,delta_t,calibration_intercept_nm,0.0067510976598706566,0.0
xy90_224/vgg16_v2,full_test,delta_t,absolute_error_p50,0.00957643985748291,0.0
xy90_224/vgg16_v2,full_test,delta_t,absolute_error_p90,0.026155459880828867,0.0
xy90_224/vgg16_v2,full_test,delta_t,absolute_error_p95,0.033545225858688354,0.0
xy90_224/vgg16_v2,full_test,delta_t,fraction_absolute_error_le_0_05_nm,0.9804103038716644,0.0
xy90_224/vgg16_v2,full_test,delta_t,fraction_absolute_error_le_0_10_nm,0.993521517815826,0.0
polar90_224/vgg16_v2,full_validation,both,standardized_mse,0.005224786694759922,0.0
polar90_224/vgg16_v2,full_validation,tavg,mae,0.006412123795598745,0.0
polar90_224/vgg16_v2,full_validation,tavg,rmse,0.011521878652274609,0.0
polar90_224/vgg16_v2,full_validation,tavg,r2,0.9989432096481323,0.0
polar90_224/vgg16_v2,full_validation,tavg,normalized_mae_by_actual_range,0.003110273275524378,0.0
polar90_224/vgg16_v2,full_validation,tavg,bias,0.0016038453904911876,0.0
polar90_224/vgg16_v2,full_validation,tavg,calibration_slope_predicted_vs_actual,0.9962616014539555,0.0
polar90_224/vgg16_v2,full_validation,tavg,calibration_intercept_nm,0.013188265311470364,0.0
polar90_224/vgg16_v2,full_validation,tavg,absolute_error_p50,0.0041790008544921875,0.0
polar90_224/vgg16_v2,full_validation,tavg,absolute_error_p90,0.011897278018295765,0.0
polar90_224/vgg16_v2,full_validation,tavg,absolute_error_p95,0.017270565032958984,0.0
polar90_224/vgg16_v2,full_validation,tavg,fraction_absolute_error_le_0_05_nm,0.988431281813975,0.0
polar90_224/vgg16_v2,full_validation,tavg,fraction_absolute_error_le_0_10_nm,0.9987660033934906,0.0
polar90_224/vgg16_v2,full_validation,delta_t,mae,0.01152037177234888,0.0
polar90_224/vgg16_v2,full_validation,delta_t,rmse,0.0185434240847826,0.0
polar90_224/vgg16_v2,full_validation,delta_t,r2,0.9908267259597778,0.0
polar90_224/vgg16_v2,full_validation,delta_t,normalized_mae_by_actual_range,0.007263712584972382,0.0
polar90_224/vgg16_v2,full_validation,delta_t,bias,-0.000847957911901176,0.0
polar90_224/vgg16_v2,full_validation,delta_t,calibration_slope_predicted_vs_actual,0.9852602719587106,0.0
polar90_224/vgg16_v2,full_validation,delta_t,calibration_intercept_nm,0.005177934497972121,0.0
polar90_224/vgg16_v2,full_validation,delta_t,absolute_error_p50,0.008270800113677979,0.0
polar90_224/vgg16_v2,full_validation,delta_t,absolute_error_p90,0.023124385625123978,0.0
polar90_224/vgg16_v2,full_validation,delta_t,absolute_error_p95,0.03004857525229454,0.0
polar90_224/vgg16_v2,full_validation,delta_t,fraction_absolute_error_le_0_05_nm,0.984729291994447,0.0
polar90_224/vgg16_v2,full_validation,delta_t,fraction_absolute_error_le_0_10_nm,0.993984266543267,0.0
polar90_224/vgg16_v2,full_test,both,standardized_mse,0.006491925872930022,0.0
polar90_224/vgg16_v2,full_test,tavg,mae,0.006515256990423619,0.0
polar90_224/vgg16_v2,full_test,tavg,rmse,0.01204536067238548,0.0
polar90_224/vgg16_v2,full_test,tavg,r2,0.9988573915335063,0.0
polar90_224/vgg16_v2,full_test,tavg,normalized_mae_by_actual_range,0.003083544548644954,0.0
polar90_224/vgg16_v2,full_test,tavg,bias,0.0016485692431267335,0.0
polar90_224/vgg16_v2,full_test,tavg,calibration_slope_predicted_vs_actual,0.99713154063645,0.0
polar90_224/vgg16_v2,full_test,tavg,calibration_intercept_nm,0.010539071344050894,0.0
polar90_224/vgg16_v2,full_test,tavg,absolute_error_p50,0.004191398620605469,0.0
polar90_224/vgg16_v2,full_test,tavg,absolute_error_p90,0.01207728385925293,0.0
polar90_224/vgg16_v2,full_test,tavg,absolute_error_p95,0.017833685874938963,0.0
polar90_224/vgg16_v2,full_test,tavg,fraction_absolute_error_le_0_05_nm,0.988894030541416,0.0
polar90_224/vgg16_v2,full_test,tavg,fraction_absolute_error_le_0_10_nm,0.998611753817677,0.0
polar90_224/vgg16_v2,full_test,delta_t,mae,0.011925505085476346,0.0
polar90_224/vgg16_v2,full_test,delta_t,rmse,0.020807399895384646,0.0
polar90_224/vgg16_v2,full_test,delta_t,r2,0.9883148181668123,0.0
polar90_224/vgg16_v2,full_test,delta_t,normalized_mae_by_actual_range,0.008629393420700545,0.0
polar90_224/vgg16_v2,full_test,delta_t,bias,-0.000127759057187784,0.0
polar90_224/vgg16_v2,full_test,delta_t,calibration_slope_predicted_vs_actual,0.9844501352521677,0.0
polar90_224/vgg16_v2,full_test,delta_t,calibration_intercept_nm,0.006188954817561583,0.0
polar90_224/vgg16_v2,full_test,delta_t,absolute_error_p50,0.008233748376369476,0.0
polar90_224/vgg16_v2,full_test,delta_t,absolute_error_p90,0.023367947340011602,0.0
polar90_224/vgg16_v2,full_test,delta_t,absolute_error_p95,0.030222347378730762,0.0
polar90_224/vgg16_v2,full_test,delta_t,fraction_absolute_error_le_0_05_nm,0.9808730525991054,0.0
polar90_224/vgg16_v2,full_test,delta_t,fraction_absolute_error_le_0_10_nm,0.9932130186641986,0.0
xy360_224/vgg16_v2,full_validation,both,standardized_mse,0.007097358157426997,0.0
xy360_224/vgg16_v2,full_validation,tavg,mae,0.008526617661118507,0.0
xy360_224/vgg16_v2,full_validation,tavg,rmse,0.0136946439743042,0.0
xy360_224/vgg16_v2,full_validation,tavg,r2,0.9985070824623108,0.0
xy360_224/vgg16_v2,full_validation,tavg,normalized_mae_by_actual_range,0.004135932307690382,0.0
xy360_224/vgg16_v2,full_validation,tavg,bias,0.0024985114578157663,0.0
xy360_224/vgg16_v2,full_validation,tavg,calibration_slope_predicted_vs_actual,0.9841102852384379,0.0
xy360_224/vgg16_v2,full_validation,tavg,calibration_intercept_nm,0.051737009231857076,0.0
xy360_224/vgg16_v2,full_validation,tavg,absolute_error_p50,0.0058329105377197266,0.0
xy360_224/vgg16_v2,full_validation,tavg,absolute_error_p90,0.01706070825457573,0.0
xy360_224/vgg16_v2,full_validation,tavg,absolute_error_p95,0.02313990518450737,0.0
xy360_224/vgg16_v2,full_validation,tavg,fraction_absolute_error_le_0_05_nm,0.985192040721888,0.0
xy360_224/vgg16_v2,full_validation,tavg,fraction_absolute_error_le_0_10_nm,0.9983032546660496,0.0
xy360_224/vgg16_v2,full_validation,delta_t,mae,0.014386368915438652,0.0
xy360_224/vgg16_v2,full_validation,delta_t,rmse,0.021564558148384094,0.0
xy360_224/vgg16_v2,full_validation,delta_t,r2,0.9875941276550293,0.0
xy360_224/vgg16_v2,full_validation,delta_t,normalized_mae_by_actual_range,0.009070753119885921,0.0
xy360_224/vgg16_v2,full_validation,delta_t,bias,0.002017596270889044,0.0
xy360_224/vgg16_v2,full_validation,delta_t,calibration_slope_predicted_vs_actual,0.9906786754594085,0.0
xy360_224/vgg16_v2,full_validation,delta_t,calibration_intercept_nm,0.005828337995998639,0.0
xy360_224/vgg16_v2,full_validation,delta_t,absolute_error_p50,0.010547146201133728,0.0
xy360_224/vgg16_v2,full_validation,delta_t,absolute_error_p90,0.02893994376063347,0.0
xy360_224/vgg16_v2,full_validation,delta_t,absolute_error_p95,0.03792668506503105,0.0
xy360_224/vgg16_v2,full_validation,delta_t,fraction_absolute_error_le_0_05_nm,0.9765540644763226,0.0
xy360_224/vgg16_v2,full_validation,delta_t,fraction_absolute_error_le_0_10_nm,0.994447015270708,0.0
xy360_224/vgg16_v2,full_test,both,standardized_mse,0.008647084591423304,0.0
xy360_224/vgg16_v2,full_test,tavg,mae,0.008709568310239958,0.0
xy360_224/vgg16_v2,full_test,tavg,rmse,0.014148356706472808,0.0
xy360_224/vgg16_v2,full_test,tavg,r2,0.9984235876738877,0.0
xy360_224/vgg16_v2,full_test,tavg,normalized_mae_by_actual_range,0.0041220694630412546,0.0
xy360_224/vgg16_v2,full_test,tavg,bias,0.0027884863674429196,0.0
xy360_224/vgg16_v2,full_test,tavg,calibration_slope_predicted_vs_actual,0.9843001783840666,0.0
xy360_224/vgg16_v2,full_test,tavg,calibration_intercept_nm,0.05144850882906087,0.0
xy360_224/vgg16_v2,full_test,tavg,absolute_error_p50,0.005833148956298828,0.0
xy360_224/vgg16_v2,full_test,tavg,absolute_error_p90,0.017577362060546876,0.0
xy360_224/vgg16_v2,full_test,tavg,absolute_error_p95,0.0248969793319702,0.0
xy360_224/vgg16_v2,full_test,tavg,fraction_absolute_error_le_0_05_nm,0.9850377911460744,0.0
xy360_224/vgg16_v2,full_test,tavg,fraction_absolute_error_le_0_10_nm,0.9984575042418633,0.0
xy360_224/vgg16_v2,full_test,delta_t,mae,0.015002761393574015,0.0
xy360_224/vgg16_v2,full_test,delta_t,rmse,0.023972728354681228,0.0
xy360_224/vgg16_v2,full_test,delta_t,r2,0.9844891793746205,0.0
xy360_224/vgg16_v2,full_test,delta_t,normalized_mae_by_actual_range,0.010856121357888505,0.0
xy360_224/vgg16_v2,full_test,delta_t,bias,0.0029896657041068725,0.0
xy360_224/vgg16_v2,full_test,delta_t,calibration_slope_predicted_vs_actual,0.9924322728681526,0.0
xy360_224/vgg16_v2,full_test,delta_t,calibration_intercept_nm,0.006063851090878121,0.0
xy360_224/vgg16_v2,full_test,delta_t,absolute_error_p50,0.010574817657470703,0.0
xy360_224/vgg16_v2,full_test,delta_t,absolute_error_p90,0.02993624806404114,0.0
xy360_224/vgg16_v2,full_test,delta_t,absolute_error_p95,0.04014597982168197,0.0
xy360_224/vgg16_v2,full_test,delta_t,fraction_absolute_error_le_0_05_nm,0.9705383310195898,0.0
xy360_224/vgg16_v2,full_test,delta_t,fraction_absolute_error_le_0_10_nm,0.9924417707851303,0.0
polar360_224/vgg16_v2,full_validation,both,standardized_mse,0.028316147291589516,0.0
polar360_224/vgg16_v2,full_validation,tavg,mae,0.015221652574837208,0.0
polar360_224/vgg16_v2,full_validation,tavg,rmse,0.02047445997595787,0.0
polar360_224/vgg16_v2,full_validation,tavg,r2,0.9966629147529602,0.0
polar360_224/vgg16_v2,full_validation,tavg,normalized_mae_by_actual_range,0.007383435033261776,0.0
polar360_224/vgg16_v2,full_validation,tavg,bias,-0.00532254483550787,0.0
polar360_224/vgg16_v2,full_validation,tavg,calibration_slope_predicted_vs_actual,0.9882101115324158,0.0
polar360_224/vgg16_v2,full_validation,tavg,calibration_intercept_nm,0.031211553701838562,0.0
polar360_224/vgg16_v2,full_validation,tavg,absolute_error_p50,0.012202024459838867,0.0
polar360_224/vgg16_v2,full_validation,tavg,absolute_error_p90,0.030668258666992188,0.0
polar360_224/vgg16_v2,full_validation,tavg,absolute_error_p95,0.0388336181640625,0.0
polar360_224/vgg16_v2,full_validation,tavg,fraction_absolute_error_le_0_05_nm,0.9780965602344593,0.0
polar360_224/vgg16_v2,full_validation,tavg,fraction_absolute_error_le_0_10_nm,0.997686256362795,0.0
polar360_224/vgg16_v2,full_validation,delta_t,mae,0.03340353071689606,0.0
polar360_224/vgg16_v2,full_validation,delta_t,rmse,0.04415517300367355,0.0
polar360_224/vgg16_v2,full_validation,delta_t,r2,0.9479873776435852,0.0
polar360_224/vgg16_v2,full_validation,delta_t,normalized_mae_by_actual_range,0.02106126956641674,0.0
polar360_224/vgg16_v2,full_validation,delta_t,bias,0.0053667169995605946,0.0
polar360_224/vgg16_v2,full_validation,delta_t,calibration_slope_predicted_vs_actual,0.9608483174948327,0.0
polar360_224/vgg16_v2,full_validation,delta_t,calibration_intercept_nm,0.021372699918638507,0.0
polar360_224/vgg16_v2,full_validation,delta_t,absolute_error_p50,0.026307225227355957,0.0
polar360_224/vgg16_v2,full_validation,delta_t,absolute_error_p90,0.07029973715543747,0.0
polar360_224/vgg16_v2,full_validation,delta_t,absolute_error_p95,0.08816945552825928,0.0
polar360_224/vgg16_v2,full_validation,delta_t,fraction_absolute_error_le_0_05_nm,0.7783433595557612,0.0
polar360_224/vgg16_v2,full_validation,delta_t,fraction_absolute_error_le_0_10_nm,0.9688415856856394,0.0
polar360_224/vgg16_v2,full_test,both,standardized_mse,0.029834284403226503,0.0
polar360_224/vgg16_v2,full_test,tavg,mae,0.01577020020612169,0.0
polar360_224/vgg16_v2,full_test,tavg,rmse,0.02135777670852774,0.0
polar360_224/vgg16_v2,full_test,tavg,r2,0.9964077222847145,0.0
polar360_224/vgg16_v2,full_test,tavg,normalized_mae_by_actual_range,0.007463729358350958,0.0
polar360_224/vgg16_v2,full_test,tavg,bias,-0.005638528583631937,0.0
polar360_224/vgg16_v2,full_test,tavg,calibration_slope_predicted_vs_actual,0.987820031968332,0.0
polar360_224/vgg16_v2,full_test,tavg,calibration_intercept_nm,0.032112060722507704,0.0
polar360_224/vgg16_v2,full_test,tavg,absolute_error_p50,0.012656927108764648,0.0
polar360_224/vgg16_v2,full_test,tavg,absolute_error_p90,0.032259845733642586,0.0
polar360_224/vgg16_v2,full_test,tavg,absolute_error_p95,0.0400569438934326,0.0
polar360_224/vgg16_v2,full_test,tavg,fraction_absolute_error_le_0_05_nm,0.9790220576893414,0.0
polar360_224/vgg16_v2,full_test,tavg,fraction_absolute_error_le_0_10_nm,0.9972235076353541,0.0
polar360_224/vgg16_v2,full_test,delta_t,mae,0.03371152203210007,0.0
polar360_224/vgg16_v2,full_test,delta_t,rmse,0.04527756258884542,0.0
polar360_224/vgg16_v2,full_test,delta_t,r2,0.9446693303746824,0.0
polar360_224/vgg16_v2,full_test,delta_t,normalized_mae_by_actual_range,0.024393934205763315,0.0
polar360_224/vgg16_v2,full_test,delta_t,bias,0.005337093966680784,0.0
polar360_224/vgg16_v2,full_test,delta_t,calibration_slope_predicted_vs_actual,0.9537947219109558,0.0
polar360_224/vgg16_v2,full_test,delta_t,calibration_intercept_nm,0.024106744116365417,0.0
polar360_224/vgg16_v2,full_test,delta_t,absolute_error_p50,0.026418618857860565,0.0
polar360_224/vgg16_v2,full_test,delta_t,absolute_error_p90,0.07165977954864503,0.0
polar360_224/vgg16_v2,full_test,delta_t,absolute_error_p95,0.08966650664806361,0.0
polar360_224/vgg16_v2,full_test,delta_t,fraction_absolute_error_le_0_05_nm,0.7788061082832022,0.0
polar360_224/vgg16_v2,full_test,delta_t,fraction_absolute_error_le_0_10_nm,0.9642140984112294,0.0
