archive_path,extracted_path,bytes,crc32
03_new_spmsm_project/cnn_zone/src/fem_mesh.py,cnn_zone/src/fem_mesh.py,26818,1eadaf70
03_new_spmsm_project/data_zone/raw/workspace_200.mat,data_zone/raw/workspace_200.mat,7952177,537fc4a9
03_new_spmsm_project/experiments/input_distribution_expansion_f1_v1/femm_entry.py,experiments/input_distribution_expansion_f1_v1/femm_entry.py,5680,02818527
03_new_spmsm_project/experiments/input_distribution_expansion_f1_v1/femm_queue.csv,experiments/input_distribution_expansion_f1_v1/femm_queue.csv,5990719,0b51fbbd
03_new_spmsm_project/experiments/input_distribution_expansion_f1_v1/FEMM运行说明.md,experiments/input_distribution_expansion_f1_v1/FEMM运行说明.md,4152,b2c4b828
03_new_spmsm_project/experiments/input_distribution_expansion_f1_v1/final_audit.json,experiments/input_distribution_expansion_f1_v1/final_audit.json,1292,865e2270
03_new_spmsm_project/experiments/input_distribution_expansion_f1_v1/membership.csv,experiments/input_distribution_expansion_f1_v1/membership.csv,1264609,cac4834a
03_new_spmsm_project/experiments/input_distribution_expansion_f1_v1/model_identity.json,experiments/input_distribution_expansion_f1_v1/model_identity.json,824,143f9afe
03_new_spmsm_project/experiments/input_distribution_expansion_f1_v1/model_registry.csv,experiments/input_distribution_expansion_f1_v1/model_registry.csv,9557,a7a301c0
03_new_spmsm_project/experiments/input_distribution_expansion_f1_v1/pilot20.csv,experiments/input_distribution_expansion_f1_v1/pilot20.csv,12412,b84395cf
03_new_spmsm_project/experiments/input_distribution_expansion_f1_v1/requirements-femm.txt,experiments/input_distribution_expansion_f1_v1/requirements-femm.txt,78,6561a8db
03_new_spmsm_project/experiments/input_distribution_expansion_f1_v1/task_manifest.json,experiments/input_distribution_expansion_f1_v1/task_manifest.json,4819,08617cbd
03_new_spmsm_project/experiments/input_distribution_pilot_v1/pilot.py,experiments/input_distribution_pilot_v1/pilot.py,84614,487af1f8
03_new_spmsm_project/femm_zone/femm_config.py,femm_zone/femm_config.py,7318,87465c68
03_new_spmsm_project/femm_zone/models/SPMSM_discrete.fem,femm_zone/models/SPMSM_discrete.fem,139976,5f06e511
03_new_spmsm_project/femm_zone/scripts/spmsm_mapping.py,femm_zone/scripts/spmsm_mapping.py,13898,949682df
03_new_spmsm_project/femm_zone/workspaces/f1e1/td/femm_entry.json,femm_zone/workspaces/f1e1/td/femm_entry.json,322,46f43ac3
03_new_spmsm_project/femm_zone/workspaces/f1e1/td/femm_queue.csv,femm_zone/workspaces/f1e1/td/femm_queue.csv,5420221,521a21a2
03_new_spmsm_project/femm_zone/workspaces/f1e1/td/femm_runs/c04d9ad27775eed9cb1354a5feb277a8358064c6f1a8db913bdfb5147b157286/05166f9c5ec315812c89de09ad42c61cec74850c1e3e5049781b904ebb0d20a9/angle_29/model.fem,femm_zone/workspaces/f1e1/td/femm_runs/hash_c04d9ad27775eed9/hash_05166f9c5ec31581/angle_29/model.fem,135370,4b49d04c
03_new_spmsm_project/femm_zone/workspaces/f1e1/td/femm_runs/c04d9ad27775eed9cb1354a5feb277a8358064c6f1a8db913bdfb5147b157286/05166f9c5ec315812c89de09ad42c61cec74850c1e3e5049781b904ebb0d20a9/angle_29/state.json,femm_zone/workspaces/f1e1/td/femm_runs/hash_c04d9ad27775eed9/hash_05166f9c5ec31581/angle_29/state.json,606,fc71e85e
03_new_spmsm_project/femm_zone/workspaces/f1e1/td/femm_runs/c04d9ad27775eed9cb1354a5feb277a8358064c6f1a8db913bdfb5147b157286/05166f9c5ec315812c89de09ad42c61cec74850c1e3e5049781b904ebb0d20a9/angle_32/model.fem,femm_zone/workspaces/f1e1/td/femm_runs/hash_c04d9ad27775eed9/hash_05166f9c5ec31581/angle_32/model.fem,135384,9434e729
03_new_spmsm_project/femm_zone/workspaces/f1e1/td/femm_runs/c04d9ad27775eed9cb1354a5feb277a8358064c6f1a8db913bdfb5147b157286/05166f9c5ec315812c89de09ad42c61cec74850c1e3e5049781b904ebb0d20a9/angle_32/state.json,femm_zone/workspaces/f1e1/td/femm_runs/hash_c04d9ad27775eed9/hash_05166f9c5ec31581/angle_32/state.json,618,8448700a
03_new_spmsm_project/femm_zone/workspaces/f1e1/td/femm_runs/c04d9ad27775eed9cb1354a5feb277a8358064c6f1a8db913bdfb5147b157286/05166f9c5ec315812c89de09ad42c61cec74850c1e3e5049781b904ebb0d20a9/angle_35/model.fem,femm_zone/workspaces/f1e1/td/femm_runs/hash_c04d9ad27775eed9/hash_05166f9c5ec31581/angle_35/model.fem,135386,9ce14bb7
03_new_spmsm_project/femm_zone/workspaces/f1e1/td/femm_runs/c04d9ad27775eed9cb1354a5feb277a8358064c6f1a8db913bdfb5147b157286/05166f9c5ec315812c89de09ad42c61cec74850c1e3e5049781b904ebb0d20a9/angle_35/state.json,femm_zone/workspaces/f1e1/td/femm_runs/hash_c04d9ad27775eed9/hash_05166f9c5ec31581/angle_35/state.json,620,5d8142e3
03_new_spmsm_project/femm_zone/workspaces/f1e1/td/femm_runs/c04d9ad27775eed9cb1354a5feb277a8358064c6f1a8db913bdfb5147b157286/05166f9c5ec315812c89de09ad42c61cec74850c1e3e5049781b904ebb0d20a9/angle_38/model.fem,femm_zone/workspaces/f1e1/td/femm_runs/hash_c04d9ad27775eed9/hash_05166f9c5ec31581/angle_38/model.fem,135384,675b0248
03_new_spmsm_project/femm_zone/workspaces/f1e1/td/femm_runs/c04d9ad27775eed9cb1354a5feb277a8358064c6f1a8db913bdfb5147b157286/05166f9c5ec315812c89de09ad42c61cec74850c1e3e5049781b904ebb0d20a9/angle_38/state.json,femm_zone/workspaces/f1e1/td/femm_runs/hash_c04d9ad27775eed9/hash_05166f9c5ec31581/angle_38/state.json,619,77f22199
03_new_spmsm_project/femm_zone/workspaces/f1e1/td/femm_runs/c04d9ad27775eed9cb1354a5feb277a8358064c6f1a8db913bdfb5147b157286/05166f9c5ec315812c89de09ad42c61cec74850c1e3e5049781b904ebb0d20a9/angle_41/model.fem,femm_zone/workspaces/f1e1/td/femm_runs/hash_c04d9ad27775eed9/hash_05166f9c5ec31581/angle_41/model.fem,135384,deba3791
03_new_spmsm_project/femm_zone/workspaces/f1e1/td/femm_runs/c04d9ad27775eed9cb1354a5feb277a8358064c6f1a8db913bdfb5147b157286/05166f9c5ec315812c89de09ad42c61cec74850c1e3e5049781b904ebb0d20a9/angle_41/state.json,femm_zone/workspaces/f1e1/td/femm_runs/hash_c04d9ad27775eed9/hash_05166f9c5ec31581/angle_41/state.json,617,070861fb
03_new_spmsm_project/femm_zone/workspaces/f1e1/td/femm_runs/c04d9ad27775eed9cb1354a5feb277a8358064c6f1a8db913bdfb5147b157286/05166f9c5ec315812c89de09ad42c61cec74850c1e3e5049781b904ebb0d20a9/angle_44/model.fem,femm_zone/workspaces/f1e1/td/femm_runs/hash_c04d9ad27775eed9/hash_05166f9c5ec31581/angle_44/model.fem,135369,4f944eee
03_new_spmsm_project/femm_zone/workspaces/f1e1/td/femm_runs/c04d9ad27775eed9cb1354a5feb277a8358064c6f1a8db913bdfb5147b157286/05166f9c5ec315812c89de09ad42c61cec74850c1e3e5049781b904ebb0d20a9/angle_44/state.json,femm_zone/workspaces/f1e1/td/femm_runs/hash_c04d9ad27775eed9/hash_05166f9c5ec31581/angle_44/state.json,606,5d94e825
03_new_spmsm_project/femm_zone/workspaces/f1e1/td/femm_runs/c04d9ad27775eed9cb1354a5feb277a8358064c6f1a8db913bdfb5147b157286/0b032f91e2c177b3b4635258c72fcc85c9da9cb4376b3520373c2900a442034f/angle_29/model.fem,femm_zone/workspaces/f1e1/td/femm_runs/hash_c04d9ad27775eed9/hash_0b032f91e2c177b3/angle_29/model.fem,137052,a0706a89
03_new_spmsm_project/femm_zone/workspaces/f1e1/td/femm_runs/c04d9ad27775eed9cb1354a5feb277a8358064c6f1a8db913bdfb5147b157286/0b032f91e2c177b3b4635258c72fcc85c9da9cb4376b3520373c2900a442034f/angle_29/state.json,femm_zone/workspaces/f1e1/td/femm_runs/hash_c04d9ad27775eed9/hash_0b032f91e2c177b3/angle_29/state.json,606,7e8f24b2
03_new_spmsm_project/femm_zone/workspaces/f1e1/td/femm_runs/c04d9ad27775eed9cb1354a5feb277a8358064c6f1a8db913bdfb5147b157286/0b032f91e2c177b3b4635258c72fcc85c9da9cb4376b3520373c2900a442034f/angle_32/model.fem,femm_zone/workspaces/f1e1/td/femm_runs/hash_c04d9ad27775eed9/hash_0b032f91e2c177b3/angle_32/model.fem,137066,6f8bb6e0
03_new_spmsm_project/femm_zone/workspaces/f1e1/td/femm_runs/c04d9ad27775eed9cb1354a5feb277a8358064c6f1a8db913bdfb5147b157286/0b032f91e2c177b3b4635258c72fcc85c9da9cb4376b3520373c2900a442034f/angle_32/state.json,femm_zone/workspaces/f1e1/td/femm_runs/hash_c04d9ad27775eed9/hash_0b032f91e2c177b3/angle_32/state.json,618,8b4c7928
03_new_spmsm_project/femm_zone/workspaces/f1e1/td/femm_runs/c04d9ad27775eed9cb1354a5feb277a8358064c6f1a8db913bdfb5147b157286/0b032f91e2c177b3b4635258c72fcc85c9da9cb4376b3520373c2900a442034f/angle_35/model.fem,femm_zone/workspaces/f1e1/td/femm_runs/hash_c04d9ad27775eed9/hash_0b032f91e2c177b3/angle_35/model.fem,137068,0f42f20a
03_new_spmsm_project/femm_zone/workspaces/f1e1/td/femm_runs/c04d9ad27775eed9cb1354a5feb277a8358064c6f1a8db913bdfb5147b157286/0b032f91e2c177b3b4635258c72fcc85c9da9cb4376b3520373c2900a442034f/angle_35/state.json,femm_zone/workspaces/f1e1/td/femm_runs/hash_c04d9ad27775eed9/hash_0b032f91e2c177b3/angle_35/state.json,620,313cd354
03_new_spmsm_project/femm_zone/workspaces/f1e1/td/femm_runs/c04d9ad27775eed9cb1354a5feb277a8358064c6f1a8db913bdfb5147b157286/0b032f91e2c177b3b4635258c72fcc85c9da9cb4376b3520373c2900a442034f/angle_38/model.fem,femm_zone/workspaces/f1e1/td/femm_runs/hash_c04d9ad27775eed9/hash_0b032f91e2c177b3/angle_38/model.fem,137066,9f56e711
03_new_spmsm_project/femm_zone/workspaces/f1e1/td/femm_runs/c04d9ad27775eed9cb1354a5feb277a8358064c6f1a8db913bdfb5147b157286/0b032f91e2c177b3b4635258c72fcc85c9da9cb4376b3520373c2900a442034f/angle_38/state.json,femm_zone/workspaces/f1e1/td/femm_runs/hash_c04d9ad27775eed9/hash_0b032f91e2c177b3/angle_38/state.json,619,46255549
03_new_spmsm_project/femm_zone/workspaces/f1e1/td/femm_runs/c04d9ad27775eed9cb1354a5feb277a8358064c6f1a8db913bdfb5147b157286/0b032f91e2c177b3b4635258c72fcc85c9da9cb4376b3520373c2900a442034f/angle_41/model.fem,femm_zone/workspaces/f1e1/td/femm_runs/hash_c04d9ad27775eed9/hash_0b032f91e2c177b3/angle_41/model.fem,137066,6db7b5a8
03_new_spmsm_project/femm_zone/workspaces/f1e1/td/femm_runs/c04d9ad27775eed9cb1354a5feb277a8358064c6f1a8db913bdfb5147b157286/0b032f91e2c177b3b4635258c72fcc85c9da9cb4376b3520373c2900a442034f/angle_41/state.json,femm_zone/workspaces/f1e1/td/femm_runs/hash_c04d9ad27775eed9/hash_0b032f91e2c177b3/angle_41/state.json,617,f3f76399
03_new_spmsm_project/femm_zone/workspaces/f1e1/td/femm_runs/c04d9ad27775eed9cb1354a5feb277a8358064c6f1a8db913bdfb5147b157286/0b032f91e2c177b3b4635258c72fcc85c9da9cb4376b3520373c2900a442034f/angle_44/model.fem,femm_zone/workspaces/f1e1/td/femm_runs/hash_c04d9ad27775eed9/hash_0b032f91e2c177b3/angle_44/model.fem,137051,4834466c
03_new_spmsm_project/femm_zone/workspaces/f1e1/td/femm_runs/c04d9ad27775eed9cb1354a5feb277a8358064c6f1a8db913bdfb5147b157286/0b032f91e2c177b3b4635258c72fcc85c9da9cb4376b3520373c2900a442034f/angle_44/state.json,femm_zone/workspaces/f1e1/td/femm_runs/hash_c04d9ad27775eed9/hash_0b032f91e2c177b3/angle_44/state.json,606,34109e62
03_new_spmsm_project/femm_zone/workspaces/f1e1/td/femm_runs/c04d9ad27775eed9cb1354a5feb277a8358064c6f1a8db913bdfb5147b157286/166dfe8c43b79e6cc28fca5518b9616ec1df75aeaaafa98fbd41ff5afdf70bd6/angle_29/model.fem,femm_zone/workspaces/f1e1/td/femm_runs/hash_c04d9ad27775eed9/hash_166dfe8c43b79e6c/angle_29/model.fem,137023,62f59b21
03_new_spmsm_project/femm_zone/workspaces/f1e1/td/femm_runs/c04d9ad27775eed9cb1354a5feb277a8358064c6f1a8db913bdfb5147b157286/166dfe8c43b79e6cc28fca5518b9616ec1df75aeaaafa98fbd41ff5afdf70bd6/angle_29/state.json,femm_zone/workspaces/f1e1/td/femm_runs/hash_c04d9ad27775eed9/hash_166dfe8c43b79e6c/angle_29/state.json,606,6e90c6e3
03_new_spmsm_project/femm_zone/workspaces/f1e1/td/femm_runs/c04d9ad27775eed9cb1354a5feb277a8358064c6f1a8db913bdfb5147b157286/166dfe8c43b79e6cc28fca5518b9616ec1df75aeaaafa98fbd41ff5afdf70bd6/angle_32/model.fem,femm_zone/workspaces/f1e1/td/femm_runs/hash_c04d9ad27775eed9/hash_166dfe8c43b79e6c/angle_32/model.fem,137037,e93017e6
03_new_spmsm_project/femm_zone/workspaces/f1e1/td/femm_runs/c04d9ad27775eed9cb1354a5feb277a8358064c6f1a8db913bdfb5147b157286/166dfe8c43b79e6cc28fca5518b9616ec1df75aeaaafa98fbd41ff5afdf70bd6/angle_32/state.json,femm_zone/workspaces/f1e1/td/femm_runs/hash_c04d9ad27775eed9/hash_166dfe8c43b79e6c/angle_32/state.json,618,eb40f143
03_new_spmsm_project/femm_zone/workspaces/f1e1/td/femm_runs/c04d9ad27775eed9cb1354a5feb277a8358064c6f1a8db913bdfb5147b157286/166dfe8c43b79e6cc28fca5518b9616ec1df75aeaaafa98fbd41ff5afdf70bd6/angle_35/model.fem,femm_zone/workspaces/f1e1/td/femm_runs/hash_c04d9ad27775eed9/hash_166dfe8c43b79e6c/angle_35/model.fem,137039,9393597c
03_new_spmsm_project/femm_zone/workspaces/f1e1/td/femm_runs/c04d9ad27775eed9cb1354a5feb277a8358064c6f1a8db913bdfb5147b157286/166dfe8c43b79e6cc28fca5518b9616ec1df75aeaaafa98fbd41ff5afdf70bd6/angle_35/state.json,femm_zone/workspaces/f1e1/td/femm_runs/hash_c04d9ad27775eed9/hash_166dfe8c43b79e6c/angle_35/state.json,620,0c788ca9
03_new_spmsm_project/femm_zone/workspaces/f1e1/td/femm_runs/c04d9ad27775eed9cb1354a5feb277a8358064c6f1a8db913bdfb5147b157286/166dfe8c43b79e6cc28fca5518b9616ec1df75aeaaafa98fbd41ff5afdf70bd6/angle_38/model.fem,femm_zone/workspaces/f1e1/td/femm_runs/hash_c04d9ad27775eed9/hash_166dfe8c43b79e6c/angle_38/model.fem,137037,236b1cd8
03_new_spmsm_project/femm_zone/workspaces/f1e1/td/femm_runs/c04d9ad27775eed9cb1354a5feb277a8358064c6f1a8db913bdfb5147b157286/166dfe8c43b79e6cc28fca5518b9616ec1df75aeaaafa98fbd41ff5afdf70bd6/angle_38/state.json,femm_zone/workspaces/f1e1/td/femm_runs/hash_c04d9ad27775eed9/hash_166dfe8c43b79e6c/angle_38/state.json,619,8367b6ec
03_new_spmsm_project/femm_zone/workspaces/f1e1/td/femm_runs/c04d9ad27775eed9cb1354a5feb277a8358064c6f1a8db913bdfb5147b157286/166dfe8c43b79e6cc28fca5518b9616ec1df75aeaaafa98fbd41ff5afdf70bd6/angle_41/model.fem,femm_zone/workspaces/f1e1/td/femm_runs/hash_c04d9ad27775eed9/hash_166dfe8c43b79e6c/angle_41/model.fem,137037,8a124fc3
03_new_spmsm_project/femm_zone/workspaces/f1e1/td/femm_runs/c04d9ad27775eed9cb1354a5feb277a8358064c6f1a8db913bdfb5147b157286/166dfe8c43b79e6cc28fca5518b9616ec1df75aeaaafa98fbd41ff5afdf70bd6/angle_41/state.json,femm_zone/workspaces/f1e1/td/femm_runs/hash_c04d9ad27775eed9/hash_166dfe8c43b79e6c/angle_41/state.json,617,9ee4b85b
03_new_spmsm_project/femm_zone/workspaces/f1e1/td/femm_runs/c04d9ad27775eed9cb1354a5feb277a8358064c6f1a8db913bdfb5147b157286/166dfe8c43b79e6cc28fca5518b9616ec1df75aeaaafa98fbd41ff5afdf70bd6/angle_44/model.fem,femm_zone/workspaces/f1e1/td/femm_runs/hash_c04d9ad27775eed9/hash_166dfe8c43b79e6c/angle_44/model.fem,137022,25208586
03_new_spmsm_project/femm_zone/workspaces/f1e1/td/femm_runs/c04d9ad27775eed9cb1354a5feb277a8358064c6f1a8db913bdfb5147b157286/166dfe8c43b79e6cc28fca5518b9616ec1df75aeaaafa98fbd41ff5afdf70bd6/angle_44/state.json,femm_zone/workspaces/f1e1/td/femm_runs/hash_c04d9ad27775eed9/hash_166dfe8c43b79e6c/angle_44/state.json,606,906af1dd
03_new_spmsm_project/femm_zone/workspaces/f1e1/td/femm_runs/c04d9ad27775eed9cb1354a5feb277a8358064c6f1a8db913bdfb5147b157286/2894838498e3d64abae9787b8ae09ddb2d9df2449f0d8b3e52c514770818f90f/angle_29/model.fem,femm_zone/workspaces/f1e1/td/femm_runs/hash_c04d9ad27775eed9/hash_2894838498e3d64a/angle_29/model.fem,136298,3ca88900
03_new_spmsm_project/femm_zone/workspaces/f1e1/td/femm_runs/c04d9ad27775eed9cb1354a5feb277a8358064c6f1a8db913bdfb5147b157286/2894838498e3d64abae9787b8ae09ddb2d9df2449f0d8b3e52c514770818f90f/angle_29/state.json,femm_zone/workspaces/f1e1/td/femm_runs/hash_c04d9ad27775eed9/hash_2894838498e3d64a/angle_29/state.json,606,b4afe0b7
03_new_spmsm_project/femm_zone/workspaces/f1e1/td/femm_runs/c04d9ad27775eed9cb1354a5feb277a8358064c6f1a8db913bdfb5147b157286/2894838498e3d64abae9787b8ae09ddb2d9df2449f0d8b3e52c514770818f90f/angle_32/model.fem,femm_zone/workspaces/f1e1/td/femm_runs/hash_c04d9ad27775eed9/hash_2894838498e3d64a/angle_32/model.fem,136312,4c8e58a2
03_new_spmsm_project/femm_zone/workspaces/f1e1/td/femm_runs/c04d9ad27775eed9cb1354a5feb277a8358064c6f1a8db913bdfb5147b157286/2894838498e3d64abae9787b8ae09ddb2d9df2449f0d8b3e52c514770818f90f/angle_32/state.json,femm_zone/workspaces/f1e1/td/femm_runs/hash_c04d9ad27775eed9/hash_2894838498e3d64a/angle_32/state.json,618,58aeb653
03_new_spmsm_project/femm_zone/workspaces/f1e1/td/femm_runs/c04d9ad27775eed9cb1354a5feb277a8358064c6f1a8db913bdfb5147b157286/2894838498e3d64abae9787b8ae09ddb2d9df2449f0d8b3e52c514770818f90f/angle_35/model.fem,femm_zone/workspaces/f1e1/td/femm_runs/hash_c04d9ad27775eed9/hash_2894838498e3d64a/angle_35/model.fem,136314,f939d5c4
03_new_spmsm_project/femm_zone/workspaces/f1e1/td/femm_runs/c04d9ad27775eed9cb1354a5feb277a8358064c6f1a8db913bdfb5147b157286/2894838498e3d64abae9787b8ae09ddb2d9df2449f0d8b3e52c514770818f90f/angle_35/state.json,femm_zone/workspaces/f1e1/td/femm_runs/hash_c04d9ad27775eed9/hash_2894838498e3d64a/angle_35/state.json,620,99e1c13c
03_new_spmsm_project/femm_zone/workspaces/f1e1/td/femm_runs/c04d9ad27775eed9cb1354a5feb277a8358064c6f1a8db913bdfb5147b157286/2894838498e3d64abae9787b8ae09ddb2d9df2449f0d8b3e52c514770818f90f/angle_38/model.fem,femm_zone/workspaces/f1e1/td/femm_runs/hash_c04d9ad27775eed9/hash_2894838498e3d64a/angle_38/model.fem,136312,54bf4abd
03_new_spmsm_project/femm_zone/workspaces/f1e1/td/femm_runs/c04d9ad27775eed9cb1354a5feb277a8358064c6f1a8db913bdfb5147b157286/2894838498e3d64abae9787b8ae09ddb2d9df2449f0d8b3e52c514770818f90f/angle_38/state.json,femm_zone/workspaces/f1e1/td/femm_runs/hash_c04d9ad27775eed9/hash_2894838498e3d64a/angle_38/state.json,619,89d9837f
03_new_spmsm_project/femm_zone/workspaces/f1e1/td/femm_runs/c04d9ad27775eed9cb1354a5feb277a8358064c6f1a8db913bdfb5147b157286/2894838498e3d64abae9787b8ae09ddb2d9df2449f0d8b3e52c514770818f90f/angle_41/model.fem,femm_zone/workspaces/f1e1/td/femm_runs/hash_c04d9ad27775eed9/hash_2894838498e3d64a/angle_41/model.fem,136312,386f0bc0
03_new_spmsm_project/femm_zone/workspaces/f1e1/td/femm_runs/c04d9ad27775eed9cb1354a5feb277a8358064c6f1a8db913bdfb5147b157286/2894838498e3d64abae9787b8ae09ddb2d9df2449f0d8b3e52c514770818f90f/angle_41/state.json,femm_zone/workspaces/f1e1/td/femm_runs/hash_c04d9ad27775eed9/hash_2894838498e3d64a/angle_41/state.json,617,0228ee57
03_new_spmsm_project/femm_zone/workspaces/f1e1/td/femm_runs/c04d9ad27775eed9cb1354a5feb277a8358064c6f1a8db913bdfb5147b157286/2894838498e3d64abae9787b8ae09ddb2d9df2449f0d8b3e52c514770818f90f/angle_44/model.fem,femm_zone/workspaces/f1e1/td/femm_runs/hash_c04d9ad27775eed9/hash_2894838498e3d64a/angle_44/model.fem,136297,9d5bd1c8
03_new_spmsm_project/femm_zone/workspaces/f1e1/td/femm_runs/c04d9ad27775eed9cb1354a5feb277a8358064c6f1a8db913bdfb5147b157286/2894838498e3d64abae9787b8ae09ddb2d9df2449f0d8b3e52c514770818f90f/angle_44/state.json,femm_zone/workspaces/f1e1/td/femm_runs/hash_c04d9ad27775eed9/hash_2894838498e3d64a/angle_44/state.json,606,cf0e6f97
03_new_spmsm_project/femm_zone/workspaces/f1e1/td/femm_runs/c04d9ad27775eed9cb1354a5feb277a8358064c6f1a8db913bdfb5147b157286/35b1f41675d1741141f69f5e844586d7f536783f41776dccbef7571235f90882/angle_29/model.fem,femm_zone/workspaces/f1e1/td/femm_runs/hash_c04d9ad27775eed9/hash_35b1f41675d17411/angle_29/model.fem,136443,135357d9
03_new_spmsm_project/femm_zone/workspaces/f1e1/td/femm_runs/c04d9ad27775eed9cb1354a5feb277a8358064c6f1a8db913bdfb5147b157286/35b1f41675d1741141f69f5e844586d7f536783f41776dccbef7571235f90882/angle_29/state.json,femm_zone/workspaces/f1e1/td/femm_runs/hash_c04d9ad27775eed9/hash_35b1f41675d17411/angle_29/state.json,606,0465c521
03_new_spmsm_project/femm_zone/workspaces/f1e1/td/femm_runs/c04d9ad27775eed9cb1354a5feb277a8358064c6f1a8db913bdfb5147b157286/35b1f41675d1741141f69f5e844586d7f536783f41776dccbef7571235f90882/angle_32/model.fem,femm_zone/workspaces/f1e1/td/femm_runs/hash_c04d9ad27775eed9/hash_35b1f41675d17411/angle_32/model.fem,136457,3265c47c
03_new_spmsm_project/femm_zone/workspaces/f1e1/td/femm_runs/c04d9ad27775eed9cb1354a5feb277a8358064c6f1a8db913bdfb5147b157286/35b1f41675d1741141f69f5e844586d7f536783f41776dccbef7571235f90882/angle_32/state.json,femm_zone/workspaces/f1e1/td/femm_runs/hash_c04d9ad27775eed9/hash_35b1f41675d17411/angle_32/state.json,618,6aef6c2e
03_new_spmsm_project/femm_zone/workspaces/f1e1/td/femm_runs/c04d9ad27775eed9cb1354a5feb277a8358064c6f1a8db913bdfb5147b157286/35b1f41675d1741141f69f5e844586d7f536783f41776dccbef7571235f90882/angle_35/model.fem,femm_zone/workspaces/f1e1/td/femm_runs/hash_c04d9ad27775eed9/hash_35b1f41675d17411/angle_35/model.fem,136459,9b4b05f5
03_new_spmsm_project/femm_zone/workspaces/f1e1/td/femm_runs/c04d9ad27775eed9cb1354a5feb277a8358064c6f1a8db913bdfb5147b157286/35b1f41675d1741141f69f5e844586d7f536783f41776dccbef7571235f90882/angle_35/state.json,femm_zone/workspaces/f1e1/td/femm_runs/hash_c04d9ad27775eed9/hash_35b1f41675d17411/angle_35/state.json,620,b4d2ce03
03_new_spmsm_project/femm_zone/workspaces/f1e1/td/femm_runs/c04d9ad27775eed9cb1354a5feb277a8358064c6f1a8db913bdfb5147b157286/35b1f41675d1741141f69f5e844586d7f536783f41776dccbef7571235f90882/angle_38/model.fem,femm_zone/workspaces/f1e1/td/femm_runs/hash_c04d9ad27775eed9/hash_35b1f41675d17411/angle_38/model.fem,136457,79d01888
03_new_spmsm_project/femm_zone/workspaces/f1e1/td/femm_runs/c04d9ad27775eed9cb1354a5feb277a8358064c6f1a8db913bdfb5147b157286/35b1f41675d1741141f69f5e844586d7f536783f41776dccbef7571235f90882/angle_38/state.json,femm_zone/workspaces/f1e1/td/femm_runs/hash_c04d9ad27775eed9/hash_35b1f41675d17411/angle_38/state.json,619,7ba2a2dc
03_new_spmsm_project/femm_zone/workspaces/f1e1/td/femm_runs/c04d9ad27775eed9cb1354a5feb277a8358064c6f1a8db913bdfb5147b157286/35b1f41675d1741141f69f5e844586d7f536783f41776dccbef7571235f90882/angle_41/model.fem,femm_zone/workspaces/f1e1/td/femm_runs/hash_c04d9ad27775eed9/hash_35b1f41675d17411/angle_41/model.fem,136457,cb8a313e
03_new_spmsm_project/femm_zone/workspaces/f1e1/td/femm_runs/c04d9ad27775eed9cb1354a5feb277a8358064c6f1a8db913bdfb5147b157286/35b1f41675d1741141f69f5e844586d7f536783f41776dccbef7571235f90882/angle_41/state.json,femm_zone/workspaces/f1e1/td/femm_runs/hash_c04d9ad27775eed9/hash_35b1f41675d17411/angle_41/state.json,617,9f4815a4
03_new_spmsm_project/femm_zone/workspaces/f1e1/td/femm_runs/c04d9ad27775eed9cb1354a5feb277a8358064c6f1a8db913bdfb5147b157286/35b1f41675d1741141f69f5e844586d7f536783f41776dccbef7571235f90882/angle_44/model.fem,femm_zone/workspaces/f1e1/td/femm_runs/hash_c04d9ad27775eed9/hash_35b1f41675d17411/angle_44/model.fem,136442,083d6eef
03_new_spmsm_project/femm_zone/workspaces/f1e1/td/femm_runs/c04d9ad27775eed9cb1354a5feb277a8358064c6f1a8db913bdfb5147b157286/35b1f41675d1741141f69f5e844586d7f536783f41776dccbef7571235f90882/angle_44/state.json,femm_zone/workspaces/f1e1/td/femm_runs/hash_c04d9ad27775eed9/hash_35b1f41675d17411/angle_44/state.json,606,b1efa019
03_new_spmsm_project/femm_zone/workspaces/f1e1/td/femm_runs/c04d9ad27775eed9cb1354a5feb277a8358064c6f1a8db913bdfb5147b157286/40c693d688ce05ec8b327f0b38eff900a6d880f82f6288ef61454146e7db889d/angle_29/model.fem,femm_zone/workspaces/f1e1/td/femm_runs/hash_c04d9ad27775eed9/hash_40c693d688ce05ec/angle_29/model.fem,135515,598c93a5
03_new_spmsm_project/femm_zone/workspaces/f1e1/td/femm_runs/c04d9ad27775eed9cb1354a5feb277a8358064c6f1a8db913bdfb5147b157286/40c693d688ce05ec8b327f0b38eff900a6d880f82f6288ef61454146e7db889d/angle_29/state.json,femm_zone/workspaces/f1e1/td/femm_runs/hash_c04d9ad27775eed9/hash_40c693d688ce05ec/angle_29/state.json,606,0139adeb
03_new_spmsm_project/femm_zone/workspaces/f1e1/td/femm_runs/c04d9ad27775eed9cb1354a5feb277a8358064c6f1a8db913bdfb5147b157286/40c693d688ce05ec8b327f0b38eff900a6d880f82f6288ef61454146e7db889d/angle_32/model.fem,femm_zone/workspaces/f1e1/td/femm_runs/hash_c04d9ad27775eed9/hash_40c693d688ce05ec/angle_32/model.fem,135529,840932a2
03_new_spmsm_project/femm_zone/workspaces/f1e1/td/femm_runs/c04d9ad27775eed9cb1354a5feb277a8358064c6f1a8db913bdfb5147b157286/40c693d688ce05ec8b327f0b38eff900a6d880f82f6288ef61454146e7db889d/angle_32/state.json,femm_zone/workspaces/f1e1/td/femm_runs/hash_c04d9ad27775eed9/hash_40c693d688ce05ec/angle_32/state.json,618,247b5de9
03_new_spmsm_project/femm_zone/workspaces/f1e1/td/femm_runs/c04d9ad27775eed9cb1354a5feb277a8358064c6f1a8db913bdfb5147b157286/40c693d688ce05ec8b327f0b38eff900a6d880f82f6288ef61454146e7db889d/angle_35/model.fem,femm_zone/workspaces/f1e1/td/femm_runs/hash_c04d9ad27775eed9/hash_40c693d688ce05ec/angle_35/model.fem,135531,e40f12e6
03_new_spmsm_project/femm_zone/workspaces/f1e1/td/femm_runs/c04d9ad27775eed9cb1354a5feb277a8358064c6f1a8db913bdfb5147b157286/40c693d688ce05ec8b327f0b38eff900a6d880f82f6288ef61454146e7db889d/angle_35/state.json,femm_zone/workspaces/f1e1/td/femm_runs/hash_c04d9ad27775eed9/hash_40c693d688ce05ec/angle_35/state.json,620,179a3fd5
03_new_spmsm_project/femm_zone/workspaces/f1e1/td/femm_runs/c04d9ad27775eed9cb1354a5feb277a8358064c6f1a8db913bdfb5147b157286/40c693d688ce05ec8b327f0b38eff900a6d880f82f6288ef61454146e7db889d/angle_38/model.fem,femm_zone/workspaces/f1e1/td/femm_runs/hash_c04d9ad27775eed9/hash_40c693d688ce05ec/angle_38/model.fem,135529,ad5f613f
03_new_spmsm_project/femm_zone/workspaces/f1e1/td/femm_runs/c04d9ad27775eed9cb1354a5feb277a8358064c6f1a8db913bdfb5147b157286/40c693d688ce05ec8b327f0b38eff900a6d880f82f6288ef61454146e7db889d/angle_38/state.json,femm_zone/workspaces/f1e1/td/femm_runs/hash_c04d9ad27775eed9/hash_40c693d688ce05ec/angle_38/state.json,619,85e6ebaa
03_new_spmsm_project/femm_zone/workspaces/f1e1/td/femm_runs/c04d9ad27775eed9cb1354a5feb277a8358064c6f1a8db913bdfb5147b157286/40c693d688ce05ec8b327f0b38eff900a6d880f82f6288ef61454146e7db889d/angle_41/model.fem,femm_zone/workspaces/f1e1/td/femm_runs/hash_c04d9ad27775eed9/hash_40c693d688ce05ec/angle_41/model.fem,135529,79993f05
03_new_spmsm_project/femm_zone/workspaces/f1e1/td/femm_runs/c04d9ad27775eed9cb1354a5feb277a8358064c6f1a8db913bdfb5147b157286/40c693d688ce05ec8b327f0b38eff900a6d880f82f6288ef61454146e7db889d/angle_41/state.json,femm_zone/workspaces/f1e1/td/femm_runs/hash_c04d9ad27775eed9/hash_40c693d688ce05ec/angle_41/state.json,617,d523b3ce
03_new_spmsm_project/femm_zone/workspaces/f1e1/td/femm_runs/c04d9ad27775eed9cb1354a5feb277a8358064c6f1a8db913bdfb5147b157286/40c693d688ce05ec8b327f0b38eff900a6d880f82f6288ef61454146e7db889d/angle_44/model.fem,femm_zone/workspaces/f1e1/td/femm_runs/hash_c04d9ad27775eed9/hash_40c693d688ce05ec/angle_44/model.fem,135514,f2001937
03_new_spmsm_project/femm_zone/workspaces/f1e1/td/femm_runs/c04d9ad27775eed9cb1354a5feb277a8358064c6f1a8db913bdfb5147b157286/40c693d688ce05ec8b327f0b38eff900a6d880f82f6288ef61454146e7db889d/angle_44/state.json,femm_zone/workspaces/f1e1/td/femm_runs/hash_c04d9ad27775eed9/hash_40c693d688ce05ec/angle_44/state.json,606,90b09a94
03_new_spmsm_project/femm_zone/workspaces/f1e1/td/femm_runs/c04d9ad27775eed9cb1354a5feb277a8358064c6f1a8db913bdfb5147b157286/4f173982c851a05ca3c048fa4441dbce0206261f01a16618fff7f1818eb8ae3d/angle_29/model.fem,femm_zone/workspaces/f1e1/td/femm_runs/hash_c04d9ad27775eed9/hash_4f173982c851a05c/angle_29/model.fem,137574,249155b8
03_new_spmsm_project/femm_zone/workspaces/f1e1/td/femm_runs/c04d9ad27775eed9cb1354a5feb277a8358064c6f1a8db913bdfb5147b157286/4f173982c851a05ca3c048fa4441dbce0206261f01a16618fff7f1818eb8ae3d/angle_29/state.json,femm_zone/workspaces/f1e1/td/femm_runs/hash_c04d9ad27775eed9/hash_4f173982c851a05c/angle_29/state.json,606,85457d44
03_new_spmsm_project/femm_zone/workspaces/f1e1/td/femm_runs/c04d9ad27775eed9cb1354a5feb277a8358064c6f1a8db913bdfb5147b157286/4f173982c851a05ca3c048fa4441dbce0206261f01a16618fff7f1818eb8ae3d/angle_32/model.fem,femm_zone/workspaces/f1e1/td/femm_runs/hash_c04d9ad27775eed9/hash_4f173982c851a05c/angle_32/model.fem,137588,475111cf
03_new_spmsm_project/femm_zone/workspaces/f1e1/td/femm_runs/c04d9ad27775eed9cb1354a5feb277a8358064c6f1a8db913bdfb5147b157286/4f173982c851a05ca3c048fa4441dbce0206261f01a16618fff7f1818eb8ae3d/angle_32/state.json,femm_zone/workspaces/f1e1/td/femm_runs/hash_c04d9ad27775eed9/hash_4f173982c851a05c/angle_32/state.json,618,be80a4b2
03_new_spmsm_project/femm_zone/workspaces/f1e1/td/femm_runs/c04d9ad27775eed9cb1354a5feb277a8358064c6f1a8db913bdfb5147b157286/4f173982c851a05ca3c048fa4441dbce0206261f01a16618fff7f1818eb8ae3d/angle_35/model.fem,femm_zone/workspaces/f1e1/td/femm_runs/hash_c04d9ad27775eed9/hash_4f173982c851a05c/angle_35/model.fem,137590,94b4d227
03_new_spmsm_project/femm_zone/workspaces/f1e1/td/femm_runs/c04d9ad27775eed9cb1354a5feb277a8358064c6f1a8db913bdfb5147b157286/4f173982c851a05ca3c048fa4441dbce0206261f01a16618fff7f1818eb8ae3d/angle_35/state.json,femm_zone/workspaces/f1e1/td/femm_runs/hash_c04d9ad27775eed9/hash_4f173982c851a05c/angle_35/state.json,620,25630e81
03_new_spmsm_project/femm_zone/workspaces/f1e1/td/femm_runs/c04d9ad27775eed9cb1354a5feb277a8358064c6f1a8db913bdfb5147b157286/4f173982c851a05ca3c048fa4441dbce0206261f01a16618fff7f1818eb8ae3d/angle_38/model.fem,femm_zone/workspaces/f1e1/td/femm_runs/hash_c04d9ad27775eed9/hash_4f173982c851a05c/angle_38/model.fem,137588,5f4e2ae1
03_new_spmsm_project/femm_zone/workspaces/f1e1/td/femm_runs/c04d9ad27775eed9cb1354a5feb277a8358064c6f1a8db913bdfb5147b157286/4f173982c851a05ca3c048fa4441dbce0206261f01a16618fff7f1818eb8ae3d/angle_38/state.json,femm_zone/workspaces/f1e1/td/femm_runs/hash_c04d9ad27775eed9/hash_4f173982c851a05c/angle_38/state.json,619,89f36d70
03_new_spmsm_project/femm_zone/workspaces/f1e1/td/femm_runs/c04d9ad27775eed9cb1354a5feb277a8358064c6f1a8db913bdfb5147b157286/4f173982c851a05ca3c048fa4441dbce0206261f01a16618fff7f1818eb8ae3d/angle_41/model.fem,femm_zone/workspaces/f1e1/td/femm_runs/hash_c04d9ad27775eed9/hash_4f173982c851a05c/angle_41/model.fem,137588,bdee0743
03_new_spmsm_project/femm_zone/workspaces/f1e1/td/femm_runs/c04d9ad27775eed9cb1354a5feb277a8358064c6f1a8db913bdfb5147b157286/4f173982c851a05ca3c048fa4441dbce0206261f01a16618fff7f1818eb8ae3d/angle_41/state.json,femm_zone/workspaces/f1e1/td/femm_runs/hash_c04d9ad27775eed9/hash_4f173982c851a05c/angle_41/state.json,617,2909dda5
03_new_spmsm_project/femm_zone/workspaces/f1e1/td/femm_runs/c04d9ad27775eed9cb1354a5feb277a8358064c6f1a8db913bdfb5147b157286/4f173982c851a05ca3c048fa4441dbce0206261f01a16618fff7f1818eb8ae3d/angle_44/model.fem,femm_zone/workspaces/f1e1/td/femm_runs/hash_c04d9ad27775eed9/hash_4f173982c851a05c/angle_44/model.fem,137573,41bb22cc
03_new_spmsm_project/femm_zone/workspaces/f1e1/td/femm_runs/c04d9ad27775eed9cb1354a5feb277a8358064c6f1a8db913bdfb5147b157286/4f173982c851a05ca3c048fa4441dbce0206261f01a16618fff7f1818eb8ae3d/angle_44/state.json,femm_zone/workspaces/f1e1/td/femm_runs/hash_c04d9ad27775eed9/hash_4f173982c851a05c/angle_44/state.json,606,2c7244a3
03_new_spmsm_project/femm_zone/workspaces/f1e1/td/femm_runs/c04d9ad27775eed9cb1354a5feb277a8358064c6f1a8db913bdfb5147b157286/5bed6ac37970a87090ff8ba988fe69d4339cc268af9c55d7816da0ba637165d8/angle_29/model.fem,femm_zone/workspaces/f1e1/td/femm_runs/hash_c04d9ad27775eed9/hash_5bed6ac37970a870/angle_29/model.fem,137719,feb8d9f9
03_new_spmsm_project/femm_zone/workspaces/f1e1/td/femm_runs/c04d9ad27775eed9cb1354a5feb277a8358064c6f1a8db913bdfb5147b157286/5bed6ac37970a87090ff8ba988fe69d4339cc268af9c55d7816da0ba637165d8/angle_29/state.json,femm_zone/workspaces/f1e1/td/femm_runs/hash_c04d9ad27775eed9/hash_5bed6ac37970a870/angle_29/state.json,606,df5c26d1
03_new_spmsm_project/femm_zone/workspaces/f1e1/td/femm_runs/c04d9ad27775eed9cb1354a5feb277a8358064c6f1a8db913bdfb5147b157286/5bed6ac37970a87090ff8ba988fe69d4339cc268af9c55d7816da0ba637165d8/angle_32/model.fem,femm_zone/workspaces/f1e1/td/femm_runs/hash_c04d9ad27775eed9/hash_5bed6ac37970a870/angle_32/model.fem,137733,03bb09bf
03_new_spmsm_project/femm_zone/workspaces/f1e1/td/femm_runs/c04d9ad27775eed9cb1354a5feb277a8358064c6f1a8db913bdfb5147b157286/5bed6ac37970a87090ff8ba988fe69d4339cc268af9c55d7816da0ba637165d8/angle_32/state.json,femm_zone/workspaces/f1e1/td/femm_runs/hash_c04d9ad27775eed9/hash_5bed6ac37970a870/angle_32/state.json,618,ab3d72fe
03_new_spmsm_project/femm_zone/workspaces/f1e1/td/femm_runs/c04d9ad27775eed9cb1354a5feb277a8358064c6f1a8db913bdfb5147b157286/5bed6ac37970a87090ff8ba988fe69d4339cc268af9c55d7816da0ba637165d8/angle_35/model.fem,femm_zone/workspaces/f1e1/td/femm_runs/hash_c04d9ad27775eed9/hash_5bed6ac37970a870/angle_35/model.fem,137735,62823c78
03_new_spmsm_project/femm_zone/workspaces/f1e1/td/femm_runs/c04d9ad27775eed9cb1354a5feb277a8358064c6f1a8db913bdfb5147b157286/5bed6ac37970a87090ff8ba988fe69d4339cc268af9c55d7816da0ba637165d8/angle_35/state.json,femm_zone/workspaces/f1e1/td/femm_runs/hash_c04d9ad27775eed9/hash_5bed6ac37970a870/angle_35/state.json,620,ce5c702b
03_new_spmsm_project/femm_zone/workspaces/f1e1/td/femm_runs/c04d9ad27775eed9cb1354a5feb277a8358064c6f1a8db913bdfb5147b157286/5bed6ac37970a87090ff8ba988fe69d4339cc268af9c55d7816da0ba637165d8/angle_38/model.fem,femm_zone/workspaces/f1e1/td/femm_runs/hash_c04d9ad27775eed9/hash_5bed6ac37970a870/angle_38/model.fem,137733,5145caf5
03_new_spmsm_project/femm_zone/workspaces/f1e1/td/femm_runs/c04d9ad27775eed9cb1354a5feb277a8358064c6f1a8db913bdfb5147b157286/5bed6ac37970a87090ff8ba988fe69d4339cc268af9c55d7816da0ba637165d8/angle_38/state.json,femm_zone/workspaces/f1e1/td/femm_runs/hash_c04d9ad27775eed9/hash_5bed6ac37970a870/angle_38/state.json,619,2b8eef1c
03_new_spmsm_project/femm_zone/workspaces/f1e1/td/femm_runs/c04d9ad27775eed9cb1354a5feb277a8358064c6f1a8db913bdfb5147b157286/5bed6ac37970a87090ff8ba988fe69d4339cc268af9c55d7816da0ba637165d8/angle_41/model.fem,femm_zone/workspaces/f1e1/td/femm_runs/hash_c04d9ad27775eed9/hash_5bed6ac37970a870/angle_41/model.fem,137733,8c8d2913
03_new_spmsm_project/femm_zone/workspaces/f1e1/td/femm_runs/c04d9ad27775eed9cb1354a5feb277a8358064c6f1a8db913bdfb5147b157286/5bed6ac37970a87090ff8ba988fe69d4339cc268af9c55d7816da0ba637165d8/angle_41/state.json,femm_zone/workspaces/f1e1/td/femm_runs/hash_c04d9ad27775eed9/hash_5bed6ac37970a870/angle_41/state.json,617,425a9417
03_new_spmsm_project/femm_zone/workspaces/f1e1/td/femm_runs/c04d9ad27775eed9cb1354a5feb277a8358064c6f1a8db913bdfb5147b157286/5bed6ac37970a87090ff8ba988fe69d4339cc268af9c55d7816da0ba637165d8/angle_44/model.fem,femm_zone/workspaces/f1e1/td/femm_runs/hash_c04d9ad27775eed9/hash_5bed6ac37970a870/angle_44/model.fem,137718,2463365a
03_new_spmsm_project/femm_zone/workspaces/f1e1/td/femm_runs/c04d9ad27775eed9cb1354a5feb277a8358064c6f1a8db913bdfb5147b157286/5bed6ac37970a87090ff8ba988fe69d4339cc268af9c55d7816da0ba637165d8/angle_44/state.json,femm_zone/workspaces/f1e1/td/femm_runs/hash_c04d9ad27775eed9/hash_5bed6ac37970a870/angle_44/state.json,606,3889c20f
03_new_spmsm_project/femm_zone/workspaces/f1e1/td/femm_runs/c04d9ad27775eed9cb1354a5feb277a8358064c6f1a8db913bdfb5147b157286/5ec4981c3d08406e96d458c2b2f1a499629a7152f4a313439c2527eae2aa6752/angle_29/model.fem,femm_zone/workspaces/f1e1/td/femm_runs/hash_c04d9ad27775eed9/hash_5ec4981c3d08406e/angle_29/model.fem,137023,77784758
03_new_spmsm_project/femm_zone/workspaces/f1e1/td/femm_runs/c04d9ad27775eed9cb1354a5feb277a8358064c6f1a8db913bdfb5147b157286/5ec4981c3d08406e96d458c2b2f1a499629a7152f4a313439c2527eae2aa6752/angle_29/state.json,femm_zone/workspaces/f1e1/td/femm_runs/hash_c04d9ad27775eed9/hash_5ec4981c3d08406e/angle_29/state.json,606,46804072
03_new_spmsm_project/femm_zone/workspaces/f1e1/td/femm_runs/c04d9ad27775eed9cb1354a5feb277a8358064c6f1a8db913bdfb5147b157286/5ec4981c3d08406e96d458c2b2f1a499629a7152f4a313439c2527eae2aa6752/angle_32/model.fem,femm_zone/workspaces/f1e1/td/femm_runs/hash_c04d9ad27775eed9/hash_5ec4981c3d08406e/angle_32/model.fem,137037,bf9af6f9
03_new_spmsm_project/femm_zone/workspaces/f1e1/td/femm_runs/c04d9ad27775eed9cb1354a5feb277a8358064c6f1a8db913bdfb5147b157286/5ec4981c3d08406e96d458c2b2f1a499629a7152f4a313439c2527eae2aa6752/angle_32/state.json,femm_zone/workspaces/f1e1/td/femm_runs/hash_c04d9ad27775eed9/hash_5ec4981c3d08406e/angle_32/state.json,618,0b36f248
03_new_spmsm_project/femm_zone/workspaces/f1e1/td/femm_runs/c04d9ad27775eed9cb1354a5feb277a8358064c6f1a8db913bdfb5147b157286/5ec4981c3d08406e96d458c2b2f1a499629a7152f4a313439c2527eae2aa6752/angle_35/model.fem,femm_zone/workspaces/f1e1/td/femm_runs/hash_c04d9ad27775eed9/hash_5ec4981c3d08406e/angle_35/model.fem,137039,89c4d3a6
03_new_spmsm_project/femm_zone/workspaces/f1e1/td/femm_runs/c04d9ad27775eed9cb1354a5feb277a8358064c6f1a8db913bdfb5147b157286/5ec4981c3d08406e96d458c2b2f1a499629a7152f4a313439c2527eae2aa6752/angle_35/state.json,femm_zone/workspaces/f1e1/td/femm_runs/hash_c04d9ad27775eed9/hash_5ec4981c3d08406e/angle_35/state.json,620,3ab49d40
03_new_spmsm_project/femm_zone/workspaces/f1e1/td/femm_runs/c04d9ad27775eed9cb1354a5feb277a8358064c6f1a8db913bdfb5147b157286/5ec4981c3d08406e96d458c2b2f1a499629a7152f4a313439c2527eae2aa6752/angle_38/model.fem,femm_zone/workspaces/f1e1/td/femm_runs/hash_c04d9ad27775eed9/hash_5ec4981c3d08406e/angle_38/model.fem,137037,75c1fdc7
03_new_spmsm_project/femm_zone/workspaces/f1e1/td/femm_runs/c04d9ad27775eed9cb1354a5feb277a8358064c6f1a8db913bdfb5147b157286/5ec4981c3d08406e96d458c2b2f1a499629a7152f4a313439c2527eae2aa6752/angle_38/state.json,femm_zone/workspaces/f1e1/td/femm_runs/hash_c04d9ad27775eed9/hash_5ec4981c3d08406e/angle_38/state.json,619,18a230bf
03_new_spmsm_project/femm_zone/workspaces/f1e1/td/femm_runs/c04d9ad27775eed9cb1354a5feb277a8358064c6f1a8db913bdfb5147b157286/5ec4981c3d08406e96d458c2b2f1a499629a7152f4a313439c2527eae2aa6752/angle_41/model.fem,femm_zone/workspaces/f1e1/td/femm_runs/hash_c04d9ad27775eed9/hash_5ec4981c3d08406e/angle_41/model.fem,137037,dcb8aedc
03_new_spmsm_project/femm_zone/workspaces/f1e1/td/femm_runs/c04d9ad27775eed9cb1354a5feb277a8358064c6f1a8db913bdfb5147b157286/5ec4981c3d08406e96d458c2b2f1a499629a7152f4a313439c2527eae2aa6752/angle_41/state.json,femm_zone/workspaces/f1e1/td/femm_runs/hash_c04d9ad27775eed9/hash_5ec4981c3d08406e/angle_41/state.json,617,8030f528
03_new_spmsm_project/femm_zone/workspaces/f1e1/td/femm_runs/c04d9ad27775eed9cb1354a5feb277a8358064c6f1a8db913bdfb5147b157286/5ec4981c3d08406e96d458c2b2f1a499629a7152f4a313439c2527eae2aa6752/angle_44/model.fem,femm_zone/workspaces/f1e1/td/femm_runs/hash_c04d9ad27775eed9/hash_5ec4981c3d08406e/angle_44/model.fem,137022,72d1b5db
03_new_spmsm_project/femm_zone/workspaces/f1e1/td/femm_runs/c04d9ad27775eed9cb1354a5feb277a8358064c6f1a8db913bdfb5147b157286/5ec4981c3d08406e96d458c2b2f1a499629a7152f4a313439c2527eae2aa6752/angle_44/state.json,femm_zone/workspaces/f1e1/td/femm_runs/hash_c04d9ad27775eed9/hash_5ec4981c3d08406e/angle_44/state.json,606,f21e6f78
03_new_spmsm_project/femm_zone/workspaces/f1e1/td/femm_runs/c04d9ad27775eed9cb1354a5feb277a8358064c6f1a8db913bdfb5147b157286/6363814d9ce43ebcdd55652d797587096240322dd8cdbfda48f1b05e7313ae4d/angle_29/model.fem,femm_zone/workspaces/f1e1/td/femm_runs/hash_c04d9ad27775eed9/hash_6363814d9ce43ebc/angle_29/model.fem,135254,552f8810
03_new_spmsm_project/femm_zone/workspaces/f1e1/td/femm_runs/c04d9ad27775eed9cb1354a5feb277a8358064c6f1a8db913bdfb5147b157286/6363814d9ce43ebcdd55652d797587096240322dd8cdbfda48f1b05e7313ae4d/angle_29/state.json,femm_zone/workspaces/f1e1/td/femm_runs/hash_c04d9ad27775eed9/hash_6363814d9ce43ebc/angle_29/state.json,606,e74a7319
03_new_spmsm_project/femm_zone/workspaces/f1e1/td/femm_runs/c04d9ad27775eed9cb1354a5feb277a8358064c6f1a8db913bdfb5147b157286/6363814d9ce43ebcdd55652d797587096240322dd8cdbfda48f1b05e7313ae4d/angle_32/model.fem,femm_zone/workspaces/f1e1/td/femm_runs/hash_c04d9ad27775eed9/hash_6363814d9ce43ebc/angle_32/model.fem,135268,6c527691
03_new_spmsm_project/femm_zone/workspaces/f1e1/td/femm_runs/c04d9ad27775eed9cb1354a5feb277a8358064c6f1a8db913bdfb5147b157286/6363814d9ce43ebcdd55652d797587096240322dd8cdbfda48f1b05e7313ae4d/angle_32/state.json,femm_zone/workspaces/f1e1/td/femm_runs/hash_c04d9ad27775eed9/hash_6363814d9ce43ebc/angle_32/state.json,618,a8540b9d
03_new_spmsm_project/femm_zone/workspaces/f1e1/td/femm_runs/c04d9ad27775eed9cb1354a5feb277a8358064c6f1a8db913bdfb5147b157286/6363814d9ce43ebcdd55652d797587096240322dd8cdbfda48f1b05e7313ae4d/angle_35/model.fem,femm_zone/workspaces/f1e1/td/femm_runs/hash_c04d9ad27775eed9/hash_6363814d9ce43ebc/angle_35/model.fem,135270,d539ccfa
03_new_spmsm_project/femm_zone/workspaces/f1e1/td/femm_runs/c04d9ad27775eed9cb1354a5feb277a8358064c6f1a8db913bdfb5147b157286/6363814d9ce43ebcdd55652d797587096240322dd8cdbfda48f1b05e7313ae4d/angle_35/state.json,femm_zone/workspaces/f1e1/td/femm_runs/hash_c04d9ad27775eed9/hash_6363814d9ce43ebc/angle_35/state.json,620,ba4581eb
03_new_spmsm_project/femm_zone/workspaces/f1e1/td/femm_runs/c04d9ad27775eed9cb1354a5feb277a8358064c6f1a8db913bdfb5147b157286/6363814d9ce43ebcdd55652d797587096240322dd8cdbfda48f1b05e7313ae4d/angle_38/model.fem,femm_zone/workspaces/f1e1/td/femm_runs/hash_c04d9ad27775eed9/hash_6363814d9ce43ebc/angle_38/model.fem,135268,928c4159
03_new_spmsm_project/femm_zone/workspaces/f1e1/td/femm_runs/c04d9ad27775eed9cb1354a5feb277a8358064c6f1a8db913bdfb5147b157286/6363814d9ce43ebcdd55652d797587096240322dd8cdbfda48f1b05e7313ae4d/angle_38/state.json,femm_zone/workspaces/f1e1/td/femm_runs/hash_c04d9ad27775eed9/hash_6363814d9ce43ebc/angle_38/state.json,619,31b287c6
03_new_spmsm_project/femm_zone/workspaces/f1e1/td/femm_runs/c04d9ad27775eed9cb1354a5feb277a8358064c6f1a8db913bdfb5147b157286/6363814d9ce43ebcdd55652d797587096240322dd8cdbfda48f1b05e7313ae4d/angle_41/model.fem,femm_zone/workspaces/f1e1/td/femm_runs/hash_c04d9ad27775eed9/hash_6363814d9ce43ebc/angle_41/model.fem,135268,0b7eddcc
03_new_spmsm_project/femm_zone/workspaces/f1e1/td/femm_runs/c04d9ad27775eed9cb1354a5feb277a8358064c6f1a8db913bdfb5147b157286/6363814d9ce43ebcdd55652d797587096240322dd8cdbfda48f1b05e7313ae4d/angle_41/state.json,femm_zone/workspaces/f1e1/td/femm_runs/hash_c04d9ad27775eed9/hash_6363814d9ce43ebc/angle_41/state.json,617,7a864a82
03_new_spmsm_project/femm_zone/workspaces/f1e1/td/femm_runs/c04d9ad27775eed9cb1354a5feb277a8358064c6f1a8db913bdfb5147b157286/6363814d9ce43ebcdd55652d797587096240322dd8cdbfda48f1b05e7313ae4d/angle_44/model.fem,femm_zone/workspaces/f1e1/td/femm_runs/hash_c04d9ad27775eed9/hash_6363814d9ce43ebc/angle_44/model.fem,135253,56c0c4bf
03_new_spmsm_project/femm_zone/workspaces/f1e1/td/femm_runs/c04d9ad27775eed9cb1354a5feb277a8358064c6f1a8db913bdfb5147b157286/6363814d9ce43ebcdd55652d797587096240322dd8cdbfda48f1b05e7313ae4d/angle_44/state.json,femm_zone/workspaces/f1e1/td/femm_runs/hash_c04d9ad27775eed9/hash_6363814d9ce43ebc/angle_44/state.json,606,a95b3b27
03_new_spmsm_project/femm_zone/workspaces/f1e1/td/femm_runs/c04d9ad27775eed9cb1354a5feb277a8358064c6f1a8db913bdfb5147b157286/70597c9aeb361d9486527574c32657ac4fa9ce20563ae3695e0b9f7a51e08377/angle_29/model.fem,femm_zone/workspaces/f1e1/td/femm_runs/hash_c04d9ad27775eed9/hash_70597c9aeb361d94/angle_29/model.fem,137429,264ff3a5
03_new_spmsm_project/femm_zone/workspaces/f1e1/td/femm_runs/c04d9ad27775eed9cb1354a5feb277a8358064c6f1a8db913bdfb5147b157286/70597c9aeb361d9486527574c32657ac4fa9ce20563ae3695e0b9f7a51e08377/angle_29/state.json,femm_zone/workspaces/f1e1/td/femm_runs/hash_c04d9ad27775eed9/hash_70597c9aeb361d94/angle_29/state.json,606,687d8795
03_new_spmsm_project/femm_zone/workspaces/f1e1/td/femm_runs/c04d9ad27775eed9cb1354a5feb277a8358064c6f1a8db913bdfb5147b157286/70597c9aeb361d9486527574c32657ac4fa9ce20563ae3695e0b9f7a51e08377/angle_32/model.fem,femm_zone/workspaces/f1e1/td/femm_runs/hash_c04d9ad27775eed9/hash_70597c9aeb361d94/angle_32/model.fem,137443,67704644
03_new_spmsm_project/femm_zone/workspaces/f1e1/td/femm_runs/c04d9ad27775eed9cb1354a5feb277a8358064c6f1a8db913bdfb5147b157286/70597c9aeb361d9486527574c32657ac4fa9ce20563ae3695e0b9f7a51e08377/angle_32/state.json,femm_zone/workspaces/f1e1/td/femm_runs/hash_c04d9ad27775eed9/hash_70597c9aeb361d94/angle_32/state.json,618,b87a5171
03_new_spmsm_project/femm_zone/workspaces/f1e1/td/femm_runs/c04d9ad27775eed9cb1354a5feb277a8358064c6f1a8db913bdfb5147b157286/70597c9aeb361d9486527574c32657ac4fa9ce20563ae3695e0b9f7a51e08377/angle_35/model.fem,femm_zone/workspaces/f1e1/td/femm_runs/hash_c04d9ad27775eed9/hash_70597c9aeb361d94/angle_35/model.fem,137445,1af6a90c
03_new_spmsm_project/femm_zone/workspaces/f1e1/td/femm_runs/c04d9ad27775eed9cb1354a5feb277a8358064c6f1a8db913bdfb5147b157286/70597c9aeb361d9486527574c32657ac4fa9ce20563ae3695e0b9f7a51e08377/angle_35/state.json,femm_zone/workspaces/f1e1/td/femm_runs/hash_c04d9ad27775eed9/hash_70597c9aeb361d94/angle_35/state.json,620,be7637b9
03_new_spmsm_project/femm_zone/workspaces/f1e1/td/femm_runs/c04d9ad27775eed9cb1354a5feb277a8358064c6f1a8db913bdfb5147b157286/70597c9aeb361d9486527574c32657ac4fa9ce20563ae3695e0b9f7a51e08377/angle_38/model.fem,femm_zone/workspaces/f1e1/td/femm_runs/hash_c04d9ad27775eed9/hash_70597c9aeb361d94/angle_38/model.fem,137443,6f0ce30a
03_new_spmsm_project/femm_zone/workspaces/f1e1/td/femm_runs/c04d9ad27775eed9cb1354a5feb277a8358064c6f1a8db913bdfb5147b157286/70597c9aeb361d9486527574c32657ac4fa9ce20563ae3695e0b9f7a51e08377/angle_38/state.json,femm_zone/workspaces/f1e1/td/femm_runs/hash_c04d9ad27775eed9/hash_70597c9aeb361d94/angle_38/state.json,619,a2d7c60c
03_new_spmsm_project/femm_zone/workspaces/f1e1/td/femm_runs/c04d9ad27775eed9cb1354a5feb277a8358064c6f1a8db913bdfb5147b157286/70597c9aeb361d9486527574c32657ac4fa9ce20563ae3695e0b9f7a51e08377/angle_41/model.fem,femm_zone/workspaces/f1e1/td/femm_runs/hash_c04d9ad27775eed9/hash_70597c9aeb361d94/angle_41/model.fem,137443,1cfebcba
03_new_spmsm_project/femm_zone/workspaces/f1e1/td/femm_runs/c04d9ad27775eed9cb1354a5feb277a8358064c6f1a8db913bdfb5147b157286/70597c9aeb361d9486527574c32657ac4fa9ce20563ae3695e0b9f7a51e08377/angle_41/state.json,femm_zone/workspaces/f1e1/td/femm_runs/hash_c04d9ad27775eed9/hash_70597c9aeb361d94/angle_41/state.json,617,633ece17
03_new_spmsm_project/femm_zone/workspaces/f1e1/td/femm_runs/c04d9ad27775eed9cb1354a5feb277a8358064c6f1a8db913bdfb5147b157286/70597c9aeb361d9486527574c32657ac4fa9ce20563ae3695e0b9f7a51e08377/angle_44/model.fem,femm_zone/workspaces/f1e1/td/femm_runs/hash_c04d9ad27775eed9/hash_70597c9aeb361d94/angle_44/model.fem,137428,7c72080a
03_new_spmsm_project/femm_zone/workspaces/f1e1/td/femm_runs/c04d9ad27775eed9cb1354a5feb277a8358064c6f1a8db913bdfb5147b157286/70597c9aeb361d9486527574c32657ac4fa9ce20563ae3695e0b9f7a51e08377/angle_44/state.json,femm_zone/workspaces/f1e1/td/femm_runs/hash_c04d9ad27775eed9/hash_70597c9aeb361d94/angle_44/state.json,606,ea7d2438
03_new_spmsm_project/femm_zone/workspaces/f1e1/td/femm_runs/c04d9ad27775eed9cb1354a5feb277a8358064c6f1a8db913bdfb5147b157286/76644b19a3e2cef3b66c83e4008c0036b34b3a1fc3ff6ebe972ba4f25de16519/angle_29/model.fem,femm_zone/workspaces/f1e1/td/femm_runs/hash_c04d9ad27775eed9/hash_76644b19a3e2cef3/angle_29/model.fem,136675,cbb9eef6
03_new_spmsm_project/femm_zone/workspaces/f1e1/td/femm_runs/c04d9ad27775eed9cb1354a5feb277a8358064c6f1a8db913bdfb5147b157286/76644b19a3e2cef3b66c83e4008c0036b34b3a1fc3ff6ebe972ba4f25de16519/angle_29/state.json,femm_zone/workspaces/f1e1/td/femm_runs/hash_c04d9ad27775eed9/hash_76644b19a3e2cef3/angle_29/state.json,606,034f9d84
03_new_spmsm_project/femm_zone/workspaces/f1e1/td/femm_runs/c04d9ad27775eed9cb1354a5feb277a8358064c6f1a8db913bdfb5147b157286/76644b19a3e2cef3b66c83e4008c0036b34b3a1fc3ff6ebe972ba4f25de16519/angle_32/model.fem,femm_zone/workspaces/f1e1/td/femm_runs/hash_c04d9ad27775eed9/hash_76644b19a3e2cef3/angle_32/model.fem,136689,09841de8
03_new_spmsm_project/femm_zone/workspaces/f1e1/td/femm_runs/c04d9ad27775eed9cb1354a5feb277a8358064c6f1a8db913bdfb5147b157286/76644b19a3e2cef3b66c83e4008c0036b34b3a1fc3ff6ebe972ba4f25de16519/angle_32/state.json,femm_zone/workspaces/f1e1/td/femm_runs/hash_c04d9ad27775eed9/hash_76644b19a3e2cef3/angle_32/state.json,618,0398a62b
03_new_spmsm_project/femm_zone/workspaces/f1e1/td/femm_runs/c04d9ad27775eed9cb1354a5feb277a8358064c6f1a8db913bdfb5147b157286/76644b19a3e2cef3b66c83e4008c0036b34b3a1fc3ff6ebe972ba4f25de16519/angle_35/model.fem,femm_zone/workspaces/f1e1/td/femm_runs/hash_c04d9ad27775eed9/hash_76644b19a3e2cef3/angle_35/model.fem,136691,38860662
03_new_spmsm_project/femm_zone/workspaces/f1e1/td/femm_runs/c04d9ad27775eed9cb1354a5feb277a8358064c6f1a8db913bdfb5147b157286/76644b19a3e2cef3b66c83e4008c0036b34b3a1fc3ff6ebe972ba4f25de16519/angle_35/state.json,femm_zone/workspaces/f1e1/td/femm_runs/hash_c04d9ad27775eed9/hash_76644b19a3e2cef3/angle_35/state.json,620,f51da39c
03_new_spmsm_project/femm_zone/workspaces/f1e1/td/femm_runs/c04d9ad27775eed9cb1354a5feb277a8358064c6f1a8db913bdfb5147b157286/76644b19a3e2cef3b66c83e4008c0036b34b3a1fc3ff6ebe972ba4f25de16519/angle_38/model.fem,femm_zone/workspaces/f1e1/td/femm_runs/hash_c04d9ad27775eed9/hash_76644b19a3e2cef3/angle_38/model.fem,136689,18ec3b26
03_new_spmsm_project/femm_zone/workspaces/f1e1/td/femm_runs/c04d9ad27775eed9cb1354a5feb277a8358064c6f1a8db913bdfb5147b157286/76644b19a3e2cef3b66c83e4008c0036b34b3a1fc3ff6ebe972ba4f25de16519/angle_38/state.json,femm_zone/workspaces/f1e1/td/femm_runs/hash_c04d9ad27775eed9/hash_76644b19a3e2cef3/angle_38/state.json,619,cf9be2d8
03_new_spmsm_project/femm_zone/workspaces/f1e1/td/femm_runs/c04d9ad27775eed9cb1354a5feb277a8358064c6f1a8db913bdfb5147b157286/76644b19a3e2cef3b66c83e4008c0036b34b3a1fc3ff6ebe972ba4f25de16519/angle_41/model.fem,femm_zone/workspaces/f1e1/td/femm_runs/hash_c04d9ad27775eed9/hash_76644b19a3e2cef3/angle_41/model.fem,136689,6d141647
03_new_spmsm_project/femm_zone/workspaces/f1e1/td/femm_runs/c04d9ad27775eed9cb1354a5feb277a8358064c6f1a8db913bdfb5147b157286/76644b19a3e2cef3b66c83e4008c0036b34b3a1fc3ff6ebe972ba4f25de16519/angle_41/state.json,femm_zone/workspaces/f1e1/td/femm_runs/hash_c04d9ad27775eed9/hash_76644b19a3e2cef3/angle_41/state.json,617,4919d386
03_new_spmsm_project/femm_zone/workspaces/f1e1/td/femm_runs/c04d9ad27775eed9cb1354a5feb277a8358064c6f1a8db913bdfb5147b157286/76644b19a3e2cef3b66c83e4008c0036b34b3a1fc3ff6ebe972ba4f25de16519/angle_44/model.fem,femm_zone/workspaces/f1e1/td/femm_runs/hash_c04d9ad27775eed9/hash_76644b19a3e2cef3/angle_44/model.fem,136674,416871cb
03_new_spmsm_project/femm_zone/workspaces/f1e1/td/femm_runs/c04d9ad27775eed9cb1354a5feb277a8358064c6f1a8db913bdfb5147b157286/76644b19a3e2cef3b66c83e4008c0036b34b3a1fc3ff6ebe972ba4f25de16519/angle_44/state.json,femm_zone/workspaces/f1e1/td/femm_runs/hash_c04d9ad27775eed9/hash_76644b19a3e2cef3/angle_44/state.json,606,71306d8f
03_new_spmsm_project/femm_zone/workspaces/f1e1/td/femm_runs/c04d9ad27775eed9cb1354a5feb277a8358064c6f1a8db913bdfb5147b157286/7afc4fc8d95b14beeff954db3168e97b98fc01af9b075387c785a580dfd2a4d3/angle_29/model.fem,femm_zone/workspaces/f1e1/td/femm_runs/hash_c04d9ad27775eed9/hash_7afc4fc8d95b14be/angle_29/model.fem,137226,6cc53c70
03_new_spmsm_project/femm_zone/workspaces/f1e1/td/femm_runs/c04d9ad27775eed9cb1354a5feb277a8358064c6f1a8db913bdfb5147b157286/7afc4fc8d95b14beeff954db3168e97b98fc01af9b075387c785a580dfd2a4d3/angle_29/state.json,femm_zone/workspaces/f1e1/td/femm_runs/hash_c04d9ad27775eed9/hash_7afc4fc8d95b14be/angle_29/state.json,606,b05f01c8
03_new_spmsm_project/femm_zone/workspaces/f1e1/td/femm_runs/c04d9ad27775eed9cb1354a5feb277a8358064c6f1a8db913bdfb5147b157286/7afc4fc8d95b14beeff954db3168e97b98fc01af9b075387c785a580dfd2a4d3/angle_32/model.fem,femm_zone/workspaces/f1e1/td/femm_runs/hash_c04d9ad27775eed9/hash_7afc4fc8d95b14be/angle_32/model.fem,137240,2184156c
03_new_spmsm_project/femm_zone/workspaces/f1e1/td/femm_runs/c04d9ad27775eed9cb1354a5feb277a8358064c6f1a8db913bdfb5147b157286/7afc4fc8d95b14beeff954db3168e97b98fc01af9b075387c785a580dfd2a4d3/angle_32/state.json,femm_zone/workspaces/f1e1/td/femm_runs/hash_c04d9ad27775eed9/hash_7afc4fc8d95b14be/angle_32/state.json,618,3f5b9b23
03_new_spmsm_project/femm_zone/workspaces/f1e1/td/femm_runs/c04d9ad27775eed9cb1354a5feb277a8358064c6f1a8db913bdfb5147b157286/7afc4fc8d95b14beeff954db3168e97b98fc01af9b075387c785a580dfd2a4d3/angle_35/model.fem,femm_zone/workspaces/f1e1/td/femm_runs/hash_c04d9ad27775eed9/hash_7afc4fc8d95b14be/angle_35/model.fem,137242,4bff70bb
03_new_spmsm_project/femm_zone/workspaces/f1e1/td/femm_runs/c04d9ad27775eed9cb1354a5feb277a8358064c6f1a8db913bdfb5147b157286/7afc4fc8d95b14beeff954db3168e97b98fc01af9b075387c785a580dfd2a4d3/angle_35/state.json,femm_zone/workspaces/f1e1/td/femm_runs/hash_c04d9ad27775eed9/hash_7afc4fc8d95b14be/angle_35/state.json,620,7bafc4c3
03_new_spmsm_project/femm_zone/workspaces/f1e1/td/femm_runs/c04d9ad27775eed9cb1354a5feb277a8358064c6f1a8db913bdfb5147b157286/7afc4fc8d95b14beeff954db3168e97b98fc01af9b075387c785a580dfd2a4d3/angle_38/model.fem,femm_zone/workspaces/f1e1/td/femm_runs/hash_c04d9ad27775eed9/hash_7afc4fc8d95b14be/angle_38/model.fem,137240,145112fd
03_new_spmsm_project/femm_zone/workspaces/f1e1/td/femm_runs/c04d9ad27775eed9cb1354a5feb277a8358064c6f1a8db913bdfb5147b157286/7afc4fc8d95b14beeff954db3168e97b98fc01af9b075387c785a580dfd2a4d3/angle_38/state.json,femm_zone/workspaces/f1e1/td/femm_runs/hash_c04d9ad27775eed9/hash_7afc4fc8d95b14be/angle_38/state.json,619,1bcda9f7
03_new_spmsm_project/femm_zone/workspaces/f1e1/td/femm_runs/c04d9ad27775eed9cb1354a5feb277a8358064c6f1a8db913bdfb5147b157286/7afc4fc8d95b14beeff954db3168e97b98fc01af9b075387c785a580dfd2a4d3/angle_41/model.fem,femm_zone/workspaces/f1e1/td/femm_runs/hash_c04d9ad27775eed9/hash_7afc4fc8d95b14be/angle_41/model.fem,137240,e9040fcf
03_new_spmsm_project/femm_zone/workspaces/f1e1/td/femm_runs/c04d9ad27775eed9cb1354a5feb277a8358064c6f1a8db913bdfb5147b157286/7afc4fc8d95b14beeff954db3168e97b98fc01af9b075387c785a580dfd2a4d3/angle_41/state.json,femm_zone/workspaces/f1e1/td/femm_runs/hash_c04d9ad27775eed9/hash_7afc4fc8d95b14be/angle_41/state.json,617,e3032e70
03_new_spmsm_project/femm_zone/workspaces/f1e1/td/femm_runs/c04d9ad27775eed9cb1354a5feb277a8358064c6f1a8db913bdfb5147b157286/7afc4fc8d95b14beeff954db3168e97b98fc01af9b075387c785a580dfd2a4d3/angle_44/model.fem,femm_zone/workspaces/f1e1/td/femm_runs/hash_c04d9ad27775eed9/hash_7afc4fc8d95b14be/angle_44/model.fem,137225,52fa59cf
03_new_spmsm_project/femm_zone/workspaces/f1e1/td/femm_runs/c04d9ad27775eed9cb1354a5feb277a8358064c6f1a8db913bdfb5147b157286/7afc4fc8d95b14beeff954db3168e97b98fc01af9b075387c785a580dfd2a4d3/angle_44/state.json,femm_zone/workspaces/f1e1/td/femm_runs/hash_c04d9ad27775eed9/hash_7afc4fc8d95b14be/angle_44/state.json,606,57e7d4d2
03_new_spmsm_project/femm_zone/workspaces/f1e1/td/femm_runs/c04d9ad27775eed9cb1354a5feb277a8358064c6f1a8db913bdfb5147b157286/7d28bd5995baaea75018175749091b0b167c29742866524591e01167bc4ee430/angle_29/model.fem,femm_zone/workspaces/f1e1/td/femm_runs/hash_c04d9ad27775eed9/hash_7d28bd5995baaea7/angle_29/model.fem,138096,5f81e0ca
03_new_spmsm_project/femm_zone/workspaces/f1e1/td/femm_runs/c04d9ad27775eed9cb1354a5feb277a8358064c6f1a8db913bdfb5147b157286/7d28bd5995baaea75018175749091b0b167c29742866524591e01167bc4ee430/angle_29/state.json,femm_zone/workspaces/f1e1/td/femm_runs/hash_c04d9ad27775eed9/hash_7d28bd5995baaea7/angle_29/state.json,606,e49b82f8
03_new_spmsm_project/femm_zone/workspaces/f1e1/td/femm_runs/c04d9ad27775eed9cb1354a5feb277a8358064c6f1a8db913bdfb5147b157286/7d28bd5995baaea75018175749091b0b167c29742866524591e01167bc4ee430/angle_32/model.fem,femm_zone/workspaces/f1e1/td/femm_runs/hash_c04d9ad27775eed9/hash_7d28bd5995baaea7/angle_32/model.fem,138110,70c4888c
03_new_spmsm_project/femm_zone/workspaces/f1e1/td/femm_runs/c04d9ad27775eed9cb1354a5feb277a8358064c6f1a8db913bdfb5147b157286/7d28bd5995baaea75018175749091b0b167c29742866524591e01167bc4ee430/angle_32/state.json,femm_zone/workspaces/f1e1/td/femm_runs/hash_c04d9ad27775eed9/hash_7d28bd5995baaea7/angle_32/state.json,618,d03f5a2f
03_new_spmsm_project/femm_zone/workspaces/f1e1/td/femm_runs/c04d9ad27775eed9cb1354a5feb277a8358064c6f1a8db913bdfb5147b157286/7d28bd5995baaea75018175749091b0b167c29742866524591e01167bc4ee430/angle_35/model.fem,femm_zone/workspaces/f1e1/td/femm_runs/hash_c04d9ad27775eed9/hash_7d28bd5995baaea7/angle_35/model.fem,138112,cf45c00f
03_new_spmsm_project/femm_zone/workspaces/f1e1/td/femm_runs/c04d9ad27775eed9cb1354a5feb277a8358064c6f1a8db913bdfb5147b157286/7d28bd5995baaea75018175749091b0b167c29742866524591e01167bc4ee430/angle_35/state.json,femm_zone/workspaces/f1e1/td/femm_runs/hash_c04d9ad27775eed9/hash_7d28bd5995baaea7/angle_35/state.json,620,c7d779f9
03_new_spmsm_project/femm_zone/workspaces/f1e1/td/femm_runs/c04d9ad27775eed9cb1354a5feb277a8358064c6f1a8db913bdfb5147b157286/7d28bd5995baaea75018175749091b0b167c29742866524591e01167bc4ee430/angle_38/model.fem,femm_zone/workspaces/f1e1/td/femm_runs/hash_c04d9ad27775eed9/hash_7d28bd5995baaea7/angle_38/model.fem,138110,764e740f
03_new_spmsm_project/femm_zone/workspaces/f1e1/td/femm_runs/c04d9ad27775eed9cb1354a5feb277a8358064c6f1a8db913bdfb5147b157286/7d28bd5995baaea75018175749091b0b167c29742866524591e01167bc4ee430/angle_38/state.json,femm_zone/workspaces/f1e1/td/femm_runs/hash_c04d9ad27775eed9/hash_7d28bd5995baaea7/angle_38/state.json,619,4908d115
03_new_spmsm_project/femm_zone/workspaces/f1e1/td/femm_runs/c04d9ad27775eed9cb1354a5feb277a8358064c6f1a8db913bdfb5147b157286/7d28bd5995baaea75018175749091b0b167c29742866524591e01167bc4ee430/angle_41/model.fem,femm_zone/workspaces/f1e1/td/femm_runs/hash_c04d9ad27775eed9/hash_7d28bd5995baaea7/angle_41/model.fem,138110,a2a40c61
03_new_spmsm_project/femm_zone/workspaces/f1e1/td/femm_runs/c04d9ad27775eed9cb1354a5feb277a8358064c6f1a8db913bdfb5147b157286/7d28bd5995baaea75018175749091b0b167c29742866524591e01167bc4ee430/angle_41/state.json,femm_zone/workspaces/f1e1/td/femm_runs/hash_c04d9ad27775eed9/hash_7d28bd5995baaea7/angle_41/state.json,617,2e223ac5
03_new_spmsm_project/femm_zone/workspaces/f1e1/td/femm_runs/c04d9ad27775eed9cb1354a5feb277a8358064c6f1a8db913bdfb5147b157286/7d28bd5995baaea75018175749091b0b167c29742866524591e01167bc4ee430/angle_44/model.fem,femm_zone/workspaces/f1e1/td/femm_runs/hash_c04d9ad27775eed9/hash_7d28bd5995baaea7/angle_44/model.fem,138095,18e6db4b
03_new_spmsm_project/femm_zone/workspaces/f1e1/td/femm_runs/c04d9ad27775eed9cb1354a5feb277a8358064c6f1a8db913bdfb5147b157286/7d28bd5995baaea75018175749091b0b167c29742866524591e01167bc4ee430/angle_44/state.json,femm_zone/workspaces/f1e1/td/femm_runs/hash_c04d9ad27775eed9/hash_7d28bd5995baaea7/angle_44/state.json,606,416d2369
03_new_spmsm_project/femm_zone/workspaces/f1e1/td/femm_runs/c04d9ad27775eed9cb1354a5feb277a8358064c6f1a8db913bdfb5147b157286/86c4ff5fbd5f3323284423f9412f402040060bd95a730c2f8eb9af9ee2c023ae/angle_29/model.fem,femm_zone/workspaces/f1e1/td/femm_runs/hash_c04d9ad27775eed9/hash_86c4ff5fbd5f3323/angle_29/model.fem,137603,85dd26f7
03_new_spmsm_project/femm_zone/workspaces/f1e1/td/femm_runs/c04d9ad27775eed9cb1354a5feb277a8358064c6f1a8db913bdfb5147b157286/86c4ff5fbd5f3323284423f9412f402040060bd95a730c2f8eb9af9ee2c023ae/angle_29/state.json,femm_zone/workspaces/f1e1/td/femm_runs/hash_c04d9ad27775eed9/hash_86c4ff5fbd5f3323/angle_29/state.json,606,c61b9812
03_new_spmsm_project/femm_zone/workspaces/f1e1/td/femm_runs/c04d9ad27775eed9cb1354a5feb277a8358064c6f1a8db913bdfb5147b157286/86c4ff5fbd5f3323284423f9412f402040060bd95a730c2f8eb9af9ee2c023ae/angle_32/model.fem,femm_zone/workspaces/f1e1/td/femm_runs/hash_c04d9ad27775eed9/hash_86c4ff5fbd5f3323/angle_32/model.fem,137617,c68c0b95
03_new_spmsm_project/femm_zone/workspaces/f1e1/td/femm_runs/c04d9ad27775eed9cb1354a5feb277a8358064c6f1a8db913bdfb5147b157286/86c4ff5fbd5f3323284423f9412f402040060bd95a730c2f8eb9af9ee2c023ae/angle_32/state.json,femm_zone/workspaces/f1e1/td/femm_runs/hash_c04d9ad27775eed9/hash_86c4ff5fbd5f3323/angle_32/state.json,618,4aa0f3a4
03_new_spmsm_project/femm_zone/workspaces/f1e1/td/femm_runs/c04d9ad27775eed9cb1354a5feb277a8358064c6f1a8db913bdfb5147b157286/86c4ff5fbd5f3323284423f9412f402040060bd95a730c2f8eb9af9ee2c023ae/angle_35/model.fem,femm_zone/workspaces/f1e1/td/femm_runs/hash_c04d9ad27775eed9/hash_86c4ff5fbd5f3323/angle_35/model.fem,137619,a015c6e0
03_new_spmsm_project/femm_zone/workspaces/f1e1/td/femm_runs/c04d9ad27775eed9cb1354a5feb277a8358064c6f1a8db913bdfb5147b157286/86c4ff5fbd5f3323284423f9412f402040060bd95a730c2f8eb9af9ee2c023ae/angle_35/state.json,femm_zone/workspaces/f1e1/td/femm_runs/hash_c04d9ad27775eed9/hash_86c4ff5fbd5f3323/angle_35/state.json,620,cab27d84
03_new_spmsm_project/femm_zone/workspaces/f1e1/td/femm_runs/c04d9ad27775eed9cb1354a5feb277a8358064c6f1a8db913bdfb5147b157286/86c4ff5fbd5f3323284423f9412f402040060bd95a730c2f8eb9af9ee2c023ae/angle_38/model.fem,femm_zone/workspaces/f1e1/td/femm_runs/hash_c04d9ad27775eed9/hash_86c4ff5fbd5f3323/angle_38/model.fem,137617,779cda72
03_new_spmsm_project/femm_zone/workspaces/f1e1/td/femm_runs/c04d9ad27775eed9cb1354a5feb277a8358064c6f1a8db913bdfb5147b157286/86c4ff5fbd5f3323284423f9412f402040060bd95a730c2f8eb9af9ee2c023ae/angle_38/state.json,femm_zone/workspaces/f1e1/td/femm_runs/hash_c04d9ad27775eed9/hash_86c4ff5fbd5f3323/angle_38/state.json,619,de9ba8bc
03_new_spmsm_project/femm_zone/workspaces/f1e1/td/femm_runs/c04d9ad27775eed9cb1354a5feb277a8358064c6f1a8db913bdfb5147b157286/86c4ff5fbd5f3323284423f9412f402040060bd95a730c2f8eb9af9ee2c023ae/angle_41/model.fem,femm_zone/workspaces/f1e1/td/femm_runs/hash_c04d9ad27775eed9/hash_86c4ff5fbd5f3323/angle_41/model.fem,137617,102b91bc
03_new_spmsm_project/femm_zone/workspaces/f1e1/td/femm_runs/c04d9ad27775eed9cb1354a5feb277a8358064c6f1a8db913bdfb5147b157286/86c4ff5fbd5f3323284423f9412f402040060bd95a730c2f8eb9af9ee2c023ae/angle_41/state.json,femm_zone/workspaces/f1e1/td/femm_runs/hash_c04d9ad27775eed9/hash_86c4ff5fbd5f3323/angle_41/state.json,617,f48f08be
03_new_spmsm_project/femm_zone/workspaces/f1e1/td/femm_runs/c04d9ad27775eed9cb1354a5feb277a8358064c6f1a8db913bdfb5147b157286/86c4ff5fbd5f3323284423f9412f402040060bd95a730c2f8eb9af9ee2c023ae/angle_44/model.fem,femm_zone/workspaces/f1e1/td/femm_runs/hash_c04d9ad27775eed9/hash_86c4ff5fbd5f3323/angle_44/model.fem,137602,92d7c22e
03_new_spmsm_project/femm_zone/workspaces/f1e1/td/femm_runs/c04d9ad27775eed9cb1354a5feb277a8358064c6f1a8db913bdfb5147b157286/86c4ff5fbd5f3323284423f9412f402040060bd95a730c2f8eb9af9ee2c023ae/angle_44/state.json,femm_zone/workspaces/f1e1/td/femm_runs/hash_c04d9ad27775eed9/hash_86c4ff5fbd5f3323/angle_44/state.json,606,af1fe562
03_new_spmsm_project/femm_zone/workspaces/f1e1/td/femm_runs/c04d9ad27775eed9cb1354a5feb277a8358064c6f1a8db913bdfb5147b157286/8aec2b37d3ece7a4368cbaa4c7e6560daf3d3838ab3d27e350bf45d8700fc846/angle_29/model.fem,femm_zone/workspaces/f1e1/td/femm_runs/hash_c04d9ad27775eed9/hash_8aec2b37d3ece7a4/angle_29/model.fem,138357,5c0c43ef
03_new_spmsm_project/femm_zone/workspaces/f1e1/td/femm_runs/c04d9ad27775eed9cb1354a5feb277a8358064c6f1a8db913bdfb5147b157286/8aec2b37d3ece7a4368cbaa4c7e6560daf3d3838ab3d27e350bf45d8700fc846/angle_29/state.json,femm_zone/workspaces/f1e1/td/femm_runs/hash_c04d9ad27775eed9/hash_8aec2b37d3ece7a4/angle_29/state.json,606,045330a9
03_new_spmsm_project/femm_zone/workspaces/f1e1/td/femm_runs/c04d9ad27775eed9cb1354a5feb277a8358064c6f1a8db913bdfb5147b157286/8aec2b37d3ece7a4368cbaa4c7e6560daf3d3838ab3d27e350bf45d8700fc846/angle_32/model.fem,femm_zone/workspaces/f1e1/td/femm_runs/hash_c04d9ad27775eed9/hash_8aec2b37d3ece7a4/angle_32/model.fem,138371,c07c301d
03_new_spmsm_project/femm_zone/workspaces/f1e1/td/femm_runs/c04d9ad27775eed9cb1354a5feb277a8358064c6f1a8db913bdfb5147b157286/8aec2b37d3ece7a4368cbaa4c7e6560daf3d3838ab3d27e350bf45d8700fc846/angle_32/state.json,femm_zone/workspaces/f1e1/td/femm_runs/hash_c04d9ad27775eed9/hash_8aec2b37d3ece7a4/angle_32/state.json,618,6509fa87
03_new_spmsm_project/femm_zone/workspaces/f1e1/td/femm_runs/c04d9ad27775eed9cb1354a5feb277a8358064c6f1a8db913bdfb5147b157286/8aec2b37d3ece7a4368cbaa4c7e6560daf3d3838ab3d27e350bf45d8700fc846/angle_35/model.fem,femm_zone/workspaces/f1e1/td/femm_runs/hash_c04d9ad27775eed9/hash_8aec2b37d3ece7a4/angle_35/model.fem,138373,07254aac
03_new_spmsm_project/femm_zone/workspaces/f1e1/td/femm_runs/c04d9ad27775eed9cb1354a5feb277a8358064c6f1a8db913bdfb5147b157286/8aec2b37d3ece7a4368cbaa4c7e6560daf3d3838ab3d27e350bf45d8700fc846/angle_35/state.json,femm_zone/workspaces/f1e1/td/femm_runs/hash_c04d9ad27775eed9/hash_8aec2b37d3ece7a4/angle_35/state.json,620,42523575
03_new_spmsm_project/femm_zone/workspaces/f1e1/td/femm_runs/c04d9ad27775eed9cb1354a5feb277a8358064c6f1a8db913bdfb5147b157286/8aec2b37d3ece7a4368cbaa4c7e6560daf3d3838ab3d27e350bf45d8700fc846/angle_38/model.fem,femm_zone/workspaces/f1e1/td/femm_runs/hash_c04d9ad27775eed9/hash_8aec2b37d3ece7a4/angle_38/model.fem,138371,d78a30c8
03_new_spmsm_project/femm_zone/workspaces/f1e1/td/femm_runs/c04d9ad27775eed9cb1354a5feb277a8358064c6f1a8db913bdfb5147b157286/8aec2b37d3ece7a4368cbaa4c7e6560daf3d3838ab3d27e350bf45d8700fc846/angle_38/state.json,femm_zone/workspaces/f1e1/td/femm_runs/hash_c04d9ad27775eed9/hash_8aec2b37d3ece7a4/angle_38/state.json,619,376261b5
03_new_spmsm_project/femm_zone/workspaces/f1e1/td/femm_runs/c04d9ad27775eed9cb1354a5feb277a8358064c6f1a8db913bdfb5147b157286/8aec2b37d3ece7a4368cbaa4c7e6560daf3d3838ab3d27e350bf45d8700fc846/angle_41/model.fem,femm_zone/workspaces/f1e1/td/femm_runs/hash_c04d9ad27775eed9/hash_8aec2b37d3ece7a4/angle_41/model.fem,138371,933aa48e
03_new_spmsm_project/femm_zone/workspaces/f1e1/td/femm_runs/c04d9ad27775eed9cb1354a5feb277a8358064c6f1a8db913bdfb5147b157286/8aec2b37d3ece7a4368cbaa4c7e6560daf3d3838ab3d27e350bf45d8700fc846/angle_41/state.json,femm_zone/workspaces/f1e1/td/femm_runs/hash_c04d9ad27775eed9/hash_8aec2b37d3ece7a4/angle_41/state.json,617,71f9d8af
03_new_spmsm_project/femm_zone/workspaces/f1e1/td/femm_runs/c04d9ad27775eed9cb1354a5feb277a8358064c6f1a8db913bdfb5147b157286/8aec2b37d3ece7a4368cbaa4c7e6560daf3d3838ab3d27e350bf45d8700fc846/angle_44/model.fem,femm_zone/workspaces/f1e1/td/femm_runs/hash_c04d9ad27775eed9/hash_8aec2b37d3ece7a4/angle_44/model.fem,138356,97394424
03_new_spmsm_project/femm_zone/workspaces/f1e1/td/femm_runs/c04d9ad27775eed9cb1354a5feb277a8358064c6f1a8db913bdfb5147b157286/8aec2b37d3ece7a4368cbaa4c7e6560daf3d3838ab3d27e350bf45d8700fc846/angle_44/state.json,femm_zone/workspaces/f1e1/td/femm_runs/hash_c04d9ad27775eed9/hash_8aec2b37d3ece7a4/angle_44/state.json,606,96d19b8c
03_new_spmsm_project/femm_zone/workspaces/f1e1/td/femm_runs/c04d9ad27775eed9cb1354a5feb277a8358064c6f1a8db913bdfb5147b157286/93fc2788423be8c3dcacc98f611bbe914f578733da663fbf94c2ac6ace496ad5/angle_29/model.fem,femm_zone/workspaces/f1e1/td/femm_runs/hash_c04d9ad27775eed9/hash_93fc2788423be8c3/angle_29/model.fem,137922,122bea83
03_new_spmsm_project/femm_zone/workspaces/f1e1/td/femm_runs/c04d9ad27775eed9cb1354a5feb277a8358064c6f1a8db913bdfb5147b157286/93fc2788423be8c3dcacc98f611bbe914f578733da663fbf94c2ac6ace496ad5/angle_29/state.json,femm_zone/workspaces/f1e1/td/femm_runs/hash_c04d9ad27775eed9/hash_93fc2788423be8c3/angle_29/state.json,606,cc4b5131
03_new_spmsm_project/femm_zone/workspaces/f1e1/td/femm_runs/c04d9ad27775eed9cb1354a5feb277a8358064c6f1a8db913bdfb5147b157286/93fc2788423be8c3dcacc98f611bbe914f578733da663fbf94c2ac6ace496ad5/angle_32/model.fem,femm_zone/workspaces/f1e1/td/femm_runs/hash_c04d9ad27775eed9/hash_93fc2788423be8c3/angle_32/model.fem,137936,189c2d8f
03_new_spmsm_project/femm_zone/workspaces/f1e1/td/femm_runs/c04d9ad27775eed9cb1354a5feb277a8358064c6f1a8db913bdfb5147b157286/93fc2788423be8c3dcacc98f611bbe914f578733da663fbf94c2ac6ace496ad5/angle_32/state.json,femm_zone/workspaces/f1e1/td/femm_runs/hash_c04d9ad27775eed9/hash_93fc2788423be8c3/angle_32/state.json,618,337e1028
03_new_spmsm_project/femm_zone/workspaces/f1e1/td/femm_runs/c04d9ad27775eed9cb1354a5feb277a8358064c6f1a8db913bdfb5147b157286/93fc2788423be8c3dcacc98f611bbe914f578733da663fbf94c2ac6ace496ad5/angle_35/model.fem,femm_zone/workspaces/f1e1/td/femm_runs/hash_c04d9ad27775eed9/hash_93fc2788423be8c3/angle_35/model.fem,137938,ecc49e2a
03_new_spmsm_project/femm_zone/workspaces/f1e1/td/femm_runs/c04d9ad27775eed9cb1354a5feb277a8358064c6f1a8db913bdfb5147b157286/93fc2788423be8c3dcacc98f611bbe914f578733da663fbf94c2ac6ace496ad5/angle_35/state.json,femm_zone/workspaces/f1e1/td/femm_runs/hash_c04d9ad27775eed9/hash_93fc2788423be8c3/angle_35/state.json,620,856143bd
03_new_spmsm_project/femm_zone/workspaces/f1e1/td/femm_runs/c04d9ad27775eed9cb1354a5feb277a8358064c6f1a8db913bdfb5147b157286/93fc2788423be8c3dcacc98f611bbe914f578733da663fbf94c2ac6ace496ad5/angle_38/model.fem,femm_zone/workspaces/f1e1/td/femm_runs/hash_c04d9ad27775eed9/hash_93fc2788423be8c3/angle_38/model.fem,137936,097fe223
03_new_spmsm_project/femm_zone/workspaces/f1e1/td/femm_runs/c04d9ad27775eed9cb1354a5feb277a8358064c6f1a8db913bdfb5147b157286/93fc2788423be8c3dcacc98f611bbe914f578733da663fbf94c2ac6ace496ad5/angle_38/state.json,femm_zone/workspaces/f1e1/td/femm_runs/hash_c04d9ad27775eed9/hash_93fc2788423be8c3/angle_38/state.json,619,7ba885fd
03_new_spmsm_project/femm_zone/workspaces/f1e1/td/femm_runs/c04d9ad27775eed9cb1354a5feb277a8358064c6f1a8db913bdfb5147b157286/93fc2788423be8c3dcacc98f611bbe914f578733da663fbf94c2ac6ace496ad5/angle_41/model.fem,femm_zone/workspaces/f1e1/td/femm_runs/hash_c04d9ad27775eed9/hash_93fc2788423be8c3/angle_41/model.fem,137936,565fcce7
03_new_spmsm_project/femm_zone/workspaces/f1e1/td/femm_runs/c04d9ad27775eed9cb1354a5feb277a8358064c6f1a8db913bdfb5147b157286/93fc2788423be8c3dcacc98f611bbe914f578733da663fbf94c2ac6ace496ad5/angle_41/state.json,femm_zone/workspaces/f1e1/td/femm_runs/hash_c04d9ad27775eed9/hash_93fc2788423be8c3/angle_41/state.json,617,e0c973e2
03_new_spmsm_project/femm_zone/workspaces/f1e1/td/femm_runs/c04d9ad27775eed9cb1354a5feb277a8358064c6f1a8db913bdfb5147b157286/93fc2788423be8c3dcacc98f611bbe914f578733da663fbf94c2ac6ace496ad5/angle_44/model.fem,femm_zone/workspaces/f1e1/td/femm_runs/hash_c04d9ad27775eed9/hash_93fc2788423be8c3/angle_44/model.fem,137921,70647603
03_new_spmsm_project/femm_zone/workspaces/f1e1/td/femm_runs/c04d9ad27775eed9cb1354a5feb277a8358064c6f1a8db913bdfb5147b157286/93fc2788423be8c3dcacc98f611bbe914f578733da663fbf94c2ac6ace496ad5/angle_44/state.json,femm_zone/workspaces/f1e1/td/femm_runs/hash_c04d9ad27775eed9/hash_93fc2788423be8c3/angle_44/state.json,606,983be82a
03_new_spmsm_project/femm_zone/workspaces/f1e1/td/femm_runs/c04d9ad27775eed9cb1354a5feb277a8358064c6f1a8db913bdfb5147b157286/95878664e0637c0c525d1384c0dca93eedf80c15aa89032ff6121e7bf529fc62/angle_29/model.fem,femm_zone/workspaces/f1e1/td/femm_runs/hash_c04d9ad27775eed9/hash_95878664e0637c0c/angle_29/model.fem,138589,b996931e
03_new_spmsm_project/femm_zone/workspaces/f1e1/td/femm_runs/c04d9ad27775eed9cb1354a5feb277a8358064c6f1a8db913bdfb5147b157286/95878664e0637c0c525d1384c0dca93eedf80c15aa89032ff6121e7bf529fc62/angle_29/state.json,femm_zone/workspaces/f1e1/td/femm_runs/hash_c04d9ad27775eed9/hash_95878664e0637c0c/angle_29/state.json,606,ce162e2b
03_new_spmsm_project/femm_zone/workspaces/f1e1/td/femm_runs/c04d9ad27775eed9cb1354a5feb277a8358064c6f1a8db913bdfb5147b157286/95878664e0637c0c525d1384c0dca93eedf80c15aa89032ff6121e7bf529fc62/angle_32/model.fem,femm_zone/workspaces/f1e1/td/femm_runs/hash_c04d9ad27775eed9/hash_95878664e0637c0c/angle_32/model.fem,138603,e479a6d9
03_new_spmsm_project/femm_zone/workspaces/f1e1/td/femm_runs/c04d9ad27775eed9cb1354a5feb277a8358064c6f1a8db913bdfb5147b157286/95878664e0637c0c525d1384c0dca93eedf80c15aa89032ff6121e7bf529fc62/angle_32/state.json,femm_zone/workspaces/f1e1/td/femm_runs/hash_c04d9ad27775eed9/hash_95878664e0637c0c/angle_32/state.json,618,d99a1561
03_new_spmsm_project/femm_zone/workspaces/f1e1/td/femm_runs/c04d9ad27775eed9cb1354a5feb277a8358064c6f1a8db913bdfb5147b157286/95878664e0637c0c525d1384c0dca93eedf80c15aa89032ff6121e7bf529fc62/angle_35/model.fem,femm_zone/workspaces/f1e1/td/femm_runs/hash_c04d9ad27775eed9/hash_95878664e0637c0c/angle_35/model.fem,138605,ab73c1c8
03_new_spmsm_project/femm_zone/workspaces/f1e1/td/femm_runs/c04d9ad27775eed9cb1354a5feb277a8358064c6f1a8db913bdfb5147b157286/95878664e0637c0c525d1384c0dca93eedf80c15aa89032ff6121e7bf529fc62/angle_35/state.json,femm_zone/workspaces/f1e1/td/femm_runs/hash_c04d9ad27775eed9/hash_95878664e0637c0c/angle_35/state.json,620,0370ee20
03_new_spmsm_project/femm_zone/workspaces/f1e1/td/femm_runs/c04d9ad27775eed9cb1354a5feb277a8358064c6f1a8db913bdfb5147b157286/95878664e0637c0c525d1384c0dca93eedf80c15aa89032ff6121e7bf529fc62/angle_38/model.fem,femm_zone/workspaces/f1e1/td/femm_runs/hash_c04d9ad27775eed9/hash_95878664e0637c0c/angle_38/model.fem,138603,b2cb19d6
03_new_spmsm_project/femm_zone/workspaces/f1e1/td/femm_runs/c04d9ad27775eed9cb1354a5feb277a8358064c6f1a8db913bdfb5147b157286/95878664e0637c0c525d1384c0dca93eedf80c15aa89032ff6121e7bf529fc62/angle_38/state.json,femm_zone/workspaces/f1e1/td/femm_runs/hash_c04d9ad27775eed9/hash_95878664e0637c0c/angle_38/state.json,619,0246699d
03_new_spmsm_project/femm_zone/workspaces/f1e1/td/femm_runs/c04d9ad27775eed9cb1354a5feb277a8358064c6f1a8db913bdfb5147b157286/95878664e0637c0c525d1384c0dca93eedf80c15aa89032ff6121e7bf529fc62/angle_41/model.fem,femm_zone/workspaces/f1e1/td/femm_runs/hash_c04d9ad27775eed9/hash_95878664e0637c0c/angle_41/model.fem,138603,defe2005
03_new_spmsm_project/femm_zone/workspaces/f1e1/td/femm_runs/c04d9ad27775eed9cb1354a5feb277a8358064c6f1a8db913bdfb5147b157286/95878664e0637c0c525d1384c0dca93eedf80c15aa89032ff6121e7bf529fc62/angle_41/state.json,femm_zone/workspaces/f1e1/td/femm_runs/hash_c04d9ad27775eed9/hash_95878664e0637c0c/angle_41/state.json,617,ee73a5e2
03_new_spmsm_project/femm_zone/workspaces/f1e1/td/femm_runs/c04d9ad27775eed9cb1354a5feb277a8358064c6f1a8db913bdfb5147b157286/95878664e0637c0c525d1384c0dca93eedf80c15aa89032ff6121e7bf529fc62/angle_44/model.fem,femm_zone/workspaces/f1e1/td/femm_runs/hash_c04d9ad27775eed9/hash_95878664e0637c0c/angle_44/model.fem,138588,5702098a
03_new_spmsm_project/femm_zone/workspaces/f1e1/td/femm_runs/c04d9ad27775eed9cb1354a5feb277a8358064c6f1a8db913bdfb5147b157286/95878664e0637c0c525d1384c0dca93eedf80c15aa89032ff6121e7bf529fc62/angle_44/state.json,femm_zone/workspaces/f1e1/td/femm_runs/hash_c04d9ad27775eed9/hash_95878664e0637c0c/angle_44/state.json,606,341f62ac
03_new_spmsm_project/femm_zone/workspaces/f1e1/td/femm_runs/c04d9ad27775eed9cb1354a5feb277a8358064c6f1a8db913bdfb5147b157286/b1255ea95493a472c6cb62a1a18cf85f5b656945eea198bffeed71d6a46532c9/angle_29/model.fem,femm_zone/workspaces/f1e1/td/femm_runs/hash_c04d9ad27775eed9/hash_b1255ea95493a472/angle_29/model.fem,136327,f8285bff
03_new_spmsm_project/femm_zone/workspaces/f1e1/td/femm_runs/c04d9ad27775eed9cb1354a5feb277a8358064c6f1a8db913bdfb5147b157286/b1255ea95493a472c6cb62a1a18cf85f5b656945eea198bffeed71d6a46532c9/angle_29/state.json,femm_zone/workspaces/f1e1/td/femm_runs/hash_c04d9ad27775eed9/hash_b1255ea95493a472/angle_29/state.json,606,a2dc57b5
03_new_spmsm_project/femm_zone/workspaces/f1e1/td/femm_runs/c04d9ad27775eed9cb1354a5feb277a8358064c6f1a8db913bdfb5147b157286/b1255ea95493a472c6cb62a1a18cf85f5b656945eea198bffeed71d6a46532c9/angle_32/model.fem,femm_zone/workspaces/f1e1/td/femm_runs/hash_c04d9ad27775eed9/hash_b1255ea95493a472/angle_32/model.fem,136341,cd4c1a2d
03_new_spmsm_project/femm_zone/workspaces/f1e1/td/femm_runs/c04d9ad27775eed9cb1354a5feb277a8358064c6f1a8db913bdfb5147b157286/b1255ea95493a472c6cb62a1a18cf85f5b656945eea198bffeed71d6a46532c9/angle_32/state.json,femm_zone/workspaces/f1e1/td/femm_runs/hash_c04d9ad27775eed9/hash_b1255ea95493a472/angle_32/state.json,618,3eec1396
03_new_spmsm_project/femm_zone/workspaces/f1e1/td/femm_runs/c04d9ad27775eed9cb1354a5feb277a8358064c6f1a8db913bdfb5147b157286/b1255ea95493a472c6cb62a1a18cf85f5b656945eea198bffeed71d6a46532c9/angle_35/model.fem,femm_zone/workspaces/f1e1/td/femm_runs/hash_c04d9ad27775eed9/hash_b1255ea95493a472/angle_35/model.fem,136343,9289fdbf
03_new_spmsm_project/femm_zone/workspaces/f1e1/td/femm_runs/c04d9ad27775eed9cb1354a5feb277a8358064c6f1a8db913bdfb5147b157286/b1255ea95493a472c6cb62a1a18cf85f5b656945eea198bffeed71d6a46532c9/angle_35/state.json,femm_zone/workspaces/f1e1/td/femm_runs/hash_c04d9ad27775eed9/hash_b1255ea95493a472/angle_35/state.json,620,d1356fca
03_new_spmsm_project/femm_zone/workspaces/f1e1/td/femm_runs/c04d9ad27775eed9cb1354a5feb277a8358064c6f1a8db913bdfb5147b157286/b1255ea95493a472c6cb62a1a18cf85f5b656945eea198bffeed71d6a46532c9/angle_38/model.fem,femm_zone/workspaces/f1e1/td/femm_runs/hash_c04d9ad27775eed9/hash_b1255ea95493a472/angle_38/model.fem,136341,b7e4e812
03_new_spmsm_project/femm_zone/workspaces/f1e1/td/femm_runs/c04d9ad27775eed9cb1354a5feb277a8358064c6f1a8db913bdfb5147b157286/b1255ea95493a472c6cb62a1a18cf85f5b656945eea198bffeed71d6a46532c9/angle_38/state.json,femm_zone/workspaces/f1e1/td/femm_runs/hash_c04d9ad27775eed9/hash_b1255ea95493a472/angle_38/state.json,619,15dd3984
03_new_spmsm_project/femm_zone/workspaces/f1e1/td/femm_runs/c04d9ad27775eed9cb1354a5feb277a8358064c6f1a8db913bdfb5147b157286/b1255ea95493a472c6cb62a1a18cf85f5b656945eea198bffeed71d6a46532c9/angle_41/model.fem,femm_zone/workspaces/f1e1/td/femm_runs/hash_c04d9ad27775eed9/hash_b1255ea95493a472/angle_41/model.fem,136341,b9463723
03_new_spmsm_project/femm_zone/workspaces/f1e1/td/femm_runs/c04d9ad27775eed9cb1354a5feb277a8358064c6f1a8db913bdfb5147b157286/b1255ea95493a472c6cb62a1a18cf85f5b656945eea198bffeed71d6a46532c9/angle_41/state.json,femm_zone/workspaces/f1e1/td/femm_runs/hash_c04d9ad27775eed9/hash_b1255ea95493a472/angle_41/state.json,617,987556cd
03_new_spmsm_project/femm_zone/workspaces/f1e1/td/femm_runs/c04d9ad27775eed9cb1354a5feb277a8358064c6f1a8db913bdfb5147b157286/b1255ea95493a472c6cb62a1a18cf85f5b656945eea198bffeed71d6a46532c9/angle_44/model.fem,femm_zone/workspaces/f1e1/td/femm_runs/hash_c04d9ad27775eed9/hash_b1255ea95493a472/angle_44/model.fem,136326,b4556aca
03_new_spmsm_project/femm_zone/workspaces/f1e1/td/femm_runs/c04d9ad27775eed9cb1354a5feb277a8358064c6f1a8db913bdfb5147b157286/b1255ea95493a472c6cb62a1a18cf85f5b656945eea198bffeed71d6a46532c9/angle_44/state.json,femm_zone/workspaces/f1e1/td/femm_runs/hash_c04d9ad27775eed9/hash_b1255ea95493a472/angle_44/state.json,606,df8cdff6
03_new_spmsm_project/femm_zone/workspaces/f1e1/td/femm_runs/c04d9ad27775eed9cb1354a5feb277a8358064c6f1a8db913bdfb5147b157286/contract.json,femm_zone/workspaces/f1e1/td/femm_runs/hash_c04d9ad27775eed9/contract.json,2650,f6c082f5
03_new_spmsm_project/femm_zone/workspaces/f1e1/td/femm_runs/c04d9ad27775eed9cb1354a5feb277a8358064c6f1a8db913bdfb5147b157286/d6ed1a2f449c29f26ea83eedff55c72395cee8d47b66b0735efca5cbe45b4966/angle_29/model.fem,femm_zone/workspaces/f1e1/td/femm_runs/hash_c04d9ad27775eed9/hash_d6ed1a2f449c29f2/angle_29/model.fem,138618,66173154
03_new_spmsm_project/femm_zone/workspaces/f1e1/td/femm_runs/c04d9ad27775eed9cb1354a5feb277a8358064c6f1a8db913bdfb5147b157286/d6ed1a2f449c29f26ea83eedff55c72395cee8d47b66b0735efca5cbe45b4966/angle_29/state.json,femm_zone/workspaces/f1e1/td/femm_runs/hash_c04d9ad27775eed9/hash_d6ed1a2f449c29f2/angle_29/state.json,606,25c2c644
03_new_spmsm_project/femm_zone/workspaces/f1e1/td/femm_runs/c04d9ad27775eed9cb1354a5feb277a8358064c6f1a8db913bdfb5147b157286/d6ed1a2f449c29f26ea83eedff55c72395cee8d47b66b0735efca5cbe45b4966/angle_32/model.fem,femm_zone/workspaces/f1e1/td/femm_runs/hash_c04d9ad27775eed9/hash_d6ed1a2f449c29f2/angle_32/model.fem,138632,71dbff96
03_new_spmsm_project/femm_zone/workspaces/f1e1/td/femm_runs/c04d9ad27775eed9cb1354a5feb277a8358064c6f1a8db913bdfb5147b157286/d6ed1a2f449c29f26ea83eedff55c72395cee8d47b66b0735efca5cbe45b4966/angle_32/state.json,femm_zone/workspaces/f1e1/td/femm_runs/hash_c04d9ad27775eed9/hash_d6ed1a2f449c29f2/angle_32/state.json,618,90094239
03_new_spmsm_project/femm_zone/workspaces/f1e1/td/femm_runs/c04d9ad27775eed9cb1354a5feb277a8358064c6f1a8db913bdfb5147b157286/d6ed1a2f449c29f26ea83eedff55c72395cee8d47b66b0735efca5cbe45b4966/angle_35/model.fem,femm_zone/workspaces/f1e1/td/femm_runs/hash_c04d9ad27775eed9/hash_d6ed1a2f449c29f2/angle_35/model.fem,138634,34d55cb4
03_new_spmsm_project/femm_zone/workspaces/f1e1/td/femm_runs/c04d9ad27775eed9cb1354a5feb277a8358064c6f1a8db913bdfb5147b157286/d6ed1a2f449c29f26ea83eedff55c72395cee8d47b66b0735efca5cbe45b4966/angle_35/state.json,femm_zone/workspaces/f1e1/td/femm_runs/hash_c04d9ad27775eed9/hash_d6ed1a2f449c29f2/angle_35/state.json,620,5904d763
03_new_spmsm_project/femm_zone/workspaces/f1e1/td/femm_runs/c04d9ad27775eed9cb1354a5feb277a8358064c6f1a8db913bdfb5147b157286/d6ed1a2f449c29f26ea83eedff55c72395cee8d47b66b0735efca5cbe45b4966/angle_38/model.fem,femm_zone/workspaces/f1e1/td/femm_runs/hash_c04d9ad27775eed9/hash_d6ed1a2f449c29f2/angle_38/model.fem,138632,e8b8a68b
03_new_spmsm_project/femm_zone/workspaces/f1e1/td/femm_runs/c04d9ad27775eed9cb1354a5feb277a8358064c6f1a8db913bdfb5147b157286/d6ed1a2f449c29f26ea83eedff55c72395cee8d47b66b0735efca5cbe45b4966/angle_38/state.json,femm_zone/workspaces/f1e1/td/femm_runs/hash_c04d9ad27775eed9/hash_d6ed1a2f449c29f2/angle_38/state.json,619,522dc23b
03_new_spmsm_project/femm_zone/workspaces/f1e1/td/femm_runs/c04d9ad27775eed9cb1354a5feb277a8358064c6f1a8db913bdfb5147b157286/d6ed1a2f449c29f26ea83eedff55c72395cee8d47b66b0735efca5cbe45b4966/angle_41/model.fem,femm_zone/workspaces/f1e1/td/femm_runs/hash_c04d9ad27775eed9/hash_d6ed1a2f449c29f2/angle_41/model.fem,138632,20a40d6c
03_new_spmsm_project/femm_zone/workspaces/f1e1/td/femm_runs/c04d9ad27775eed9cb1354a5feb277a8358064c6f1a8db913bdfb5147b157286/d6ed1a2f449c29f26ea83eedff55c72395cee8d47b66b0735efca5cbe45b4966/angle_41/state.json,femm_zone/workspaces/f1e1/td/femm_runs/hash_c04d9ad27775eed9/hash_d6ed1a2f449c29f2/angle_41/state.json,617,1a4fe600
03_new_spmsm_project/femm_zone/workspaces/f1e1/td/femm_runs/c04d9ad27775eed9cb1354a5feb277a8358064c6f1a8db913bdfb5147b157286/d6ed1a2f449c29f26ea83eedff55c72395cee8d47b66b0735efca5cbe45b4966/angle_44/model.fem,femm_zone/workspaces/f1e1/td/femm_runs/hash_c04d9ad27775eed9/hash_d6ed1a2f449c29f2/angle_44/model.fem,138617,960e967f
03_new_spmsm_project/femm_zone/workspaces/f1e1/td/femm_runs/c04d9ad27775eed9cb1354a5feb277a8358064c6f1a8db913bdfb5147b157286/d6ed1a2f449c29f26ea83eedff55c72395cee8d47b66b0735efca5cbe45b4966/angle_44/state.json,femm_zone/workspaces/f1e1/td/femm_runs/hash_c04d9ad27775eed9/hash_d6ed1a2f449c29f2/angle_44/state.json,606,2afcd018
03_new_spmsm_project/femm_zone/workspaces/f1e1/td/pilot20.csv,femm_zone/workspaces/f1e1/td/pilot20.csv,12412,b84395cf
03_new_spmsm_project/femm_zone/workspaces/f1e1/te/femm_queue.csv,femm_zone/workspaces/f1e1/te/femm_queue.csv,570824,3ef90d41
03_new_spmsm_project/femm_zone/workspaces/f1e1/te/pilot20.csv,femm_zone/workspaces/f1e1/te/pilot20.csv,326,618051aa
README.txt,README.txt,126,b281ec39
