parent_id,archive_order,source_proposal_id,parent_parent_id,lineage_id,chromosome_hash,minimum_archive_hamming,topology_cluster
P0001,1,,,L-SEED,00435b1e344f7280618f320a984a2ee6526a0debe44967d6f071d8662a6ceac3,,1
P0002,2,Q0000014,P0001,L-SEED,35c14d9a0d099e60e44e7cbc4f07334e2a4ed868a00474f74300c286750f6ab6,60,1
P0003,3,Q0000075,P0002,L-SEED,933e6894081de8a0a0bd6ed939b95a9f1f873358652a59e5353fc94fdd323ade,51,8
P0004,4,Q0000161,P0003,L-SEED,eaa822b6bfa5cc37547e65925e784c02df854504df5b69afe48cc4c3c3f685ec,41,2
P0005,5,Q0000197,P0003,L-SEED,75cf0b32d440db994df2349b625625ee1e4c128a332fdddadf5ee4d3ac226710,33,8
P0006,6,Q0000246,P0003,L-SEED,7f18145182775d7917c40d744d7fa791eecb7700e427913ba6b08c541f5eeacc,40,5
P0007,7,Q0000330,P0002,L-SEED,176ae9d2dfd067cac282aa7e46a8b13e7e8ffd5135967fc9d64a8073061f9758,40,10
P0008,8,Q0000366,P0006,L-SEED,23d41a4a049cb1e9b8264bedf4f9ea069a6325c9d507f2210b3439c465d62a7e,36,12
P0009,9,Q0000463,P0004,L-SEED,c15b659a2b8abaf90b96653e51f75a91528d9463bfd18910b93add1116c2af92,40,8
P0010,10,Q0000491,P0007,L-SEED,7162366936dd2916da80b9c67785a6495d3ee042e62c2ef68283c91f19672b4f,40,6
P0011,11,Q0000611,P0003,L-SEED,94f03f2186c755e7ad5118c82851180114eb0c68af9f92ae169916b49bd861de,34,3
P0012,12,Q0000623,P0007,L-SEED,33c212b83f20484bfed726d76d37458bdeb13543a6985bf660ae86ded196903b,48,8
P0013,13,Q0000708,P0002,L-SEED,3705955f8938c1db6a70045a180844a77a34a2effdeb3479727283d427b62767,39,10
P0014,14,Q0000765,P0010,L-SEED,e93d5b7ee61ea58690d3a97c76d09627560312f20056aceead22b3ec955a17bf,35,3
P0015,15,Q0000845,P0001,L-SEED,85ada0dd35103a570d56f0bf64d927ddbe72a5cab42df3db4695653b9acc9d04,36,9
P0016,16,Q0000905,P0013,L-SEED,5c12e402b40206dd93d087240fc359729d96906d1d2977c1020360ac4f3c60cc,40,7
P0017,17,Q0000937,P0004,L-SEED,5d38c9dca3eb686acec4d1bb664f1f3ec9d1c7c2c73b2dc9735ffa71f8d68e75,40,12
P0018,18,Q0001009,P0014,L-SEED,a5f97509b7941073ef8d78eb48dccd3dd9e90df65b0eb419ede553722fdf19fe,42,1
P0019,19,Q0001064,P0011,L-SEED,88df622fec9a5449e01ac5827cda857b60f098804926c09c514c9788b6300133,31,4
P0020,20,Q0001153,P0014,L-SEED,5754ccbe73166c1e76fce0fc62d7c3c2787ab2048c96bf84c8fba7660a987df9,41,3
P0021,21,Q0001196,P0015,L-SEED,fec11ba6225a0fa5904c631262659c4364f434099df773196fc3a45d2d8d4b2d,46,11
P0022,22,Q0001289,P0015,L-SEED,52cd1a7000de05a958b1611c3818c179bd02568fb7a0bc379c57d54c4ed75564,28,5
P0023,23,Q0001343,P0013,L-SEED,aeacf5a36ac4a9cc1820ba987a0988e6288fc15b836b36fedfa680629b942ce1,29,7
P0024,24,Q0001429,P0010,L-SEED,b352516234530793a9286e41324b35dbea90e30b74365754566c0f68a02558c4,45,3
P0025,25,Q0001466,P0007,L-SEED,37ab1863a4dd94aa962e3e296f0a21e180fb6b7fae37291a998b270f86151382,34,12
P0026,26,Q0001544,P0019,L-SEED,25bb4314a9c99ffa67730076d656117911c95b2679b43f5112efb5956bfa7a9f,44,4
P0027,27,Q0001564,P0015,L-SEED,e241ce5c9830036d4e405e7385730e3f68caf1cc4351e96c14f2b867a6ba54d5,40,2
P0028,28,Q0001665,P0022,L-SEED,0f2862f486e8948516c8d2fcbd350c61776bde5cf0dd45c997ef5acc6343fe63,38,5
P0029,29,Q0001731,P0018,L-SEED,9ca9751f45cc43459e27b096ef80cb8b50076c4e88fa3a7d420ecc34d3a34750,64,11
P0030,30,Q0001772,P0024,L-SEED,b59faa02cd659cad59ebbfc214b08a899d98847bfadf774a813fd8cb64fb44cf,38,11
P0031,31,Q0001844,P0028,L-SEED,e86d7b23be5fc8dd1cf0408823d4f4bf8d6ecc883bd4664e6e49f9b82b873553,36,9
P0032,32,Q0001929,P0022,L-SEED,fcb16126af2775876bf45d40a1cba0aeb86b966c96d052b8522dfd6ac00c0f89,33,1
P0033,33,Q0002008,P0026,L-SEED,65bf743a1c86552ee25e2ee79ff609e73bfe22bbd0eaf75f26d308377a3c6e41,44,4
P0034,34,Q0002078,P0001,L-SEED,abea64b08c0671fc72f7d376d82a193c990530e9f0941a372ff4938bb1806d03,38,1
P0035,35,Q0002087,P0024,L-SEED,732de493a0ca5b668b7acef6f8618b2bc06f0df021741d9132fdc55e15f9de9e,36,11
P0036,36,Q0002162,P0014,L-SEED,0bd12bcf399c1bc9f5c65bd4398caae9842aceae01278d5bd71f21667873105a,36,9
P0037,37,Q0002233,P0034,L-SEED,99b5dd3b763c86adffe5f6ec20ab9bc27bef0c76272666194054b29d0620a9ee,42,7
P0038,38,Q0002321,P0011,L-SEED,d1f40b503fa7f8ec9f6078d25906881937fbcdb52dd6307e8a8cf92cca16b413,38,9
P0039,39,Q0002404,P0024,L-SEED,e0598055ee0046615ed8a4dbe33a210573694cf000f77abc080110fd80168151,40,12
P0040,40,Q0002409,P0039,L-SEED,17476e4c143179849c2c3085c2ac376e0312cfb6898b6759aa87a88d741d9ef2,37,6
P0041,41,Q0002492,P0031,L-SEED,7796bcbad85ed6b89312c142d6565e2adaf88512effc8ae5cff429784a7c41e2,32,3
P0042,42,Q0002566,P0027,L-SEED,95c3a4effe0f1ed616b4c1d305052d611e5fe06ec04f547088b0cedaa9547ee8,45,6
P0043,43,Q0002608,P0037,L-SEED,f5e311fc1f09ccae9857c672e5793c2f844bb203b484dd76382c6542b86702ea,34,10
P0044,44,Q0002693,P0029,L-SEED,aae9512ef45520aa7688b51728ba9faa18541da7f0c794369d17c19f11edb2e6,41,11
P0045,45,Q0002715,P0023,L-SEED,0e029a408a20d987fd4779ff0c0e081c76b9f13e4d6ddd33bcabba6cc88c3b78,40,7
P0046,46,Q0002804,P0045,L-SEED,7e6634374c309ce04f6252d7e440a08a98c705a8a812b0eb1efefd1e7a5becbf,35,4
P0047,47,Q0002864,P0039,L-SEED,f68a3d96ac8a508e65a6c3cc7f8eac698c1cba77dcd03a3c54b2e091f30512a1,43,12
P0048,48,Q0002946,P0028,L-SEED,a2b40cae1491bba62495099508381916e5b06805b690d36f4c890331ac6aed95,45,5
P0049,49,Q0002983,P0008,L-SEED,971613aff8090ab7cb3a04c553da24b8ebd3f7fbdb8a0b285e0257b8c704d121,40,2
P0050,50,Q0003028,P0016,L-SEED,94f5c50910251711ed849552b02e4bbfe4e5fbe24139ec391b420565be904832,32,10
P0051,51,Q0003147,P0048,L-SEED,3ad18a06a00ccff162b97f963b92cae9accdc15b0292f23446422c094352629c,39,5
P0052,52,Q0003182,P0040,L-SEED,e292a80153ffef51e6515eaacb27b3716c1fdc9264a03b9cf97f740163fd9513,42,6
P0053,53,Q0003259,P0042,L-SEED,a7f84fd946fd87800cad272e160e631f96edbdb082f5b80c4af314f6ed72f015,27,2
P0054,54,Q0003274,P0052,L-SEED,488ea82e818d8a75b1f5e8cee4249e7d43969a53560bf5a376026180238bc7b2,25,6
P0055,55,Q0003366,P0023,L-SEED,003241021410a984e37578d263484fefd770835e3ab2b7fdd61ecc533c91fa96,33,7
P0056,56,Q0003428,P0033,L-SEED,18df0f39db670dcbaf3431982fafbd95bd95dd98377efbd3e32202552e395b1a,27,4
P0057,57,Q0003461,P0009,L-SEED,42c1025f9553048f091da29ec9c784aa779a5070ebb797ca27c338fa7258cad5,38,8
P0058,58,Q0003571,P0005,L-SEED,3cfe3667b10d69d7a8c369132c125103643a47f4e82b1074a4edde2462d180b7,43,10
P0059,59,Q0003595,P0042,L-SEED,f928ec31bbc5555040a53a78a0d9960c3077348f034ad0fb52de92252a0b5eb4,39,2
P0060,60,Q0003649,P0056,L-SEED,c9c22b948cefe9c31413264ee612e95b3bfeab7623ff20fd5dec91c5754ebcb1,32,9
