candidate_pk,candidate_id,run_id,generation,candidate_order,chromosome_json,chromosome_hash,physical_key_hash,source,parent_candidate_id,parent_rank,clone_index,mutation_operator,mutation_strength,mutation_indices_json,hamming_distance_to_parent,lineage_id,status,validity_status,rejection_reasons_json,duplicate_of_sample_id,torque_ratio,historical_j,fitness_band,created_at,validated_at,completed_at
1,C000001,clonalg_real_2gen_20260806_001,1,1,"[0,1,1,1,1,1,1,1,1,1,0,1,1,1,1,1,1,1,1,1,0,0,0,0,0,1,1,1,1,1,0,2,2,2,0,1,1,1,1,1,0,2,2,2,0,1,1,1,1,1,0,2,2,2,0,0,1,1,1,1,2,2,2,2,2,0,1,1,1,1,2,2,2,2,2,0,1,1,1,1,2,2,2,2,2,0,1,1,1,1,2,2,2,2,2,0,1,1,1,1,2,2,2,2,2,0,1,1,1,1,2,2,2,2,2,0,1,1,1,1,2,2,2,2,2,0,1,1,1,1,2,2,2,0,0,1,1,1,1,1,0,0,1,1,1,1,1,1,1,1,1,1,1,1,1,1,1,1,1,1,1,1,1,1,1,1,1,1,1,1,1,1,1,1,1,1,1,1,1,1]",00435b1e344f7280618f320a984a2ee6526a0debe44967d6f071d8662a6ceac3,16623498d2af3a714982c966d27cbd1c86b48f2626363ad866269fc43bc5bdb8,seed,,,,,,[],0,L-SEED,completed,valid,[],,0.9893318341621269,0.1240243898712507,B6,2026-08-07T00:07:15.404+02:00,2026-08-07T00:07:15.404+02:00,2026-08-07T00:08:45.243+02:00
2,C000002,clonalg_real_2gen_20260806_001,1,2,"[0,1,1,1,1,1,1,1,1,1,2,1,1,1,1,1,1,1,1,1,0,0,0,0,0,1,1,1,1,1,0,2,2,2,0,1,1,1,1,1,0,2,2,2,0,1,1,1,1,1,0,2,2,2,0,0,1,1,1,1,2,2,2,2,2,0,1,1,1,1,2,2,2,2,2,0,1,1,1,1,2,2,2,2,2,0,1,1,1,1,0,2,2,2,2,0,1,1,1,1,2,2,2,2,1,0,1,1,1,1,2,2,2,2,2,0,1,1,1,1,2,2,2,2,2,0,1,1,1,1,2,2,2,0,0,1,1,1,1,1,0,0,1,1,1,1,1,1,1,1,1,1,2,1,1,1,1,2,1,1,1,1,1,1,1,1,1,1,1,1,1,1,1,1,1,1,0,1,1,1]",90d2e35e5c22e80a9aa867c62661c59f70c262d53814e693f648710be660003c,c4324d21527a7d8f8a820915c7ba8677b8be20272ec4a1a2572a6bd97d8386ff,initial_near,,,,trit_initialization,0.05,"[10,90,104,152,157,176]",6,L-INIT-01,rejected,rejected,"[""FLOATING_IRON"",""SMALL_COPPER_ISLAND""]",,,1000200.0,,2026-08-07T00:08:45.297+02:00,2026-08-07T00:08:45.297+02:00,2026-08-07T00:08:45.305+02:00
3,C000003,clonalg_real_2gen_20260806_001,1,3,"[0,1,1,1,1,1,1,1,1,1,0,1,1,1,1,1,1,1,1,1,0,0,0,0,0,1,1,1,1,1,0,2,2,2,0,1,1,1,1,1,0,2,2,2,0,1,1,1,1,1,0,2,1,2,0,0,1,1,1,1,2,2,2,2,2,0,0,1,0,1,2,2,2,2,2,0,0,1,1,1,2,2,2,2,2,0,1,1,1,1,2,2,2,2,2,0,1,1,1,1,2,2,2,2,2,0,1,1,1,1,2,2,2,2,2,0,1,1,1,1,2,2,2,2,2,0,1,1,1,1,2,2,2,0,0,1,1,1,1,1,0,0,1,1,1,1,1,1,1,1,1,1,0,1,1,1,1,2,1,1,1,1,1,1,0,1,1,1,1,1,1,1,1,1,1,1,1,1,1,1]",b077f29c9c6fb7f14db74d5bd9c0cb04c70c0c328fd2ecfc07744d41b5acab86,344652b4b7bb5f5fc9e6fefaf401737be2ace066f10b04064772b626f137802e,initial_near,,,,trit_initialization,0.05,"[52,66,68,76,152,157,164]",7,L-INIT-02,rejected,rejected,"[""FLOATING_IRON"",""SMALL_COPPER_ISLAND""]",,,1000100.0,,2026-08-07T00:08:45.384+02:00,2026-08-07T00:08:45.384+02:00,2026-08-07T00:08:45.392+02:00
4,C000004,clonalg_real_2gen_20260806_001,1,4,"[0,1,1,1,2,1,1,1,1,1,0,1,1,1,1,1,1,0,1,1,0,0,0,0,0,1,1,1,1,1,0,2,2,1,0,1,2,1,1,1,0,2,2,2,0,1,1,1,1,1,0,2,2,2,0,0,1,0,1,1,2,2,2,2,2,0,1,1,1,1,2,2,2,2,2,0,1,1,1,1,2,2,2,2,2,0,1,1,1,1,2,2,2,2,2,0,1,1,1,1,2,2,2,2,2,0,1,1,1,2,2,2,2,2,2,0,1,1,1,1,2,2,2,0,2,0,1,1,1,1,2,1,2,0,0,1,1,1,1,1,0,0,1,1,1,1,1,1,1,1,1,1,1,1,1,1,1,1,1,1,1,1,1,1,1,1,1,1,1,1,1,1,1,1,1,1,1,1,1,1]",9850d770934a429d38b8b5be224342c3fcaad5571b5445d93e1174563ab85f92,908061c146c01712df872ed049dce49f11746b6343110654f564cca18b8f14a0,initial_near,,,,trit_initialization,0.05,"[4,17,33,36,57,109,123,131]",8,L-INIT-03,rejected,rejected,"[""FLOATING_IRON"",""SMALL_COPPER_ISLAND""]",,,1000250.0,,2026-08-07T00:08:45.485+02:00,2026-08-07T00:08:45.485+02:00,2026-08-07T00:08:45.496+02:00
5,C000005,clonalg_real_2gen_20260806_001,1,5,"[0,1,1,1,1,1,1,1,1,1,1,1,1,1,1,1,1,1,1,1,0,0,0,0,0,1,1,1,1,1,0,2,2,2,0,1,1,0,1,1,0,2,2,2,0,1,0,1,1,1,0,2,2,2,0,0,1,1,1,1,2,2,2,2,2,0,1,2,1,1,2,2,2,2,2,0,1,1,1,1,2,0,2,2,2,0,1,1,1,1,2,2,2,2,2,0,1,1,1,1,2,0,2,2,1,0,1,1,1,0,2,2,2,2,2,0,1,1,1,1,2,2,2,2,2,0,2,1,1,1,2,2,2,0,0,1,1,1,1,1,0,0,1,1,0,1,1,1,2,1,1,1,1,1,1,1,1,1,1,1,1,1,0,1,2,1,1,1,1,1,1,1,1,1,1,1,2,1,1,1]",f17c8d7e2c800ac6c395c4bf6add1f1a30d729244ba87b3a5d4421287f8577f0,b9a3971f93b37977c6dec2602bbc514698ce4532311bfe9b31624895b4513b0a,initial_near,,,,trit_initialization,0.05,"[10,37,46,67,81,101,104,109,126,144,148,162,164,176]",14,L-INIT-04,rejected,rejected,"[""FLOATING_IRON"",""SMALL_COPPER_ISLAND""]",,,1000300.0,,2026-08-07T00:08:45.582+02:00,2026-08-07T00:08:45.582+02:00,2026-08-07T00:08:45.590+02:00
6,C000006,clonalg_real_2gen_20260806_001,1,6,"[0,1,1,1,1,1,1,1,1,1,2,1,1,1,1,0,1,1,1,1,0,0,0,0,0,1,1,1,1,1,0,2,1,2,0,1,1,1,1,1,0,2,2,2,0,1,1,1,1,1,0,2,2,2,0,0,1,1,1,1,2,2,2,2,2,0,1,1,1,1,2,1,2,2,2,2,1,1,1,1,2,2,2,2,2,0,1,1,2,1,2,2,2,2,2,0,1,1,1,1,2,2,2,2,2,0,1,1,1,1,2,2,2,2,2,0,1,1,1,1,2,2,1,0,2,0,1,0,0,1,2,2,2,0,0,1,1,1,2,1,0,0,1,1,1,1,1,1,1,1,1,1,1,2,1,1,1,1,1,1,0,1,1,1,1,1,1,1,1,1,0,1,1,1,1,1,1,1,1,1]",0747cde69927f2008423ba6806b64b66d54f8828a86defa4279ef4d651cc41a0,9cfed47378c96bebdbaada77ba4d14324742aac3128500962ac3b81e636a87da,initial_near,,,,trit_initialization,0.05,"[10,15,32,71,75,88,122,123,127,128,138,153,160,170]",14,L-INIT-05,rejected,rejected,"[""FLOATING_IRON"",""SMALL_COPPER_ISLAND""]",,,1000350.0,,2026-08-07T00:08:45.711+02:00,2026-08-07T00:08:45.711+02:00,2026-08-07T00:08:45.720+02:00
7,C000007,clonalg_real_2gen_20260806_001,1,7,"[0,1,1,1,1,1,1,1,1,1,0,1,1,1,1,1,1,1,1,1,0,0,0,0,0,0,0,1,1,1,2,2,0,2,0,1,1,1,1,1,0,1,2,2,0,1,1,1,1,1,0,2,1,2,0,0,1,1,1,1,2,2,2,2,0,0,1,1,0,1,2,2,2,2,2,0,1,1,1,1,2,2,2,2,2,0,1,1,2,1,2,2,2,2,2,0,1,1,1,1,2,2,2,2,2,1,1,1,1,1,2,2,2,2,0,2,0,1,1,1,2,2,2,2,1,0,1,0,1,1,2,2,2,0,0,1,1,1,1,1,0,0,1,1,1,1,1,1,1,2,1,1,1,1,1,1,1,1,1,1,2,0,1,1,1,1,1,2,1,1,1,1,0,1,2,1,1,1,1,1]",aa9abdad86b792a239e4a588244c070a481495d2ba43be37459bdb54c9621a79,27f6352291d0d6846e9a2d6656bebfcdd98b1dca10ec1d2bf1c61a097b39239f,initial_middle,,,,trit_initialization,0.12,"[25,26,30,32,41,52,64,68,88,105,114,115,116,124,127,149,160,161,167,172,174]",21,L-INIT-06,rejected,rejected,"[""FLOATING_IRON"",""SMALL_COPPER_ISLAND""]",,,1000550.0,,2026-08-07T00:08:45.805+02:00,2026-08-07T00:08:45.805+02:00,2026-08-07T00:08:45.814+02:00
8,C000008,clonalg_real_2gen_20260806_001,1,8,"[0,0,1,1,2,1,1,1,1,1,0,1,1,1,1,1,2,1,1,1,0,0,0,0,0,1,1,1,1,2,0,2,2,2,0,1,1,1,1,1,0,2,2,2,1,2,1,1,1,1,0,2,2,2,2,0,1,1,1,1,2,2,2,2,2,0,0,1,1,1,2,2,2,2,2,0,1,1,0,1,2,2,2,2,2,1,1,1,1,1,2,2,2,2,2,2,1,1,1,1,2,2,2,2,2,1,1,1,1,1,2,2,2,2,2,0,1,1,1,1,2,2,2,2,2,0,0,1,1,1,2,1,1,0,2,1,1,1,1,1,0,0,0,1,1,1,1,2,1,1,1,1,1,1,1,1,1,1,1,1,2,1,1,1,1,1,1,1,2,1,1,2,1,1,2,1,1,0,1,1]",e49327aeaf553ffcdf53bc790f55f50423878185228d4216240ded40bb122269,f475df11f1f76026ca9289f3d1c18763d99d85d273dbc9382ecae650cb0e3689,initial_middle,,,,trit_initialization,0.12,"[1,4,16,29,44,45,54,66,78,85,95,105,126,131,132,134,142,147,160,168,171,174,177]",23,L-INIT-07,rejected,rejected,"[""FLOATING_IRON"",""SMALL_COPPER_ISLAND""]",,,1000600.0,,2026-08-07T00:08:45.904+02:00,2026-08-07T00:08:45.904+02:00,2026-08-07T00:08:45.914+02:00
9,C000009,clonalg_real_2gen_20260806_001,1,9,"[0,1,1,1,1,0,1,1,2,1,0,1,1,0,1,2,1,1,1,1,0,0,0,1,0,1,1,1,2,1,0,2,0,2,0,1,1,1,1,1,0,2,2,0,2,2,1,1,2,0,0,2,2,2,2,1,1,0,1,1,2,2,2,2,0,1,1,2,1,1,2,2,2,2,2,0,0,1,1,2,2,2,2,0,0,0,0,1,1,1,2,1,2,2,2,0,2,1,1,1,0,2,2,2,2,0,1,0,1,1,0,2,2,0,1,0,1,2,0,1,2,1,2,0,2,0,1,0,1,1,2,2,2,0,1,1,1,1,1,2,0,1,0,1,1,1,0,1,2,1,1,2,0,0,1,0,1,2,1,1,1,1,0,1,1,1,0,2,1,1,2,1,2,1,1,1,0,1,1,1]",0970ecb781a6fec6b7fa88064311a0bfac57540477b0c5fbff726a6d08baee00,6ee116978d0d3d845a732d114fcb9bd6de33a9f13d02804a3f21eb5dc1908c14,initial_far,,,,trit_initialization,0.25,"[5,8,13,15,23,28,32,43,44,45,48,49,54,55,57,64,65,67,76,79,83,84,86,91,96,100,107,110,113,114,117,118,121,123,127,134,139,141,142,146,148,151,152,153,155,157,162,166,167,170,172,176]",52,L-INIT-08,rejected,rejected,"[""FLOATING_IRON"",""SMALL_COPPER_ISLAND""]",,,1002600.0,,2026-08-07T00:08:45.987+02:00,2026-08-07T00:08:45.987+02:00,2026-08-07T00:08:45.995+02:00
10,C000010,clonalg_real_2gen_20260806_001,1,10,"[0,2,1,2,1,1,2,1,0,1,0,1,1,2,2,0,2,1,2,0,1,1,1,1,1,0,1,0,2,0,2,0,0,2,2,0,0,0,2,1,0,0,0,0,2,1,0,0,1,1,1,0,0,0,2,0,0,1,1,2,0,2,0,2,1,1,1,2,2,0,1,2,1,0,2,0,2,2,0,1,2,1,2,1,1,2,0,0,1,1,1,2,2,2,1,1,0,1,2,1,1,1,1,1,1,0,2,1,2,1,2,1,2,2,2,2,0,1,0,1,2,1,0,2,2,0,2,2,2,0,2,0,1,0,1,1,2,2,2,0,2,2,0,2,2,1,1,2,0,2,0,2,1,1,1,2,0,2,2,2,2,0,1,0,0,2,2,0,0,0,0,0,2,1,1,0,1,2,0,0]",9843787acfc75fa8f2cc50c7c9bf9dc3a784f78875c41de0eca6613e9967718d,819f3a90199174b86fad0359cb9d8a234bc54e56dd52a772b24da052543775c4,initial_random,,,,full_random,,"[1,3,6,8,13,14,15,16,18,19,20,21,22,23,24,25,27,28,29,30,31,32,34,35,36,37,38,41,42,43,44,46,47,50,51,52,53,54,56,59,60,62,64,65,67,68,69,70,72,73,76,77,78,81,83,84,85,86,87,90,94,95,96,98,100,101,102,103,104,106,108,111,115,116,118,121,122,126,127,128,129,131,132,134,136,137,138,139,140,141,142,143,144,147,148,149,150,151,155,156,157,158,159,160,161,163,164,165,166,167,168,169,170,171,172,175,177,178,179]",119,L-RANDOM-1-09,rejected,rejected,"[""FLOATING_IRON"",""SMALL_COPPER_ISLAND""]",,,1004250.0,,2026-08-07T00:08:46.087+02:00,2026-08-07T00:08:46.087+02:00,2026-08-07T00:08:46.093+02:00
11,C000011,clonalg_real_2gen_20260806_001,1,11,"[0,1,1,1,1,1,1,1,1,1,0,0,1,1,1,1,1,1,1,1,0,0,0,0,0,1,1,1,1,1,0,2,2,2,0,1,1,1,1,1,0,2,2,0,0,1,1,1,1,1,0,2,2,2,0,0,1,1,1,1,2,2,2,2,2,0,1,1,1,1,2,2,2,2,2,0,1,1,1,1,2,2,2,0,2,0,1,1,1,1,2,2,2,2,2,0,1,1,1,1,2,2,2,2,2,0,1,1,1,1,2,2,2,2,2,0,1,1,1,1,2,2,2,1,2,0,1,1,1,1,1,2,2,0,0,1,1,1,0,2,0,0,1,1,1,1,1,1,1,1,1,1,1,1,1,1,0,1,1,1,1,1,1,1,1,1,1,1,1,1,1,1,1,1,1,1,1,1,1,1]",4812ecb16c6df9553d6025f4d0b7c23d173c16f5c1800f349d89921ced4dcb01,0a60e4b93c9d530815631b7af84df7cf16d3ba6963f5891c3532fa7ce11cf62c,clone,C000001,1,1,trit_hypermutation,0.03,"[11,43,83,123,130,138,139,156]",8,L-SEED,rejected,rejected,"[""FLOATING_IRON"",""SMALL_COPPER_ISLAND""]",,,1000150.0,,2026-08-07T00:08:46.191+02:00,2026-08-07T00:08:46.191+02:00,2026-08-07T00:08:46.197+02:00
12,C000012,clonalg_real_2gen_20260806_001,1,12,"[0,1,1,1,1,1,1,1,1,1,0,1,1,1,1,1,1,1,1,1,0,0,0,0,0,1,1,1,1,1,0,2,2,2,0,1,1,1,1,1,0,2,2,2,0,1,1,1,1,1,0,2,2,2,0,0,1,1,1,1,2,2,2,2,2,0,1,1,1,1,2,2,2,2,2,0,1,1,1,1,2,2,2,2,2,0,1,1,1,0,2,2,2,2,2,0,1,1,1,1,2,2,2,2,2,0,1,1,1,1,2,2,2,2,2,0,1,1,1,1,2,2,2,2,2,0,1,1,1,1,2,2,2,2,2,1,1,1,1,1,0,0,1,1,1,1,1,1,1,1,1,1,1,2,1,1,1,1,1,1,1,1,1,1,1,1,1,1,1,1,1,1,1,1,1,1,1,1,1,1]",a6ccc5e9ab5a9e9ed894a8dee551b16bf54304898a4e9cba2d0da86795e40d70,797303c5408886dcfb67ca92e365e06a6d8c93b4863d17994caa6e6326d030b0,clone,C000001,1,2,trit_hypermutation,0.03,"[89,133,134,153]",4,L-SEED,rejected,rejected,"[""SMALL_COPPER_ISLAND""]",,,1000050.0,,2026-08-07T00:08:46.280+02:00,2026-08-07T00:08:46.280+02:00,2026-08-07T00:08:46.287+02:00
13,C000013,clonalg_real_2gen_20260806_001,1,13,"[0,1,1,1,1,1,1,1,1,1,0,1,1,1,1,1,1,1,1,1,0,0,0,0,0,1,1,1,1,1,0,2,2,2,0,1,1,1,1,1,0,2,2,2,1,0,1,1,1,1,0,2,2,2,0,0,1,1,1,1,2,2,2,2,2,0,1,1,1,1,2,2,2,2,2,0,1,1,1,0,2,2,2,2,2,0,1,1,1,1,2,2,2,2,2,0,1,1,1,1,2,2,2,2,2,0,1,1,1,1,2,2,2,2,2,0,1,1,1,1,2,2,2,2,2,0,1,1,1,1,2,2,2,0,0,1,1,1,1,1,0,0,1,0,1,0,1,1,1,1,1,1,1,1,1,1,1,1,1,1,1,1,1,1,1,0,1,1,1,1,1,1,1,1,1,1,1,1,1,1]",a0666044ed0701daafa0d906d3d4c5c1c0820979cd4e1b9e2962c6767d7013fb,75e9466d91af98634228e390f4e6531f611a56e1cfb38680007550806eaee4f1,clone,C000001,1,3,trit_hypermutation,0.03,"[44,45,79,143,145,165]",6,L-SEED,rejected,rejected,"[""FLOATING_IRON""]",,,1000050.0,,2026-08-07T00:08:46.365+02:00,2026-08-07T00:08:46.365+02:00,2026-08-07T00:08:46.372+02:00
14,C000014,clonalg_real_2gen_20260806_001,1,14,"[0,1,1,1,1,1,1,1,1,1,0,1,1,1,1,1,1,1,1,1,0,0,0,1,0,1,1,1,1,1,0,2,2,2,0,1,1,1,1,1,0,2,2,0,0,1,1,1,1,1,0,1,2,2,0,0,1,1,1,1,2,2,2,2,2,0,1,1,1,1,2,2,2,2,2,0,1,1,1,1,2,2,2,2,2,0,1,1,1,1,2,2,2,2,2,0,1,1,1,1,2,2,2,2,2,0,1,1,2,1,2,2,2,2,2,0,1,1,1,1,2,2,2,2,2,0,1,1,1,1,2,2,2,0,0,1,1,1,1,1,0,0,1,1,1,1,1,1,1,1,1,1,1,0,1,1,1,1,1,1,1,1,1,1,1,1,1,1,1,1,1,1,1,1,1,1,1,2,1,1]",6ba3f63897f98f10200f8446866ce532844720c96eebb38516bd0f46116bc38c,ba363921ded2181fa74c0ceb55ef54b793e51119f193cb513ece17aff535323e,clone,C000001,1,4,trit_hypermutation,0.03,"[23,43,51,108,153,177]",6,L-SEED,rejected,rejected,"[""FLOATING_IRON"",""SMALL_COPPER_ISLAND""]",,,1000150.0,,2026-08-07T00:08:46.453+02:00,2026-08-07T00:08:46.453+02:00,2026-08-07T00:08:46.459+02:00
15,C000015,clonalg_real_2gen_20260806_001,1,15,"[0,1,1,1,1,1,1,1,1,1,0,2,1,1,1,1,1,1,1,1,1,0,0,0,0,1,1,1,1,1,0,2,2,2,0,1,1,1,1,1,0,2,2,2,0,1,1,1,1,1,0,2,1,2,0,0,1,1,1,1,2,2,0,2,2,0,0,1,0,1,2,2,2,2,2,0,0,1,1,1,2,2,2,2,2,0,1,1,1,1,2,2,2,2,2,0,2,1,1,1,2,2,2,2,2,0,1,1,1,1,2,2,2,0,2,0,1,1,1,1,2,2,2,2,2,0,1,1,1,1,1,2,2,0,0,1,1,1,1,1,0,0,1,1,1,1,1,1,1,1,1,1,0,1,1,1,1,2,1,1,1,1,1,1,0,1,1,1,1,1,1,1,1,1,1,1,1,1,1,1]",9f0d1742cae6a42d5f2dc0de786822bd40fd4b209d9254bb17cf8a6a03452f66,a3ab9f344de18e1e25a2f90681e18bfc3b0dd4a0631d27a49917bd2b045e1a26,clone,C000003,2,1,trit_hypermutation,0.03346938775510204,"[11,20,62,96,113,130]",6,L-INIT-02,rejected,rejected,"[""FLOATING_IRON"",""SMALL_COPPER_ISLAND""]",,,1000300.0,,2026-08-07T00:08:46.539+02:00,2026-08-07T00:08:46.539+02:00,2026-08-07T00:08:46.544+02:00
16,C000016,clonalg_real_2gen_20260806_001,1,16,"[0,1,1,1,1,1,1,1,1,1,0,1,1,1,1,1,1,1,1,1,0,0,0,1,0,1,1,1,1,1,0,2,2,2,0,1,1,1,1,1,0,2,2,2,0,1,1,1,1,1,0,2,1,2,0,0,1,1,1,1,2,2,2,2,2,0,0,1,0,1,2,2,2,2,2,0,0,1,1,1,2,2,2,2,2,2,1,1,1,1,2,2,1,2,2,0,1,1,1,1,2,2,2,2,2,0,1,1,1,1,2,2,2,2,2,0,1,1,1,1,0,2,2,2,2,0,1,1,1,1,1,2,2,0,0,1,1,1,1,1,0,0,1,1,2,1,1,1,1,1,1,1,0,2,1,1,1,2,1,1,1,1,1,1,0,1,0,1,1,1,1,1,1,1,1,1,1,1,1,2]",ffc8057dece3c9f912a53bfae25d6d4e68bdbdf8407cd0b35921c7311cbe718f,e9c9342b18e50dd29dec177734160f00d56367543a9ad6e73650f25c2be0f051,clone,C000003,2,2,trit_hypermutation,0.03346938775510204,"[23,85,92,120,130,144,153,166,179]",9,L-INIT-02,rejected,rejected,"[""FLOATING_IRON"",""SMALL_COPPER_ISLAND""]",,,1000450.0,,2026-08-07T00:08:46.625+02:00,2026-08-07T00:08:46.625+02:00,2026-08-07T00:08:46.631+02:00
17,C000017,clonalg_real_2gen_20260806_001,1,17,"[0,1,1,1,1,1,0,1,1,1,0,1,1,1,1,1,1,1,2,1,0,0,0,0,0,1,2,1,1,1,0,2,2,2,0,1,1,1,1,1,0,2,2,2,0,1,1,1,1,1,1,2,1,2,0,0,1,1,1,1,2,2,2,2,2,0,0,1,0,1,2,2,2,2,2,0,0,1,1,1,2,2,2,2,2,0,1,1,1,1,2,2,2,2,2,0,1,1,1,1,2,2,2,2,2,0,0,1,1,1,2,2,2,2,0,0,1,1,1,1,2,2,2,2,2,0,1,1,1,1,2,2,2,0,0,1,1,1,1,1,0,0,1,1,1,1,0,1,1,0,1,1,0,1,1,1,1,2,1,1,1,1,1,1,0,1,1,1,1,1,1,1,1,1,1,1,1,1,1,1]",d9bf379b2a666fb48693014931d1ec9f5efdb448bde1d44c40daec7085133d00,8696de6ce3aaebcd6545a3a530b5919124f5491c7df94731e2e6839548f5b032,clone,C000003,2,3,trit_hypermutation,0.03346938775510204,"[6,18,26,50,106,114,146,149]",8,L-INIT-02,rejected,rejected,"[""FLOATING_IRON"",""SMALL_COPPER_ISLAND""]",,,1000250.0,,2026-08-07T00:08:46.709+02:00,2026-08-07T00:08:46.709+02:00,2026-08-07T00:08:46.714+02:00
18,C000018,clonalg_real_2gen_20260806_001,1,18,"[0,1,1,1,1,1,1,1,1,1,0,1,1,1,1,1,1,1,1,0,0,0,0,0,0,1,1,1,1,1,0,2,2,2,0,1,1,1,1,1,0,2,2,2,0,1,1,1,2,1,0,2,1,2,0,0,1,1,1,2,2,2,2,2,2,0,0,1,0,1,2,2,2,2,2,0,0,1,1,1,2,2,2,2,2,0,1,1,1,1,2,0,2,2,2,0,1,1,1,1,2,0,2,2,2,0,1,1,1,1,2,2,2,2,2,0,0,1,1,1,2,2,2,2,2,0,1,1,1,1,2,2,2,0,1,1,1,1,1,1,0,0,1,1,1,1,1,1,1,1,1,1,0,1,1,1,1,2,1,1,1,1,0,1,0,1,1,1,1,1,1,1,1,1,1,1,1,1,1,1]",5108950c33d9245f247fb259a2e6edb99007894b41875b7f157ee3301b40b182,d1ec7635615d87af2c29e8cff1153c70595237957869694d28453bbe5932c502,clone,C000003,2,4,trit_hypermutation,0.03346938775510204,"[19,48,59,91,101,116,134,162]",8,L-INIT-02,rejected,rejected,"[""FLOATING_IRON"",""SMALL_COPPER_ISLAND""]",,,1000200.0,,2026-08-07T00:08:46.794+02:00,2026-08-07T00:08:46.794+02:00,2026-08-07T00:08:46.800+02:00
19,C000019,clonalg_real_2gen_20260806_001,1,19,"[0,1,1,1,1,1,1,1,1,1,2,1,1,1,1,1,1,1,1,1,0,2,0,0,0,1,1,1,1,1,0,2,2,0,0,1,1,1,1,1,0,2,2,2,0,1,1,1,1,1,0,2,2,2,0,0,1,1,1,1,2,2,2,2,2,0,1,1,1,1,2,2,2,2,2,0,1,1,1,1,2,2,2,2,2,0,1,1,1,1,0,2,2,2,2,0,1,1,1,1,2,2,2,2,1,0,1,1,1,1,2,2,2,2,2,0,1,1,1,1,2,2,2,2,2,0,1,1,1,1,2,2,2,2,0,1,1,1,1,1,0,0,1,1,1,1,1,1,1,1,1,1,2,1,1,1,1,2,1,1,1,1,1,1,1,1,1,1,1,1,1,1,1,1,1,1,0,1,1,1]",5d8139647018be8089447de3d3a433cafa703797d51a236cae1d1292d2b5cabb,ebad7b82a206b564d42a8e03be63d9411dbf362c5011235564ac72435733ee28,clone,C000002,3,1,trit_hypermutation,0.04387755102040816,"[21,33,133]",3,L-INIT-01,rejected,rejected,"[""FLOATING_IRON"",""SMALL_COPPER_ISLAND""]",,,1000200.0,,2026-08-07T00:08:46.880+02:00,2026-08-07T00:08:46.880+02:00,2026-08-07T00:08:46.888+02:00
20,C000020,clonalg_real_2gen_20260806_001,1,20,"[0,1,1,1,1,1,1,1,1,1,2,1,1,1,1,1,1,1,1,1,0,0,0,0,0,1,0,1,1,1,0,2,2,2,0,1,1,1,1,1,0,2,2,2,0,1,1,1,1,1,0,2,2,2,0,0,1,1,1,1,2,2,2,2,2,0,1,1,1,1,2,2,2,2,2,0,1,1,1,1,2,2,2,2,2,0,1,1,1,1,0,2,2,2,2,0,1,1,1,1,2,2,2,2,1,0,1,1,1,1,2,2,2,2,2,0,1,1,1,1,2,1,2,2,2,0,1,1,1,1,2,2,2,0,1,1,1,1,1,1,0,0,1,1,1,1,1,1,1,1,1,0,2,1,1,1,1,1,1,1,1,1,1,1,1,0,1,1,1,1,1,1,1,1,1,1,0,1,1,1]",f97faa8b1eac2a9019c0745f2ec3db264079c54dfd6efa45cd192ef075d8b4e8,c5d8afe8f4f3ca83feb0c58d97401e8417036a86a3d6e57a03497f5795f930e1,clone,C000002,3,2,trit_hypermutation,0.04387755102040816,"[26,121,134,151,157,165]",6,L-INIT-01,rejected,rejected,"[""FLOATING_IRON"",""SMALL_COPPER_ISLAND""]",,,1000200.0,,2026-08-07T00:08:46.970+02:00,2026-08-07T00:08:46.970+02:00,2026-08-07T00:08:46.977+02:00
21,C000021,clonalg_real_2gen_20260806_001,1,21,"[0,1,1,1,1,1,1,1,1,1,2,1,1,1,1,1,1,1,1,1,0,0,0,0,0,1,0,1,1,1,0,2,2,2,0,1,2,1,1,1,0,2,2,2,0,1,1,0,1,0,0,2,2,2,0,0,1,1,1,1,2,2,2,2,2,0,1,1,1,1,2,0,2,2,2,0,1,1,1,1,2,2,2,0,2,0,1,1,1,1,0,2,2,2,2,0,1,1,1,1,2,2,2,2,1,0,1,1,1,1,2,1,2,2,2,0,1,1,1,1,2,2,2,2,0,0,1,1,1,1,0,2,2,0,0,1,1,1,1,1,0,0,1,0,1,1,1,1,1,1,1,1,2,1,1,1,1,2,1,1,1,1,1,1,1,1,1,1,1,1,1,2,1,1,1,1,0,1,1,1]",1e08c84467fd321e5f123f559a2d4e7346c49cb2455491336007e54b5d65f4c0,9fb31ccab780805d6df89e41d14509822ba4239b08063443316a008a386ccb96,clone,C000002,3,3,trit_hypermutation,0.04387755102040816,"[26,36,47,49,71,83,111,124,130,143,171]",11,L-INIT-01,rejected,rejected,"[""FLOATING_IRON"",""SMALL_COPPER_ISLAND""]",,,1000400.0,,2026-08-07T00:08:47.067+02:00,2026-08-07T00:08:47.067+02:00,2026-08-07T00:08:47.074+02:00
22,C000022,clonalg_real_2gen_20260806_001,1,22,"[0,2,1,1,2,1,1,1,2,1,0,1,1,1,1,1,1,0,2,2,0,0,0,0,0,1,2,1,1,1,0,2,2,1,0,1,2,1,1,1,0,2,2,2,0,1,1,1,1,2,0,2,2,2,0,0,1,0,1,1,2,2,0,2,2,0,1,1,1,1,2,2,2,0,2,0,1,1,1,1,2,2,2,2,2,0,1,1,1,1,2,2,2,2,2,0,1,1,1,1,2,2,2,2,2,0,1,1,1,2,2,2,2,2,0,0,1,2,1,1,2,2,2,0,2,0,1,1,1,1,2,1,2,0,0,1,1,1,1,2,0,0,1,1,1,1,1,1,1,1,1,1,1,1,1,1,1,1,1,1,1,2,1,1,0,0,1,1,1,1,1,1,1,1,1,1,1,1,1,1]",6db153110f4c0f84173beb88cae552e2fb23687e2b8e40ab06b67791fda2b4fb,031643a4284295ad926bc4866913eb8c352cc2f5dbe1f55152d74e8cffd1d10d,clone,C000004,4,1,trit_hypermutation,0.061224489795918366,"[1,8,18,19,26,49,62,73,114,117,139,161,164,165]",14,L-INIT-03,rejected,rejected,"[""FLOATING_IRON"",""SMALL_COPPER_ISLAND""]",,,1000800.0,,2026-08-07T00:08:47.158+02:00,2026-08-07T00:08:47.158+02:00,2026-08-07T00:08:47.166+02:00
23,C000023,clonalg_real_2gen_20260806_001,1,23,"[0,1,1,1,2,0,1,1,1,1,0,1,1,1,2,1,1,0,1,1,0,0,0,0,0,1,1,1,1,0,0,2,2,1,0,1,2,1,1,1,0,2,2,2,0,1,1,1,1,1,0,2,2,0,0,0,1,0,1,1,2,2,2,2,2,0,1,1,1,1,2,2,2,2,2,0,1,1,1,1,2,2,2,0,2,1,1,1,1,1,2,2,2,2,2,0,1,1,1,1,2,2,2,2,2,0,1,1,1,2,2,2,2,1,2,1,1,1,1,1,2,2,0,0,2,0,1,1,1,1,2,1,2,0,0,1,1,1,1,1,0,0,1,1,1,1,1,1,1,1,1,1,1,1,1,1,1,1,1,1,1,1,1,1,1,1,1,1,1,2,1,1,1,1,1,1,1,1,1,1]",5bbe71621c9f827e2348cb49a0a9b22cfa8a0ab65d19fdea5821f10ae613c1b8,d18093b91f453682e6aa4696c9d7dfe9d08888744f0afbc279643d3a2c15b6aa,clone,C000004,4,2,trit_hypermutation,0.061224489795918366,"[5,14,29,53,83,85,113,115,122,169]",10,L-INIT-03,rejected,rejected,"[""FLOATING_IRON"",""SMALL_COPPER_ISLAND""]",,,1000750.0,,2026-08-07T00:08:47.247+02:00,2026-08-07T00:08:47.247+02:00,2026-08-07T00:08:47.254+02:00
24,C000024,clonalg_real_2gen_20260806_001,1,24,"[0,1,1,1,2,1,1,1,1,1,0,1,1,1,1,1,1,0,1,1,0,0,1,0,0,1,1,1,1,1,0,2,2,1,0,1,2,1,1,1,0,2,2,2,0,1,1,1,1,2,0,2,2,2,0,0,1,0,1,1,2,2,2,2,2,0,0,1,1,1,2,2,2,2,2,0,1,1,1,1,2,1,2,2,2,0,1,1,1,1,2,1,2,2,2,0,1,1,1,1,2,2,2,2,2,0,1,1,1,2,2,2,2,2,2,0,1,1,1,1,2,2,2,0,2,0,1,1,1,1,2,1,2,0,0,1,1,1,1,1,0,0,0,1,1,1,1,1,1,1,1,1,1,1,1,1,1,1,1,1,1,1,1,1,1,1,0,1,1,0,1,1,1,1,1,1,1,1,2,1]",b4e1812425cb61e287a5e196b7ff8434f95c059815c086d149bce68b3da5b613,f998e519afb995e7a970791f33e477e8a8fa69927bcaadc6f59bb68c88426cc4,clone,C000004,4,3,trit_hypermutation,0.061224489795918366,"[22,49,66,81,91,142,166,169,178]",9,L-INIT-03,rejected,rejected,"[""FLOATING_IRON"",""SMALL_COPPER_ISLAND""]",,,1000450.0,,2026-08-07T00:08:47.343+02:00,2026-08-07T00:08:47.343+02:00,2026-08-07T00:08:47.350+02:00
25,C000025,clonalg_real_2gen_20260806_001,1,25,"[0,1,1,1,1,1,1,1,1,1,1,1,1,1,1,1,1,1,1,1,1,0,0,0,0,1,2,1,1,1,2,2,0,2,0,1,1,0,1,1,0,2,2,2,0,1,0,1,2,1,0,2,2,2,0,0,1,1,1,1,2,2,2,2,2,0,1,2,1,1,2,2,2,2,2,0,1,1,1,1,2,0,2,2,2,0,1,1,1,1,2,2,2,2,2,0,2,1,1,1,2,0,2,0,1,0,1,1,1,0,2,2,2,2,2,0,1,1,0,1,2,2,2,2,2,0,2,1,1,1,0,2,2,0,0,1,1,1,2,1,0,0,1,1,0,1,1,1,2,1,1,1,1,1,1,1,1,1,1,1,1,1,0,1,2,1,1,1,1,1,1,1,1,1,1,1,2,1,1,1]",529b29afa3a420b77ee342bc714ca3470daa7b6f10ade56c269a41dd58cb9e3e,e6496cd270377054f67b382fac2feb652dc8d0f750b509676c4b1010a1b222e4,clone,C000005,5,1,trit_hypermutation,0.08551020408163265,"[20,26,30,32,48,96,103,118,130,138]",10,L-INIT-04,rejected,rejected,"[""FLOATING_IRON"",""SMALL_COPPER_ISLAND""]",,,1000500.0,,2026-08-07T00:08:47.430+02:00,2026-08-07T00:08:47.430+02:00,2026-08-07T00:08:47.437+02:00
26,C000026,clonalg_real_2gen_20260806_001,1,26,"[0,1,1,1,1,1,1,1,1,1,1,1,1,1,1,2,1,1,1,1,0,0,0,0,0,1,1,2,1,1,0,2,2,2,0,1,0,0,1,1,0,2,2,2,0,1,0,1,1,1,0,1,2,2,0,0,1,0,1,1,2,2,0,2,2,2,1,2,2,1,1,2,2,2,2,0,1,1,1,1,2,0,2,2,2,0,1,1,1,1,2,2,0,2,2,0,1,1,2,1,2,0,2,2,1,0,1,1,1,0,2,2,2,2,2,0,1,1,1,1,2,2,2,2,2,1,2,1,1,1,2,0,2,2,0,1,1,1,1,1,0,1,1,1,0,1,1,1,2,1,0,1,1,1,1,1,1,1,2,1,1,1,0,1,2,1,1,1,1,1,1,1,1,1,1,1,2,1,1,0]",acfbf0a4ae3b993c942bacc6d603fda6a14b94d48a37e6503cacd3e991081ec5,45884e6569e934b747b3ef474e03794d7ddb9eb5f479739cab65469b23337c9e,clone,C000005,5,2,trit_hypermutation,0.08551020408163265,"[15,27,36,51,57,62,65,68,70,92,98,125,131,133,141,150,158,179]",18,L-INIT-04,rejected,rejected,"[""FLOATING_IRON"",""SMALL_COPPER_ISLAND""]",,,1000650.0,,2026-08-07T00:08:47.518+02:00,2026-08-07T00:08:47.518+02:00,2026-08-07T00:08:47.524+02:00
27,C000027,clonalg_real_2gen_20260806_001,1,27,"[0,2,1,1,1,1,1,1,1,1,2,1,1,1,1,0,1,1,1,1,0,0,0,0,0,1,1,1,0,1,0,2,1,2,0,1,1,1,1,2,0,0,2,2,0,1,1,1,1,1,0,2,2,2,0,0,1,1,1,1,0,2,2,2,2,0,1,1,1,1,2,1,2,2,2,2,1,1,0,1,2,1,1,2,2,0,1,1,0,1,2,2,2,2,2,1,1,1,1,1,2,0,2,2,2,0,1,1,1,1,2,0,2,2,2,0,1,1,1,1,2,2,1,0,1,0,1,0,2,1,2,2,0,0,0,1,1,1,2,0,0,0,1,0,1,1,1,1,2,1,1,1,0,2,1,1,1,1,2,1,0,1,1,1,1,1,1,2,1,1,0,0,1,1,1,1,1,1,1,1]",cdef02898afcc2cf5e9aba032474ceb277382ded93e55bf7baff7388d30adc91,b39a42541a3bbdcd132eb59f549bda27bb42f638afd192a58d1788279da77cc5,clone,C000006,6,1,trit_hypermutation,0.11673469387755103,"[1,28,39,41,60,78,81,82,88,95,101,111,124,128,132,139,143,148,152,158,167,171]",22,L-INIT-05,rejected,rejected,"[""FLOATING_IRON"",""SMALL_COPPER_ISLAND""]",,,1000650.0,,2026-08-07T00:08:47.608+02:00,2026-08-07T00:08:47.608+02:00,2026-08-07T00:08:47.614+02:00
28,C000028,clonalg_real_2gen_20260806_001,1,28,"[0,1,1,1,1,2,1,1,1,2,2,1,1,1,1,0,1,1,1,1,1,0,0,0,1,1,2,1,1,1,0,2,1,2,0,2,1,1,2,1,1,2,1,2,0,1,1,1,1,1,0,2,2,1,0,0,1,1,1,1,2,2,2,2,2,0,1,1,1,1,2,1,1,2,1,2,1,1,1,0,2,1,2,2,2,0,1,1,2,1,2,2,2,2,2,0,1,1,1,1,1,0,2,2,2,0,1,0,1,1,2,2,2,2,2,0,2,1,1,1,2,2,1,0,2,0,2,0,0,1,2,0,2,0,0,1,1,1,2,1,2,0,1,1,1,1,1,1,1,1,1,1,1,1,1,1,1,1,1,1,0,1,1,1,1,1,1,1,1,1,0,1,1,1,1,1,1,1,1,1]",a00b9a32a8c31f6ce6ade8ad0424651282a63d40f7f381187d2bf47431b22438,0781be83f2a207d64417c1c98f1d2e6f6abd054260c361027559523a742ef369,clone,C000006,6,2,trit_hypermutation,0.11673469387755103,"[5,9,20,24,26,35,38,40,42,53,72,74,79,81,100,101,107,116,126,131,140,153]",22,L-INIT-05,rejected,rejected,"[""FLOATING_IRON"",""SMALL_COPPER_ISLAND""]",,,1001750.0,,2026-08-07T00:08:47.697+02:00,2026-08-07T00:08:47.697+02:00,2026-08-07T00:08:47.704+02:00
29,C000029,clonalg_real_2gen_20260806_001,1,29,"[0,1,1,2,2,0,2,1,1,1,0,1,1,1,1,1,1,1,1,1,0,0,0,1,0,1,0,1,1,1,2,2,0,2,1,1,1,1,1,1,0,1,2,2,0,1,2,1,1,2,0,2,1,0,0,0,1,1,1,1,2,2,1,2,0,1,1,1,0,1,2,2,1,2,2,0,1,1,1,1,2,2,1,2,1,0,1,1,2,1,2,0,2,2,2,1,1,1,1,1,2,2,2,2,2,1,1,0,1,1,2,2,2,2,0,2,1,1,0,2,2,2,2,2,1,0,1,0,1,1,2,2,0,1,0,1,1,1,1,1,0,0,0,1,1,0,1,1,1,2,1,1,0,1,1,1,1,1,1,1,0,0,1,1,1,1,1,2,1,1,0,1,0,1,2,1,1,1,1,1]",40a4bdd5fab36f5a990595c7e85fcd19c406b5cd4d936d914e20a793bca600f6,79bbece34f4c9ba339fa917495606aa7b398fccec21a1d7892a39e33e623dd21,clone,C000007,7,1,trit_hypermutation,0.15489795918367347,"[3,4,5,6,23,25,34,46,49,53,62,65,72,82,84,91,95,107,116,118,119,132,133,142,145,152,160,170]",28,L-INIT-06,rejected,rejected,"[""FLOATING_IRON"",""SMALL_COPPER_ISLAND""]",,,1001250.0,,2026-08-07T00:08:47.787+02:00,2026-08-07T00:08:47.787+02:00,2026-08-07T00:08:47.794+02:00
30,C000030,clonalg_real_2gen_20260806_001,1,30,"[0,0,1,1,2,1,1,1,0,1,0,1,2,1,1,1,2,1,1,0,0,0,0,2,0,1,0,1,0,2,0,0,2,2,0,2,1,1,1,1,0,2,2,2,1,1,1,1,1,0,0,2,0,2,2,0,1,2,1,1,0,2,2,2,2,0,0,1,1,1,1,0,2,2,2,0,1,1,0,1,2,2,0,2,2,1,1,1,1,2,2,2,2,2,0,0,1,1,1,1,2,2,2,2,2,1,1,1,1,1,2,2,2,2,1,0,1,1,1,1,2,2,2,0,2,0,0,1,1,1,0,1,1,2,1,1,1,1,1,1,0,0,0,1,1,1,1,2,2,1,0,2,1,1,1,1,2,2,1,1,2,0,1,1,1,0,0,0,0,0,1,1,0,1,0,1,1,0,1,0]",8206e37a99be0deddee7ff77d8d9015456eae63c5ddbe60638a88ece4ce53b8e,cc0f12c915effd9978cad53c4060eb7baa6fa22d90e8ee142df9ca4ada48cf29,clone,C000008,8,1,trit_hypermutation,0.2,"[8,12,19,23,26,28,31,35,45,49,52,57,60,70,71,82,89,94,95,114,123,130,133,134,148,150,151,156,157,161,165,166,167,168,169,171,172,174,179]",39,L-INIT-07,rejected,rejected,"[""FLOATING_IRON"",""SMALL_COPPER_ISLAND""]",,,1000850.0,,2026-08-07T00:08:47.873+02:00,2026-08-07T00:08:47.873+02:00,2026-08-07T00:08:47.881+02:00
31,C000031,clonalg_real_2gen_20260806_001,2,1,"[0,1,1,1,1,1,1,1,1,1,0,1,1,1,1,1,1,1,1,1,0,0,0,0,0,1,1,1,1,1,0,2,2,2,0,1,1,1,1,1,0,2,2,2,0,1,1,1,1,1,0,2,2,2,0,0,1,1,1,1,2,2,2,2,2,0,1,1,1,1,2,2,2,2,2,0,1,1,1,1,2,2,2,2,2,0,1,1,1,1,2,2,2,2,2,0,1,1,1,1,2,2,2,2,2,0,1,1,1,1,2,2,2,2,2,0,1,1,1,1,2,2,2,2,2,0,1,1,1,1,2,2,2,0,0,1,1,1,1,1,0,0,1,1,1,1,1,1,1,1,1,1,1,1,1,1,1,1,1,1,1,1,1,1,1,1,1,1,1,1,1,1,1,1,1,1,1,1,1,1]",00435b1e344f7280618f320a984a2ee6526a0debe44967d6f071d8662a6ceac3,16623498d2af3a714982c966d27cbd1c86b48f2626363ad866269fc43bc5bdb8,global_elite,C000001,1,,,,[],0,L-SEED,completed,duplicate,[],S000002,0.9893318341621269,0.1240243898712507,B6,2026-08-07T00:08:48.037+02:00,2026-08-07T00:08:48.045+02:00,2026-08-07T00:08:48.074+02:00
32,C000032,clonalg_real_2gen_20260806_001,2,2,"[0,1,1,1,2,1,1,1,1,1,2,1,1,1,1,0,1,2,1,1,2,0,0,0,1,1,1,0,1,1,1,2,2,2,0,1,1,1,2,1,0,0,0,2,0,1,1,1,1,1,2,1,2,2,0,2,1,0,1,1,2,2,2,2,2,0,2,1,1,1,2,2,2,2,2,2,1,0,1,1,2,2,2,2,0,0,1,1,1,1,2,2,0,2,2,0,1,1,1,1,2,0,2,2,2,0,1,1,1,1,2,2,1,2,2,0,2,1,1,2,0,1,2,2,2,0,1,1,1,1,0,2,1,0,0,2,1,0,2,1,0,0,1,1,1,1,1,1,1,2,1,2,1,1,2,2,2,1,1,1,1,1,1,1,1,1,0,1,2,1,1,1,2,1,1,1,1,1,1,0]",84804f774fd3071f8290246cb50710baf8bbee582fc1c05513f925673495a136,a387d1ad5bd0f2617e108691f1324d21ed9cacd1b001d8ff4a768737998a21cf,random_immigrant_best_mutation,C000001,,,trit_immigrant_mutation,0.25,"[4,10,15,17,20,24,27,30,38,41,42,50,51,55,57,66,75,77,84,92,101,112,116,119,120,121,130,132,135,137,138,149,151,154,155,156,166,168,172,179]",40,L-SEED,rejected,rejected,"[""FLOATING_IRON"",""SMALL_COPPER_ISLAND""]",,,1001150.0,,2026-08-07T00:08:48.128+02:00,2026-08-07T00:08:48.128+02:00,2026-08-07T00:08:48.134+02:00
33,C000033,clonalg_real_2gen_20260806_001,2,3,"[0,1,1,1,1,1,1,1,1,1,2,1,1,1,1,1,1,1,1,1,0,2,0,0,0,1,1,1,1,1,0,2,2,0,0,1,1,1,1,1,0,2,2,2,0,1,1,1,1,1,0,2,2,2,0,0,1,1,1,1,2,2,2,2,2,0,1,1,1,1,2,2,2,2,2,0,1,1,1,1,2,2,2,2,2,0,1,1,1,1,0,2,2,2,2,0,1,1,1,1,2,2,2,2,1,0,1,1,1,1,2,2,2,2,2,0,1,1,1,1,2,2,2,2,2,0,1,1,1,1,2,2,2,2,0,1,1,1,1,1,0,0,1,1,1,1,1,1,1,1,1,1,2,1,1,1,1,2,1,1,1,1,1,1,1,1,1,1,1,1,1,1,1,1,1,1,0,1,1,1]",5d8139647018be8089447de3d3a433cafa703797d51a236cae1d1292d2b5cabb,ebad7b82a206b564d42a8e03be63d9411dbf362c5011235564ac72435733ee28,selected_clone,C000019,3,1,,,[],0,L-INIT-01,rejected,rejected,"[""FLOATING_IRON"",""SMALL_COPPER_ISLAND""]",,,1000200.0,,2026-08-07T00:08:48.209+02:00,2026-08-07T00:08:48.209+02:00,2026-08-07T00:08:48.217+02:00
34,C000034,clonalg_real_2gen_20260806_001,2,4,"[0,1,1,1,2,1,1,1,1,1,0,1,1,1,1,1,1,0,1,1,0,0,0,0,0,1,1,1,1,1,0,2,2,1,0,1,2,1,1,1,0,2,2,2,0,1,1,1,1,1,0,2,2,2,0,0,1,0,1,1,2,2,2,2,2,0,1,1,1,1,2,2,2,2,2,0,1,1,1,1,2,2,2,2,2,0,1,1,1,1,2,2,2,2,2,0,1,1,1,1,2,2,2,2,2,0,1,1,1,2,2,2,2,2,2,0,1,1,1,1,2,2,2,0,2,0,1,1,1,1,2,1,2,0,0,1,1,1,1,1,0,0,1,1,1,1,1,1,1,1,1,1,1,1,1,1,1,1,1,1,1,1,1,1,1,1,1,1,1,1,1,1,1,1,1,1,1,1,1,1]",9850d770934a429d38b8b5be224342c3fcaad5571b5445d93e1174563ab85f92,908061c146c01712df872ed049dce49f11746b6343110654f564cca18b8f14a0,parent_survivor,C000004,4,,,,[],0,L-INIT-03,rejected,rejected,"[""FLOATING_IRON"",""SMALL_COPPER_ISLAND""]",,,1000250.0,,2026-08-07T00:08:48.290+02:00,2026-08-07T00:08:48.290+02:00,2026-08-07T00:08:48.298+02:00
35,C000035,clonalg_real_2gen_20260806_001,2,5,"[0,1,1,1,1,1,1,1,1,1,1,1,1,1,1,1,1,1,1,1,0,0,0,0,0,1,1,1,1,1,0,2,2,2,0,1,1,0,1,1,0,2,2,2,0,1,0,1,1,1,0,2,2,2,0,0,1,1,1,1,2,2,2,2,2,0,1,2,1,1,2,2,2,2,2,0,1,1,1,1,2,0,2,2,2,0,1,1,1,1,2,2,2,2,2,0,1,1,1,1,2,0,2,2,1,0,1,1,1,0,2,2,2,2,2,0,1,1,1,1,2,2,2,2,2,0,2,1,1,1,2,2,2,0,0,1,1,1,1,1,0,0,1,1,0,1,1,1,2,1,1,1,1,1,1,1,1,1,1,1,1,1,0,1,2,1,1,1,1,1,1,1,1,1,1,1,2,1,1,1]",f17c8d7e2c800ac6c395c4bf6add1f1a30d729244ba87b3a5d4421287f8577f0,b9a3971f93b37977c6dec2602bbc514698ce4532311bfe9b31624895b4513b0a,parent_survivor,C000005,5,,,,[],0,L-INIT-04,rejected,rejected,"[""FLOATING_IRON"",""SMALL_COPPER_ISLAND""]",,,1000300.0,,2026-08-07T00:08:48.386+02:00,2026-08-07T00:08:48.386+02:00,2026-08-07T00:08:48.392+02:00
36,C000036,clonalg_real_2gen_20260806_001,2,6,"[0,1,1,1,1,1,1,1,1,1,2,1,1,1,1,0,1,1,1,1,0,0,0,0,0,1,1,1,1,1,0,2,1,2,0,1,1,1,1,1,0,2,2,2,0,1,1,1,1,1,0,2,2,2,0,0,1,1,1,1,2,2,2,2,2,0,1,1,1,1,2,1,2,2,2,2,1,1,1,1,2,2,2,2,2,0,1,1,2,1,2,2,2,2,2,0,1,1,1,1,2,2,2,2,2,0,1,1,1,1,2,2,2,2,2,0,1,1,1,1,2,2,1,0,2,0,1,0,0,1,2,2,2,0,0,1,1,1,2,1,0,0,1,1,1,1,1,1,1,1,1,1,1,2,1,1,1,1,1,1,0,1,1,1,1,1,1,1,1,1,0,1,1,1,1,1,1,1,1,1]",0747cde69927f2008423ba6806b64b66d54f8828a86defa4279ef4d651cc41a0,9cfed47378c96bebdbaada77ba4d14324742aac3128500962ac3b81e636a87da,parent_survivor,C000006,6,,,,[],0,L-INIT-05,rejected,rejected,"[""FLOATING_IRON"",""SMALL_COPPER_ISLAND""]",,,1000350.0,,2026-08-07T00:08:48.468+02:00,2026-08-07T00:08:48.468+02:00,2026-08-07T00:08:48.475+02:00
37,C000037,clonalg_real_2gen_20260806_001,2,7,"[0,1,1,1,1,1,1,1,1,1,0,1,1,1,1,1,1,1,1,1,0,0,0,0,0,0,0,1,1,1,2,2,0,2,0,1,1,1,1,1,0,1,2,2,0,1,1,1,1,1,0,2,1,2,0,0,1,1,1,1,2,2,2,2,0,0,1,1,0,1,2,2,2,2,2,0,1,1,1,1,2,2,2,2,2,0,1,1,2,1,2,2,2,2,2,0,1,1,1,1,2,2,2,2,2,1,1,1,1,1,2,2,2,2,0,2,0,1,1,1,2,2,2,2,1,0,1,0,1,1,2,2,2,0,0,1,1,1,1,1,0,0,1,1,1,1,1,1,1,2,1,1,1,1,1,1,1,1,1,1,2,0,1,1,1,1,1,2,1,1,1,1,0,1,2,1,1,1,1,1]",aa9abdad86b792a239e4a588244c070a481495d2ba43be37459bdb54c9621a79,27f6352291d0d6846e9a2d6656bebfcdd98b1dca10ec1d2bf1c61a097b39239f,parent_survivor,C000007,7,,,,[],0,L-INIT-06,rejected,rejected,"[""FLOATING_IRON"",""SMALL_COPPER_ISLAND""]",,,1000550.0,,2026-08-07T00:08:48.551+02:00,2026-08-07T00:08:48.551+02:00,2026-08-07T00:08:48.557+02:00
38,C000038,clonalg_real_2gen_20260806_001,2,8,"[0,0,1,1,2,1,1,1,1,1,0,1,1,1,1,1,2,1,1,1,0,0,0,0,0,1,1,1,1,2,0,2,2,2,0,1,1,1,1,1,0,2,2,2,1,2,1,1,1,1,0,2,2,2,2,0,1,1,1,1,2,2,2,2,2,0,0,1,1,1,2,2,2,2,2,0,1,1,0,1,2,2,2,2,2,1,1,1,1,1,2,2,2,2,2,2,1,1,1,1,2,2,2,2,2,1,1,1,1,1,2,2,2,2,2,0,1,1,1,1,2,2,2,2,2,0,0,1,1,1,2,1,1,0,2,1,1,1,1,1,0,0,0,1,1,1,1,2,1,1,1,1,1,1,1,1,1,1,1,1,2,1,1,1,1,1,1,1,2,1,1,2,1,1,2,1,1,0,1,1]",e49327aeaf553ffcdf53bc790f55f50423878185228d4216240ded40bb122269,f475df11f1f76026ca9289f3d1c18763d99d85d273dbc9382ecae650cb0e3689,parent_survivor,C000008,8,,,,[],0,L-INIT-07,rejected,rejected,"[""FLOATING_IRON"",""SMALL_COPPER_ISLAND""]",,,1000600.0,,2026-08-07T00:08:48.633+02:00,2026-08-07T00:08:48.633+02:00,2026-08-07T00:08:48.639+02:00
39,C000039,clonalg_real_2gen_20260806_001,2,9,"[2,0,2,2,1,2,0,2,1,0,2,1,2,1,1,2,0,0,1,0,1,1,0,0,0,2,0,0,1,1,0,1,1,1,1,0,2,0,0,2,2,1,0,2,0,2,1,0,0,0,2,1,0,0,0,0,1,1,2,1,1,1,0,1,1,1,2,0,2,0,1,2,1,1,1,0,1,2,1,0,1,0,0,1,0,2,1,2,1,0,2,0,1,2,0,1,2,2,0,2,0,1,0,0,0,2,2,2,2,1,2,1,1,1,0,0,0,1,2,0,1,1,1,0,0,1,2,0,0,1,0,1,0,1,0,1,2,0,0,1,1,1,0,0,0,0,0,2,0,1,0,1,2,2,1,2,0,1,0,2,0,1,2,1,1,2,1,2,2,0,1,2,1,1,2,0,2,0,0,0]",dd48de01703cfc9cf254234dfc100ee11377177846c3aefa93f6b4c40d2e3396,a3bcef110ae268b8ec6d52cfb0da77dbb1188a1f74e9cc99d31d6321d0866b23,random_immigrant_full_random,,,,full_random,,"[0,1,2,3,5,6,7,8,9,10,12,13,16,17,19,20,21,23,25,26,27,28,31,32,33,34,35,36,37,38,39,40,41,42,43,44,47,48,50,51,52,53,54,55,57,58,60,61,62,63,64,66,67,68,69,70,72,73,74,76,77,79,80,81,82,83,85,86,87,89,91,92,94,95,97,98,99,101,102,103,104,105,106,107,108,110,111,112,113,114,116,117,118,119,120,122,124,125,126,128,130,131,132,133,134,136,137,138,139,140,143,144,145,147,148,150,151,152,153,155,156,157,158,159,160,162,165,166,168,169,170,171,172,174,175,176,177,178,179]",139,L-RANDOM-2-08,rejected,rejected,"[""FLOATING_IRON"",""SMALL_COPPER_ISLAND""]",,,1004850.0,,2026-08-07T00:08:48.717+02:00,2026-08-07T00:08:48.717+02:00,2026-08-07T00:08:48.723+02:00
40,C000040,clonalg_real_2gen_20260806_001,2,10,"[0,2,1,2,1,1,2,1,0,1,0,1,1,2,2,0,2,1,2,0,1,1,1,1,1,0,1,0,2,0,2,0,0,2,2,0,0,0,2,1,0,0,0,0,2,1,0,0,1,1,1,0,0,0,2,0,0,1,1,2,0,2,0,2,1,1,1,2,2,0,1,2,1,0,2,0,2,2,0,1,2,1,2,1,1,2,0,0,1,1,1,2,2,2,1,1,0,1,2,1,1,1,1,1,1,0,2,1,2,1,2,1,2,2,2,2,0,1,0,1,2,1,0,2,2,0,2,2,2,0,2,0,1,0,1,1,2,2,2,0,2,2,0,2,2,1,1,2,0,2,0,2,1,1,1,2,0,2,2,2,2,0,1,0,0,2,2,0,0,0,0,0,2,1,1,0,1,2,0,0]",9843787acfc75fa8f2cc50c7c9bf9dc3a784f78875c41de0eca6613e9967718d,819f3a90199174b86fad0359cb9d8a234bc54e56dd52a772b24da052543775c4,uncloned_parent,C000010,10,,,,[],0,L-RANDOM-1-09,rejected,rejected,"[""FLOATING_IRON"",""SMALL_COPPER_ISLAND""]",,,1004250.0,,2026-08-07T00:08:48.799+02:00,2026-08-07T00:08:48.799+02:00,2026-08-07T00:08:48.805+02:00
