setting,group,step,role,source,n,target,mae,rmse,r2,bias,absolute_error_p95
无SP,G-S,15500,old_validation,all,6483,tavg,0.00976933825076702,0.014030741493801463,0.9984328867183002,-0.002907057796274091,0.024736618995666503
无SP,G-S,15500,old_validation,all,6483,delta_t,0.027131448386513705,0.036349565843788824,0.96475123968991,0.0018338915779462627,0.07182251960039136
无SP,G-S,15500,dev_common,all,200,tavg,0.01671684609975646,0.02209316151122427,0.9996102764044525,-0.0033760823325584633,0.045934793314564765
无SP,G-S,15500,dev_common,all,200,delta_t,0.050905131138498164,0.06312766948892316,0.9813209305940054,-0.0012875326812982492,0.12632475358612297
无SP,G-S,15500,dev_common,U,50,tavg,0.01588211371145737,0.02095410482928761,0.9997090331002011,-0.005318264890245328,0.04905517496761624
无SP,G-S,15500,dev_common,U,50,delta_t,0.051763924633022436,0.06475922249223287,0.96984119269614,-0.002448769745732883,0.11446290288254922
无SP,G-S,15500,dev_common,L,50,tavg,0.016210567647215915,0.020812453013950776,0.999670402221901,-0.00387622775333222,0.039041225782464925
无SP,G-S,15500,dev_common,L,50,delta_t,0.05164833726154622,0.06471353503472674,0.9781915402871542,-0.006066475567242359,0.1359306049393264
无SP,G-S,15500,dev_common,B,50,tavg,0.022699438500921064,0.02897175847076725,0.9993574951150059,-0.00252961528353571,0.05390840089038545
无SP,G-S,15500,dev_common,B,50,delta_t,0.06096167398799773,0.07383290431501709,0.9840337698458468,0.013494780304451996,0.13470446840086928
无SP,G-S,15500,dev_common,P,50,tavg,0.01207526453943149,0.015518880233477177,0.997735906898991,-0.0017802214031205966,0.02929734541581041
无SP,G-S,15500,dev_common,P,50,delta_t,0.03924658867142625,0.04590767197681767,0.9672693507232898,-0.01012966571666975,0.08075472382799112
无SP,F-S,9500,old_validation,all,6483,tavg,0.009439991209291114,0.014043726751632945,0.9984299846925514,0.0023969121319854514,0.025008511543273923
无SP,F-S,9500,old_validation,all,6483,delta_t,0.02777847502574258,0.037277021131519913,0.9629295556981524,0.0023485711923254948,0.07412076592445373
无SP,F-S,9500,dev_common,all,200,tavg,0.015647212759671743,0.02014086924965606,0.9996761101145147,0.006187192647032907,0.04079543923551647
无SP,F-S,9500,dev_common,all,200,delta_t,0.04347657452857859,0.055486974196481395,0.9855689541056322,-0.005661704474759096,0.11701096821762753
无SP,F-S,9500,dev_common,U,50,tavg,0.01482749812115098,0.01957653231685026,0.9997460332311928,0.005625302862592807,0.03876806527558214
无SP,F-S,9500,dev_common,U,50,delta_t,0.050719471123157715,0.06417406520533328,0.9703837537114902,-0.017815632460023503,0.11824188517213997
无SP,F-S,9500,dev_common,L,50,tavg,0.016303199767628413,0.019577008987332868,0.9997083711972122,0.00644937096340362,0.03482375324938764
无SP,F-S,9500,dev_common,L,50,delta_t,0.044484072656660836,0.05832204972508256,0.9822866663710716,-0.0038832584589926942,0.11960551257792171
无SP,F-S,9500,dev_common,B,50,tavg,0.017389739529566968,0.023398111407772863,0.999580928302679,0.008976834892703303,0.0498670363220334
无SP,F-S,9500,dev_common,B,50,delta_t,0.0401555169340535,0.051998708026298655,0.992080685561381,0.007335345389863066,0.09360498263998218
无SP,F-S,9500,dev_common,P,50,tavg,0.014068413620340609,0.017568350538215552,0.9970984136808103,0.0036972618694318935,0.03587901899504698
无SP,F-S,9500,dev_common,P,50,delta_t,0.03854723740044228,0.04573378900120068,0.9675168267579359,-0.008283272369883252,0.08237478132415738
α=0.95,G-S,15500,old_validation,all,6483,tavg,0.009693792788275925,0.013975747540512914,0.9984451473473678,-0.0028314420181385037,0.024531412124633778
α=0.95,G-S,15500,old_validation,all,6483,delta_t,0.027285279706982427,0.03656772525313432,0.9643268646165796,0.0017359120115929688,0.07257905080914495
α=0.95,G-S,15500,dev_common,all,200,tavg,0.016495421335235932,0.021850292030805678,0.9996187977483945,-0.002740442307419608,0.04699469916482157
α=0.95,G-S,15500,dev_common,all,200,delta_t,0.0505743657459357,0.0623734401615005,0.981764607377632,-0.0017890441507816249,0.12514124694358186
α=0.95,G-S,15500,dev_common,U,50,tavg,0.015309760684695443,0.020431986425063647,0.9997233526305819,-0.004492020535997281,0.04797448315319364
α=0.95,G-S,15500,dev_common,U,50,delta_t,0.051788200137068904,0.06456163405142602,0.9700249484797766,-0.004292891261483768,0.11407080713793939
α=0.95,G-S,15500,dev_common,L,50,tavg,0.016144344502684666,0.020629367652511263,0.9996761756024319,-0.0033410924841671807,0.0419723934750897
α=0.95,G-S,15500,dev_common,L,50,delta_t,0.05127715524732093,0.06409669379336361,0.9786053098106013,-0.006162916180512164,0.13455836296544946
α=0.95,G-S,15500,dev_common,B,50,tavg,0.022851175237218673,0.028980276558834665,0.9993571172492471,-0.0012206090693938642,0.05275786435321504
α=0.95,G-S,15500,dev_common,B,50,delta_t,0.06037353384053198,0.07228226539383664,0.984697373040618,0.013495253863354737,0.1317242299410755
α=0.95,G-S,15500,dev_common,P,50,tavg,0.01167640491634494,0.015061465363069947,0.9978674070304061,-0.0019080471401201082,0.02910131766007311
α=0.95,G-S,15500,dev_common,P,50,delta_t,0.038858573758820965,0.04539237285299849,0.9680000092816219,-0.010195623024485304,0.07878584152099309
α=0.95,F-S,12500,old_validation,all,6483,tavg,0.009594962366308012,0.013990679270408559,0.9984418231542064,-0.001668183998103203,0.02473690509796142
α=0.95,F-S,12500,old_validation,all,6483,delta_t,0.027922303837752904,0.03737244790456419,0.9627395168661814,0.00040855922796706733,0.07440286204218863
α=0.95,F-S,12500,dev_common,all,200,tavg,0.015920988533525117,0.020229825818318756,0.9996732427347574,0.0016116963310767905,0.03814722812612876
α=0.95,F-S,12500,dev_common,all,200,delta_t,0.0432347718613253,0.055059657628865444,0.9857903711090193,-0.008616843679618829,0.11302594656917854
α=0.95,F-S,12500,dev_common,U,50,tavg,0.015966771204439,0.02072460866800754,0.9997153717256928,0.0031203604454480317,0.03537102112403816
α=0.95,F-S,12500,dev_common,U,50,delta_t,0.05119908076183816,0.0642513577286964,0.970312369954567,-0.016588088211919406,0.11585157991885595
α=0.95,F-S,12500,dev_common,L,50,tavg,0.017753412728366502,0.02131095957148368,0.9996544238635129,0.00033873377544585637,0.03793236890649208
α=0.95,F-S,12500,dev_common,L,50,delta_t,0.04447468338546771,0.05852851776507596,0.9821610291256836,-0.00902383958997414,0.1227645752445155
α=0.95,F-S,12500,dev_common,B,50,tavg,0.017087752597238652,0.02230732628450938,0.9996190905375849,0.003706444382144222,0.04702862284784732
α=0.95,F-S,12500,dev_common,B,50,delta_t,0.04005527485269946,0.05048624438477301,0.9925346768587474,0.0018981956863604122,0.0999206724751249
α=0.95,F-S,12500,dev_common,P,50,tavg,0.012876017604056317,0.01599062857723349,0.997596165355567,-0.0007187532787309481,0.03375579630441887
α=0.95,F-S,12500,dev_common,P,50,delta_t,0.03721004844529586,0.04498420121547978,0.9685729145011507,-0.010753642602942181,0.07806989871032798
α=0.80,G-S,13500,old_validation,all,6483,tavg,0.009152325439394284,0.013798380830937849,0.9984843622998268,0.0007661672059941324,0.024269509315490715
α=0.80,G-S,13500,old_validation,all,6483,delta_t,0.027322368003047583,0.03669406241912253,0.9640799458870453,0.00046065540447861035,0.07360874712467193
α=0.80,G-S,13500,dev_common,all,200,tavg,0.018936567717141937,0.024584435679747885,0.9995174287402439,0.008935935346656014,0.05348863748599033
α=0.80,G-S,13500,dev_common,all,200,delta_t,0.05033358177589332,0.06190336179631751,0.9820384342432871,-0.005293318191242211,0.12349234933683524
α=0.80,G-S,13500,dev_common,U,50,tavg,0.017548334908850452,0.023563954293707733,0.9996320390719358,0.012742621969648472,0.04871329182608962
α=0.80,G-S,13500,dev_common,U,50,delta_t,0.0526573029363283,0.06516758266779421,0.9694596412957064,-0.009053140518571477,0.12524940792605585
α=0.80,G-S,13500,dev_common,L,50,tavg,0.020292808484536594,0.023937643140692376,0.999563985922841,0.008097537143060602,0.04477530559292666
α=0.80,G-S,13500,dev_common,L,50,delta_t,0.049135602347484764,0.06119846820949973,0.9804963520637524,-0.007668882367035602,0.11982148450441019
α=0.80,G-S,13500,dev_common,B,50,tavg,0.02658669115991124,0.0331531672988942,0.999158649857837,0.013040965675784357,0.06611740389074754
α=0.80,G-S,13500,dev_common,B,50,delta_t,0.06294954263392262,0.07400213045212196,0.9839604962863121,0.00550000304224115,0.13440005056373
α=0.80,G-S,13500,dev_common,P,50,tavg,0.011318436315269475,0.013790384611427337,0.9982121697721169,0.0018626165981306241,0.026913576857308216
α=0.80,G-S,13500,dev_common,P,50,delta_t,0.036591879185837554,0.04312450757211388,0.9711176598206187,-0.009951252921602918,0.07375915075200101
α=0.80,F-S,9500,old_validation,all,6483,tavg,0.00939607699307582,0.014025738544205005,0.9984340040920289,0.002721184053557827,0.024860334396362295
α=0.80,F-S,9500,old_validation,all,6483,delta_t,0.027706078863793938,0.037120676585260366,0.9632398598769237,0.0024817880124115713,0.07405488938093183
α=0.80,F-S,9500,dev_common,all,200,tavg,0.014806844991572844,0.01885986828791405,0.9997160000415128,0.005218990294509103,0.03819141244437524
α=0.80,F-S,9500,dev_common,all,200,delta_t,0.04144767061246994,0.05339699995380805,0.9866356008698313,-0.004403484547209734,0.10733575991778785
α=0.80,F-S,9500,dev_common,U,50,tavg,0.01434328209555649,0.01899776046558076,0.9997608280869592,0.006001823019453159,0.038248021513519276
α=0.80,F-S,9500,dev_common,U,50,delta_t,0.05095048721451712,0.06354535488090016,0.9709612091032392,-0.017891479668523412,0.11180827884718254
α=0.80,F-S,9500,dev_common,L,50,tavg,0.015529615028429502,0.018717627078241303,0.9997334127864929,0.005736423117944636,0.03320890226856231
α=0.80,F-S,9500,dev_common,L,50,delta_t,0.04010844404617748,0.05466604298552259,0.9844378347740267,-0.0022007799715010865,0.12069102368301754
α=0.80,F-S,9500,dev_common,B,50,tavg,0.016797496979698935,0.021342463516406982,0.9996513290079182,0.005803991436434993,0.044757330361794787
α=0.80,F-S,9500,dev_common,B,50,delta_t,0.03772082161234687,0.049590871160200035,0.9927971237079617,0.009544922354241423,0.0892542635235449
α=0.80,F-S,9500,dev_common,P,50,tavg,0.012556985862606456,0.016000416002498356,0.9975932218124736,0.0033337236042036223,0.030390186513598698
α=0.80,F-S,9500,dev_common,P,50,delta_t,0.0370109295768383,0.04380999350839716,0.9701921632881872,-0.007066600903055859,0.07380042902715382
α=0.50,G-S,15000,old_validation,all,6483,tavg,0.008669330568826992,0.01328413271404784,0.9985952289241183,-0.00048158756472640394,0.02286443710327148
α=0.50,G-S,15000,old_validation,all,6483,delta_t,0.027262174602659436,0.036491530526036355,0.9644753711475472,-0.0006281866624631871,0.07314935326576233
α=0.50,G-S,15000,dev_common,all,200,tavg,0.015048724497864414,0.019430412838651483,0.9996985571257903,-0.0008758135156105265,0.039906399787102004
α=0.50,G-S,15000,dev_common,all,200,delta_t,0.04980155387988077,0.0634811068735883,0.9811111853997151,-0.007400594884228701,0.1289832439887808
α=0.50,G-S,15000,dev_common,U,50,tavg,0.014125976588134335,0.018246876516372038,0.9997793609249316,-0.001957456994584927,0.03761718583408711
α=0.50,G-S,15000,dev_common,U,50,delta_t,0.05035653713052068,0.06408919203378508,0.9704620396218897,-0.012121075627709966,0.12345838813825923
α=0.50,G-S,15000,dev_common,L,50,tavg,0.015409071485784938,0.019078902553529502,0.9997230224851897,-0.0015778726507931573,0.03435503434726812
α=0.50,G-S,15000,dev_common,L,50,delta_t,0.04672529228259758,0.060851011112889535,0.9807171890757045,-0.0068184602827040895,0.13015319536813413
α=0.50,G-S,15000,dev_common,B,50,tavg,0.020140235059667947,0.02533111878278975,0.9995088258922585,9.823667950750292e-05,0.046322853620598625
α=0.50,G-S,15000,dev_common,B,50,delta_t,0.06549712245195122,0.07978481971959954,0.9813558316046942,0.0057769792700014646,0.14326524564528542
α=0.50,G-S,15000,dev_common,P,50,tavg,0.010519614857870434,0.013097525273238526,0.9983873058570042,-6.616109657152425e-05,0.025007655360578893
α=0.50,G-S,15000,dev_common,P,50,delta_t,0.036627263654453616,0.04408532831782441,0.9698163163969773,-0.01643982289650221,0.07189818254156356
α=0.50,F-S,0,old_validation,all,6483,tavg,0.009255197631821815,0.013808864958956212,0.9984820582358058,0.0015571892270699118,0.024638414382934567
α=0.50,F-S,0,old_validation,all,6483,delta_t,0.02634946923727664,0.03555154321641548,0.9662819612049146,0.002546610359804104,0.07118640542030334
α=0.50,F-S,0,dev_common,all,200,tavg,0.07648475372002426,0.11730248337466528,0.9890136007151216,0.05417822584348219,0.2774223518555462
α=0.50,F-S,0,dev_common,all,200,delta_t,0.08121747325806541,0.10638990668290359,0.9469461898984404,-0.030325190508437152,0.2387194217979103
α=0.50,F-S,0,dev_common,U,50,tavg,0.09603183176525118,0.133527353153575,0.9881846703572856,0.08170897014088262,0.2701811272164674
α=0.50,F-S,0,dev_common,U,50,delta_t,0.09020090694379093,0.11402704512788878,0.9064967619099116,0.005974380138014218,0.22265094792843848
α=0.50,F-S,0,dev_common,L,50,tavg,0.06753448211070452,0.09935549624800334,0.9924885889575079,0.03473387537700836,0.23139135618094958
α=0.50,F-S,0,dev_common,L,50,delta_t,0.08410945170847435,0.10319540490466513,0.9445431160146516,-0.04692991560401604,0.20179361676533042
α=0.50,F-S,0,dev_common,B,50,tavg,0.12832648975103045,0.16437224605732412,0.9793184206195192,0.10022380220837715,0.3182273648140767
α=0.50,F-S,0,dev_common,B,50,delta_t,0.10935919876150456,0.13854474998467428,0.9437810633003226,-0.06595343625305075,0.2727046268970067
α=0.50,F-S,0,dev_common,P,50,tavg,0.014046211253110914,0.017893755185495772,0.9969899306550932,4.6255647660653484e-05,0.03299252389614864
α=0.50,F-S,0,dev_common,P,50,delta_t,0.04120033561849185,0.04928633292948936,0.9622743185267238,-0.014391790314696028,0.09182935981736923
